Rndrng_Prvdr_CCN,Rndrng_Prvdr_Org_Name,Rndrng_Prvdr_City,Rndrng_Prvdr_St,Rndrng_Prvdr_State_FIPS,Rndrng_Prvdr_Zip5,Rndrng_Prvdr_State_Abrvtn,Rndrng_Prvdr_RUCA,Rndrng_Prvdr_RUCA_Desc,DRG_Cd,DRG_Desc,Tot_Dschrgs,Avg_Submtd_Cvrd_Chrg,Avg_Tot_Pymt_Amt,Avg_Mdcr_Pymt_Amt
010001,Southeast Health Medical Center,Dothan,1108 Ross Clark Circle,1,36301,AL,1.0,"Metropolitan area core: primary flow within an urbanized area of 50,000 and greater",267,ENDOVASCULAR CARDIAC VALVE REPLACEMENT AND SUPPLEMENT PROCEDURES WITHOUT MCC,18,136810.55556,35440.611111,33930.444444
010011,St Vincent's East,Birmingham,50 Medical Park East Drive,1,35235,AL,1.0,"Metropolitan area core: primary flow within an urbanized area of 50,000 and greater",266,ENDOVASCULAR CARDIAC VALVE REPLACEMENT AND SUPPLEMENT PROCEDURES WITH MCC,11,168166.27273,42485.545455,41254.090909
010011,St Vincent's East,Birmingham,50 Medical Park East Drive,1,35235,AL,1.0,"Metropolitan area core: primary flow within an urbanized area of 50,000 and greater",267,ENDOVASCULAR CARDIAC VALVE REPLACEMENT AND SUPPLEMENT PROCEDURES WITHOUT MCC,15,159246.8,34526.133333,33192.066667
010016,Shelby Baptist Medical Center,Alabaster,1000 First Street North,1,35007,AL,1.0,"Metropolitan area core: primary flow within an urbanized area of 50,000 and greater",266,ENDOVASCULAR CARDIAC VALVE REPLACEMENT AND SUPPLEMENT PROCEDURES WITH MCC,28,166758.5,41006.357143,39621.714286
010033,University Of Alabama Hospital,Birmingham,619 South 19th Street,1,35233,AL,1.0,"Metropolitan area core: primary flow within an urbanized area of 50,000 and greater",266,ENDOVASCULAR CARDIAC VALVE REPLACEMENT AND SUPPLEMENT PROCEDURES WITH MCC,18,145511.0,51561.111111,49290.833333
010033,University Of Alabama Hospital,Birmingham,619 South 19th Street,1,35233,AL,1.0,"Metropolitan area core: primary flow within an urbanized area of 50,000 and greater",267,ENDOVASCULAR CARDIAC VALVE REPLACEMENT AND SUPPLEMENT PROCEDURES WITHOUT MCC,199,140622.49246,40465.934673,37883.909548
010039,Huntsville Hospital,Huntsville,101 Sivley Rd,1,35801,AL,1.0,"Metropolitan area core: primary flow within an urbanized area of 50,000 and greater",266,ENDOVASCULAR CARDIAC VALVE REPLACEMENT AND SUPPLEMENT PROCEDURES WITH MCC,44,260021.15909,43503.386364,42464.681818
010039,Huntsville Hospital,Huntsville,101 Sivley Rd,1,35801,AL,1.0,"Metropolitan area core: primary flow within an urbanized area of 50,000 and greater",267,ENDOVASCULAR CARDIAC VALVE REPLACEMENT AND SUPPLEMENT PROCEDURES WITHOUT MCC,137,230189.0292,36170.277372,33171.248175
010090,Providence Hospital,Mobile,6801 Airport Boulevard,1,36608,AL,1.0,"Metropolitan area core: primary flow within an urbanized area of 50,000 and greater",266,ENDOVASCULAR CARDIAC VALVE REPLACEMENT AND SUPPLEMENT PROCEDURES WITH MCC,11,158141.81818,41417.909091,40223.545455
010100,Thomas Hospital,Fairhope,750 Morphy Avenue,1,36532,AL,1.1,"Secondary flow 30% to <50% to a larger urbanized area of 50,000 and greater",266,ENDOVASCULAR CARDIAC VALVE REPLACEMENT AND SUPPLEMENT PROCEDURES WITH MCC,44,122626.65909,43291.636364,40548.318182
010103,Princeton Baptist Medical Center,Birmingham,701 Princeton Avenue Southwest,1,35211,AL,1.0,"Metropolitan area core: primary flow within an urbanized area of 50,000 and greater",267,ENDOVASCULAR CARDIAC VALVE REPLACEMENT AND SUPPLEMENT PROCEDURES WITHOUT MCC,13,217830.53846,37578.923077,35781.923077
010104,Grandview Medical Center,Birmingham,3690 Grandview Parkway,1,35243,AL,1.0,"Metropolitan area core: primary flow within an urbanized area of 50,000 and greater",266,ENDOVASCULAR CARDIAC VALVE REPLACEMENT AND SUPPLEMENT PROCEDURES WITH MCC,42,460798.66667,42544.238095,41367.309524
010104,Grandview Medical Center,Birmingham,3690 Grandview Parkway,1,35243,AL,1.0,"Metropolitan area core: primary flow within an urbanized area of 50,000 and greater",267,ENDOVASCULAR CARDIAC VALVE REPLACEMENT AND SUPPLEMENT PROCEDURES WITHOUT MCC,12,405257.91667,34386.416667,30210.416667
010113,Mobile Infirmary Medical Center,Mobile,5 Mobile Infirmary Circle,1,36607,AL,1.0,"Metropolitan area core: primary flow within an urbanized area of 50,000 and greater",266,ENDOVASCULAR CARDIAC VALVE REPLACEMENT AND SUPPLEMENT PROCEDURES WITH MCC,20,110066.3,40196.65,38203.75
010113,Mobile Infirmary Medical Center,Mobile,5 Mobile Infirmary Circle,1,36607,AL,1.0,"Metropolitan area core: primary flow within an urbanized area of 50,000 and greater",267,ENDOVASCULAR CARDIAC VALVE REPLACEMENT AND SUPPLEMENT PROCEDURES WITHOUT MCC,33,85575.909091,32427.242424,30661.212121
010139,Brookwood Baptist Medical Center,Birmingham,2010 Brookwood Medical Center Drive,1,35209,AL,1.0,"Metropolitan area core: primary flow within an urbanized area of 50,000 and greater",267,ENDOVASCULAR CARDIAC VALVE REPLACEMENT AND SUPPLEMENT PROCEDURES WITHOUT MCC,35,581400.28571,34763.0,33605.942857
010144,Springhill Memorial Hospital,Mobile,3719 Dauphin Street,1,36608,AL,1.0,"Metropolitan area core: primary flow within an urbanized area of 50,000 and greater",266,ENDOVASCULAR CARDIAC VALVE REPLACEMENT AND SUPPLEMENT PROCEDURES WITH MCC,116,122403.12069,40649.681034,39787.413793
020001,Providence Alaska Medical Center,Anchorage,3200 Providence Drive,2,99508,AK,1.0,"Metropolitan area core: primary flow within an urbanized area of 50,000 and greater",266,ENDOVASCULAR CARDIAC VALVE REPLACEMENT AND SUPPLEMENT PROCEDURES WITH MCC,58,221709.55172,64342.12069,58351.793103
020001,Providence Alaska Medical Center,Anchorage,3200 Providence Drive,2,99508,AK,1.0,"Metropolitan area core: primary flow within an urbanized area of 50,000 and greater",267,ENDOVASCULAR CARDIAC VALVE REPLACEMENT AND SUPPLEMENT PROCEDURES WITHOUT MCC,95,144162.21053,49196.263158,46691.894737
020017,Alaska Regional Hospital,Anchorage,2801 Debarr Road,2,99508,AK,1.0,"Metropolitan area core: primary flow within an urbanized area of 50,000 and greater",266,ENDOVASCULAR CARDIAC VALVE REPLACEMENT AND SUPPLEMENT PROCEDURES WITH MCC,15,326473.93333,58303.066667,56954.533333
030002,Banner - University Medical Center Phoenix,Phoenix,1111 East Mcdowell Road,4,85006,AZ,1.0,"Metropolitan area core: primary flow within an urbanized area of 50,000 and greater",266,ENDOVASCULAR CARDIAC VALVE REPLACEMENT AND SUPPLEMENT PROCEDURES WITH MCC,53,262785.71698,59602.641509,54794.641509
030002,Banner - University Medical Center Phoenix,Phoenix,1111 East Mcdowell Road,4,85006,AZ,1.0,"Metropolitan area core: primary flow within an urbanized area of 50,000 and greater",267,ENDOVASCULAR CARDIAC VALVE REPLACEMENT AND SUPPLEMENT PROCEDURES WITHOUT MCC,27,197224.74074,43675.37037,42580.407407
030006,Tucson Medical Center,Tucson,5301 East Grant Road,4,85712,AZ,1.0,"Metropolitan area core: primary flow within an urbanized area of 50,000 and greater",266,ENDOVASCULAR CARDIAC VALVE REPLACEMENT AND SUPPLEMENT PROCEDURES WITH MCC,44,178505.29545,52286.704545,47541.113636
030006,Tucson Medical Center,Tucson,5301 East Grant Road,4,85712,AZ,1.0,"Metropolitan area core: primary flow within an urbanized area of 50,000 and greater",267,ENDOVASCULAR CARDIAC VALVE REPLACEMENT AND SUPPLEMENT PROCEDURES WITHOUT MCC,97,155210.25773,39752.041237,38483.505155
030010,St. Mary's Hospital,Tucson,1601 West St Mary's Road,4,85745,AZ,1.0,"Metropolitan area core: primary flow within an urbanized area of 50,000 and greater",266,ENDOVASCULAR CARDIAC VALVE REPLACEMENT AND SUPPLEMENT PROCEDURES WITH MCC,16,439863.4375,46790.125,45817.625
030010,St. Mary's Hospital,Tucson,1601 West St Mary's Road,4,85745,AZ,1.0,"Metropolitan area core: primary flow within an urbanized area of 50,000 and greater",267,ENDOVASCULAR CARDIAC VALVE REPLACEMENT AND SUPPLEMENT PROCEDURES WITHOUT MCC,22,358475.22727,37341.636364,36210.0
030012,Yavapai Regional Medical Center,Prescott,1003 Willow Creek Road,4,86301,AZ,1.0,"Metropolitan area core: primary flow within an urbanized area of 50,000 and greater",266,ENDOVASCULAR CARDIAC VALVE REPLACEMENT AND SUPPLEMENT PROCEDURES WITH MCC,16,248821.1875,58255.3125,57370.8125
030012,Yavapai Regional Medical Center,Prescott,1003 Willow Creek Road,4,86301,AZ,1.0,"Metropolitan area core: primary flow within an urbanized area of 50,000 and greater",267,ENDOVASCULAR CARDIAC VALVE REPLACEMENT AND SUPPLEMENT PROCEDURES WITHOUT MCC,47,196856.78723,44047.531915,42818.0
030013,Yuma Regional Medical Center,Yuma,2400 South Avenue A,4,85364,AZ,1.0,"Metropolitan area core: primary flow within an urbanized area of 50,000 and greater",267,ENDOVASCULAR CARDIAC VALVE REPLACEMENT AND SUPPLEMENT PROCEDURES WITHOUT MCC,48,151438.85417,44258.791667,42989.625
030024,St. Joseph's Hospital And Medical Center,Phoenix,350 West Thomas Road,4,85013,AZ,1.0,"Metropolitan area core: primary flow within an urbanized area of 50,000 and greater",266,ENDOVASCULAR CARDIAC VALVE REPLACEMENT AND SUPPLEMENT PROCEDURES WITH MCC,22,288556.63636,64133.272727,58716.863636
030024,St. Joseph's Hospital And Medical Center,Phoenix,350 West Thomas Road,4,85013,AZ,1.0,"Metropolitan area core: primary flow within an urbanized area of 50,000 and greater",267,ENDOVASCULAR CARDIAC VALVE REPLACEMENT AND SUPPLEMENT PROCEDURES WITHOUT MCC,58,214430.67241,47108.068966,44634.103448
030036,Chandler Regional Medical Center,Chandler,1955 West Frye Road,4,85224,AZ,1.0,"Metropolitan area core: primary flow within an urbanized area of 50,000 and greater",266,ENDOVASCULAR CARDIAC VALVE REPLACEMENT AND SUPPLEMENT PROCEDURES WITH MCC,18,385110.77778,57113.777778,47198.944444
030036,Chandler Regional Medical Center,Chandler,1955 West Frye Road,4,85224,AZ,1.0,"Metropolitan area core: primary flow within an urbanized area of 50,000 and greater",267,ENDOVASCULAR CARDIAC VALVE REPLACEMENT AND SUPPLEMENT PROCEDURES WITHOUT MCC,62,352858.35484,40748.403226,37315.629032
030061,Banner Boswell Medical Center,Sun City,10401 West Thunderbird Boulevard,4,85351,AZ,1.0,"Metropolitan area core: primary flow within an urbanized area of 50,000 and greater",266,ENDOVASCULAR CARDIAC VALVE REPLACEMENT AND SUPPLEMENT PROCEDURES WITH MCC,18,246451.27778,46626.388889,45908.388889
030061,Banner Boswell Medical Center,Sun City,10401 West Thunderbird Boulevard,4,85351,AZ,1.0,"Metropolitan area core: primary flow within an urbanized area of 50,000 and greater",267,ENDOVASCULAR CARDIAC VALVE REPLACEMENT AND SUPPLEMENT PROCEDURES WITHOUT MCC,64,199399.53125,36574.6875,35159.609375
030064,Banner - University Medical Center Tucson Campus,Tucson,1625 North Campbell Avenue,4,85719,AZ,1.0,"Metropolitan area core: primary flow within an urbanized area of 50,000 and greater",266,ENDOVASCULAR CARDIAC VALVE REPLACEMENT AND SUPPLEMENT PROCEDURES WITH MCC,44,233832.22727,63341.863636,59931.659091
030065,Banner Desert Medical Center,Mesa,1400 South  Dobson Road,4,85202,AZ,1.0,"Metropolitan area core: primary flow within an urbanized area of 50,000 and greater",266,ENDOVASCULAR CARDIAC VALVE REPLACEMENT AND SUPPLEMENT PROCEDURES WITH MCC,12,312030.58333,50239.0,49590.75
030065,Banner Desert Medical Center,Mesa,1400 South  Dobson Road,4,85202,AZ,1.0,"Metropolitan area core: primary flow within an urbanized area of 50,000 and greater",267,ENDOVASCULAR CARDIAC VALVE REPLACEMENT AND SUPPLEMENT PROCEDURES WITHOUT MCC,39,216167.4359,44905.307692,35574.384615
030085,Northwest Medical Center,Tucson,6200 North La Cholla Boulevard,4,85741,AZ,1.0,"Metropolitan area core: primary flow within an urbanized area of 50,000 and greater",267,ENDOVASCULAR CARDIAC VALVE REPLACEMENT AND SUPPLEMENT PROCEDURES WITHOUT MCC,26,237381.5,36209.923077,35072.846154
030087,Honorhealth Scottsdale Shea Medical Center,Scottsdale,9003 East Shea Boulevard,4,85260,AZ,1.0,"Metropolitan area core: primary flow within an urbanized area of 50,000 and greater",266,ENDOVASCULAR CARDIAC VALVE REPLACEMENT AND SUPPLEMENT PROCEDURES WITH MCC,18,342498.22222,46137.166667,45087.333333
030087,Honorhealth Scottsdale Shea Medical Center,Scottsdale,9003 East Shea Boulevard,4,85260,AZ,1.0,"Metropolitan area core: primary flow within an urbanized area of 50,000 and greater",267,ENDOVASCULAR CARDIAC VALVE REPLACEMENT AND SUPPLEMENT PROCEDURES WITHOUT MCC,105,286188.33333,36760.990476,35556.247619
030089,Banner Thunderbird Medical Center,Glendale,5555 West Thunderbird Road,4,85306,AZ,1.0,"Metropolitan area core: primary flow within an urbanized area of 50,000 and greater",267,ENDOVASCULAR CARDIAC VALVE REPLACEMENT AND SUPPLEMENT PROCEDURES WITHOUT MCC,25,215605.12,41859.84,35513.28
030092,Honorhealth Deer Valley Medical Center,Phoenix,19829 North 27th Avenue,4,85027,AZ,1.0,"Metropolitan area core: primary flow within an urbanized area of 50,000 and greater",267,ENDOVASCULAR CARDIAC VALVE REPLACEMENT AND SUPPLEMENT PROCEDURES WITHOUT MCC,20,255399.3,37947.5,36623.75
030094,Abrazo Arrowhead Campus,Glendale,18701 North 67th Avenue,4,85308,AZ,1.0,"Metropolitan area core: primary flow within an urbanized area of 50,000 and greater",266,ENDOVASCULAR CARDIAC VALVE REPLACEMENT AND SUPPLEMENT PROCEDURES WITH MCC,74,540157.17568,51094.824324,50190.675676
030094,Abrazo Arrowhead Campus,Glendale,18701 North 67th Avenue,4,85308,AZ,1.0,"Metropolitan area core: primary flow within an urbanized area of 50,000 and greater",267,ENDOVASCULAR CARDIAC VALVE REPLACEMENT AND SUPPLEMENT PROCEDURES WITHOUT MCC,100,505729.08,40905.64,37204.6
030103,Mayo Clinic Hospital,Phoenix,5777 East Mayo Boulevard,4,85054,AZ,1.0,"Metropolitan area core: primary flow within an urbanized area of 50,000 and greater",266,ENDOVASCULAR CARDIAC VALVE REPLACEMENT AND SUPPLEMENT PROCEDURES WITH MCC,19,164352.47368,55430.736842,49417.526316
030103,Mayo Clinic Hospital,Phoenix,5777 East Mayo Boulevard,4,85054,AZ,1.0,"Metropolitan area core: primary flow within an urbanized area of 50,000 and greater",267,ENDOVASCULAR CARDIAC VALVE REPLACEMENT AND SUPPLEMENT PROCEDURES WITHOUT MCC,95,126696.98947,44740.126316,35986.242105
030105,Banner Heart Hospital,Mesa,6750 East Baywood Avenue,4,85206,AZ,1.0,"Metropolitan area core: primary flow within an urbanized area of 50,000 and greater",266,ENDOVASCULAR CARDIAC VALVE REPLACEMENT AND SUPPLEMENT PROCEDURES WITH MCC,28,298562.32143,47139.642857,45977.785714
030105,Banner Heart Hospital,Mesa,6750 East Baywood Avenue,4,85206,AZ,1.0,"Metropolitan area core: primary flow within an urbanized area of 50,000 and greater",267,ENDOVASCULAR CARDIAC VALVE REPLACEMENT AND SUPPLEMENT PROCEDURES WITHOUT MCC,82,203085.69512,36673.121951,35477.658537
040004,Washington Regional Medical Center,Fayetteville,3215 N North Hills Boulevard,5,72703,AR,1.0,"Metropolitan area core: primary flow within an urbanized area of 50,000 and greater",266,ENDOVASCULAR CARDIAC VALVE REPLACEMENT AND SUPPLEMENT PROCEDURES WITH MCC,19,232497.84211,44111.947368,43039.789474
040004,Washington Regional Medical Center,Fayetteville,3215 N North Hills Boulevard,5,72703,AR,1.0,"Metropolitan area core: primary flow within an urbanized area of 50,000 and greater",267,ENDOVASCULAR CARDIAC VALVE REPLACEMENT AND SUPPLEMENT PROCEDURES WITHOUT MCC,25,182637.12,34029.0,30594.4
040007,Chi-St Vincent Infirmary,Little Rock,Two St Vincent Circle,5,72205,AR,1.0,"Metropolitan area core: primary flow within an urbanized area of 50,000 and greater",266,ENDOVASCULAR CARDIAC VALVE REPLACEMENT AND SUPPLEMENT PROCEDURES WITH MCC,116,150597.44828,44273.232759,43111.758621
040007,Chi-St Vincent Infirmary,Little Rock,Two St Vincent Circle,5,72205,AR,1.0,"Metropolitan area core: primary flow within an urbanized area of 50,000 and greater",267,ENDOVASCULAR CARDIAC VALVE REPLACEMENT AND SUPPLEMENT PROCEDURES WITHOUT MCC,38,133298.31579,35207.447368,32877.710526
040010,Mercy Hospital Northwest Arkansas,Rogers,2710 South Rife Medical Lane,5,72758,AR,1.0,"Metropolitan area core: primary flow within an urbanized area of 50,000 and greater",267,ENDOVASCULAR CARDIAC VALVE REPLACEMENT AND SUPPLEMENT PROCEDURES WITHOUT MCC,20,111853.45,35137.75,33855.25
040016,Uams Medical Center,Little Rock,4301 West Markham Street Mail Slot 612,5,72205,AR,1.0,"Metropolitan area core: primary flow within an urbanized area of 50,000 and greater",267,ENDOVASCULAR CARDIAC VALVE REPLACEMENT AND SUPPLEMENT PROCEDURES WITHOUT MCC,19,150414.0,42738.052632,40594.736842
040020,St Bernards Medical Center,Jonesboro,225 E Washiington Avenue,5,72401,AR,1.0,"Metropolitan area core: primary flow within an urbanized area of 50,000 and greater",267,ENDOVASCULAR CARDIAC VALVE REPLACEMENT AND SUPPLEMENT PROCEDURES WITHOUT MCC,40,70681.7,35504.725,31864.7
040027,Baxter Regional Medical Center,Mountain Home,624 Hospital Drive,5,72653,AR,4.0,"Micropolitan area core: primary flow within an urban cluster of 10,000 to 49,999",266,ENDOVASCULAR CARDIAC VALVE REPLACEMENT AND SUPPLEMENT PROCEDURES WITH MCC,15,126063.13333,40471.066667,39226.266667
040114,Baptist Health Medical Center-Little Rock,Little Rock,9601 Interstate,5,72205,AR,1.0,"Metropolitan area core: primary flow within an urbanized area of 50,000 and greater",266,ENDOVASCULAR CARDIAC VALVE REPLACEMENT AND SUPPLEMENT PROCEDURES WITH MCC,50,110518.4,43150.32,42219.18
040114,Baptist Health Medical Center-Little Rock,Little Rock,9601 Interstate,5,72205,AR,1.0,"Metropolitan area core: primary flow within an urbanized area of 50,000 and greater",267,ENDOVASCULAR CARDIAC VALVE REPLACEMENT AND SUPPLEMENT PROCEDURES WITHOUT MCC,68,96854.102941,34690.411765,32037.279412
040134,"Arkansas Heart Hospital, Llc",Little Rock,1701 S Shackleford Road,5,72211,AR,1.0,"Metropolitan area core: primary flow within an urbanized area of 50,000 and greater",266,ENDOVASCULAR CARDIAC VALVE REPLACEMENT AND SUPPLEMENT PROCEDURES WITH MCC,29,129507.72414,39365.758621,38402.448276
040134,"Arkansas Heart Hospital, Llc",Little Rock,1701 S Shackleford Road,5,72211,AR,1.0,"Metropolitan area core: primary flow within an urbanized area of 50,000 and greater",267,ENDOVASCULAR CARDIAC VALVE REPLACEMENT AND SUPPLEMENT PROCEDURES WITHOUT MCC,117,112866.71795,31550.692308,30038.247863
050007,Mills-Peninsula Medical Center,Burlingame,1501 Trousdale Drive,6,94010,CA,1.0,"Metropolitan area core: primary flow within an urbanized area of 50,000 and greater",266,ENDOVASCULAR CARDIAC VALVE REPLACEMENT AND SUPPLEMENT PROCEDURES WITH MCC,18,241301.88889,70363.444444,69650.777778
050007,Mills-Peninsula Medical Center,Burlingame,1501 Trousdale Drive,6,94010,CA,1.0,"Metropolitan area core: primary flow within an urbanized area of 50,000 and greater",267,ENDOVASCULAR CARDIAC VALVE REPLACEMENT AND SUPPLEMENT PROCEDURES WITHOUT MCC,35,200723.28571,57025.142857,55687.085714
050013,Adventist Health St Helena,Saint Helena,10 Woodland Road,6,94574,CA,7.0,"Small town core: primary flow within an urban cluster of 2,500 to 9,999",266,ENDOVASCULAR CARDIAC VALVE REPLACEMENT AND SUPPLEMENT PROCEDURES WITH MCC,11,337863.18182,74257.181818,73267.0
050013,Adventist Health St Helena,Saint Helena,10 Woodland Road,6,94574,CA,7.0,"Small town core: primary flow within an urban cluster of 2,500 to 9,999",267,ENDOVASCULAR CARDIAC VALVE REPLACEMENT AND SUPPLEMENT PROCEDURES WITHOUT MCC,47,235492.78723,60044.93617,58952.425532
050017,Mercy General Hospital,Sacramento,4001 J St,6,95819,CA,1.0,"Metropolitan area core: primary flow within an urbanized area of 50,000 and greater",266,ENDOVASCULAR CARDIAC VALVE REPLACEMENT AND SUPPLEMENT PROCEDURES WITH MCC,17,541826.70588,77974.705882,76916.529412
050017,Mercy General Hospital,Sacramento,4001 J St,6,95819,CA,1.0,"Metropolitan area core: primary flow within an urbanized area of 50,000 and greater",267,ENDOVASCULAR CARDIAC VALVE REPLACEMENT AND SUPPLEMENT PROCEDURES WITHOUT MCC,64,352879.5625,55243.203125,53992.78125
050025,Uc San Diego Health Hillcrest - Hillcrest Med Ctr,San Diego,200 West Arbor Drive,6,92103,CA,1.0,"Metropolitan area core: primary flow within an urbanized area of 50,000 and greater",266,ENDOVASCULAR CARDIAC VALVE REPLACEMENT AND SUPPLEMENT PROCEDURES WITH MCC,13,280277.76923,86704.692308,78388.846154
050025,Uc San Diego Health Hillcrest - Hillcrest Med Ctr,San Diego,200 West Arbor Drive,6,92103,CA,1.0,"Metropolitan area core: primary flow within an urbanized area of 50,000 and greater",267,ENDOVASCULAR CARDIAC VALVE REPLACEMENT AND SUPPLEMENT PROCEDURES WITHOUT MCC,50,156549.58,60563.26,56928.32
050026,Grossmont Hospital,La Mesa,5555 Grossmont Center Drive Box 58,6,91942,CA,1.0,"Metropolitan area core: primary flow within an urbanized area of 50,000 and greater",266,ENDOVASCULAR CARDIAC VALVE REPLACEMENT AND SUPPLEMENT PROCEDURES WITH MCC,12,279820.58333,60129.083333,59221.416667
050026,Grossmont Hospital,La Mesa,5555 Grossmont Center Drive Box 58,6,91942,CA,1.0,"Metropolitan area core: primary flow within an urbanized area of 50,000 and greater",267,ENDOVASCULAR CARDIAC VALVE REPLACEMENT AND SUPPLEMENT PROCEDURES WITHOUT MCC,38,208114.84211,50924.631579,43274.184211
050036,Bakersfield Memorial Hospital,Bakersfield,420 34th St,6,93301,CA,1.0,"Metropolitan area core: primary flow within an urbanized area of 50,000 and greater",266,ENDOVASCULAR CARDIAC VALVE REPLACEMENT AND SUPPLEMENT PROCEDURES WITH MCC,11,446846.81818,70938.0,70372.181818
050036,Bakersfield Memorial Hospital,Bakersfield,420 34th St,6,93301,CA,1.0,"Metropolitan area core: primary flow within an urbanized area of 50,000 and greater",267,ENDOVASCULAR CARDIAC VALVE REPLACEMENT AND SUPPLEMENT PROCEDURES WITHOUT MCC,74,340944.83784,46870.175676,45364.540541
050039,Enloe Medical Center,Chico,1531 Esplanade,6,95926,CA,1.0,"Metropolitan area core: primary flow within an urbanized area of 50,000 and greater",266,ENDOVASCULAR CARDIAC VALVE REPLACEMENT AND SUPPLEMENT PROCEDURES WITH MCC,38,349593.57895,57847.815789,57151.684211
050039,Enloe Medical Center,Chico,1531 Esplanade,6,95926,CA,1.0,"Metropolitan area core: primary flow within an urbanized area of 50,000 and greater",267,ENDOVASCULAR CARDIAC VALVE REPLACEMENT AND SUPPLEMENT PROCEDURES WITHOUT MCC,48,246333.10417,43660.645833,42461.229167
050043,Alta Bates Summit Medical Center,Oakland,350 Hawthorne Avenue,6,94609,CA,1.0,"Metropolitan area core: primary flow within an urbanized area of 50,000 and greater",266,ENDOVASCULAR CARDIAC VALVE REPLACEMENT AND SUPPLEMENT PROCEDURES WITH MCC,18,283124.22222,83306.722222,70195.166667
050043,Alta Bates Summit Medical Center,Oakland,350 Hawthorne Avenue,6,94609,CA,1.0,"Metropolitan area core: primary flow within an urbanized area of 50,000 and greater",267,ENDOVASCULAR CARDIAC VALVE REPLACEMENT AND SUPPLEMENT PROCEDURES WITHOUT MCC,31,218751.93548,64199.774194,56882.580645
050047,California Pacific Medical Center- Van Ness Campus,San Francisco,1101 Van Ness Avenue,6,94109,CA,1.0,"Metropolitan area core: primary flow within an urbanized area of 50,000 and greater",266,ENDOVASCULAR CARDIAC VALVE REPLACEMENT AND SUPPLEMENT PROCEDURES WITH MCC,49,337015.28571,121144.0,106818.63265
050047,California Pacific Medical Center- Van Ness Campus,San Francisco,1101 Van Ness Avenue,6,94109,CA,1.0,"Metropolitan area core: primary flow within an urbanized area of 50,000 and greater",267,ENDOVASCULAR CARDIAC VALVE REPLACEMENT AND SUPPLEMENT PROCEDURES WITHOUT MCC,59,193993.66102,70322.610169,67165.338983
050056,Antelope Valley Hospital,Lancaster,1600 W Ave J,6,93534,CA,1.0,"Metropolitan area core: primary flow within an urbanized area of 50,000 and greater",266,ENDOVASCULAR CARDIAC VALVE REPLACEMENT AND SUPPLEMENT PROCEDURES WITH MCC,11,379758.36364,69218.454545,68221.0
050056,Antelope Valley Hospital,Lancaster,1600 W Ave J,6,93534,CA,1.0,"Metropolitan area core: primary flow within an urbanized area of 50,000 and greater",267,ENDOVASCULAR CARDIAC VALVE REPLACEMENT AND SUPPLEMENT PROCEDURES WITHOUT MCC,13,241335.07692,47135.461538,46775.076923
050057,Kaweah Health Medical Center,Visalia,400 W Mineral King Ave,6,93291,CA,1.0,"Metropolitan area core: primary flow within an urbanized area of 50,000 and greater",266,ENDOVASCULAR CARDIAC VALVE REPLACEMENT AND SUPPLEMENT PROCEDURES WITH MCC,11,205388.54545,63720.0,62511.909091
050057,Kaweah Health Medical Center,Visalia,400 W Mineral King Ave,6,93291,CA,1.0,"Metropolitan area core: primary flow within an urbanized area of 50,000 and greater",267,ENDOVASCULAR CARDIAC VALVE REPLACEMENT AND SUPPLEMENT PROCEDURES WITHOUT MCC,27,164799.62963,50687.407407,49180.296296
050060,Community Regional Medical Center,Fresno,2823 Fresno Street,6,93721,CA,1.0,"Metropolitan area core: primary flow within an urbanized area of 50,000 and greater",266,ENDOVASCULAR CARDIAC VALVE REPLACEMENT AND SUPPLEMENT PROCEDURES WITH MCC,26,270792.15385,70117.730769,60910.423077
050060,Community Regional Medical Center,Fresno,2823 Fresno Street,6,93721,CA,1.0,"Metropolitan area core: primary flow within an urbanized area of 50,000 and greater",267,ENDOVASCULAR CARDIAC VALVE REPLACEMENT AND SUPPLEMENT PROCEDURES WITHOUT MCC,53,206520.98113,51567.660377,50181.943396
050069,Providence St. Joseph Hospital,Orange,1100 West Stewart Dr,6,92868,CA,1.0,"Metropolitan area core: primary flow within an urbanized area of 50,000 and greater",266,ENDOVASCULAR CARDIAC VALVE REPLACEMENT AND SUPPLEMENT PROCEDURES WITH MCC,39,156898.25641,59068.512821,57271.102564
050069,Providence St. Joseph Hospital,Orange,1100 West Stewart Dr,6,92868,CA,1.0,"Metropolitan area core: primary flow within an urbanized area of 50,000 and greater",267,ENDOVASCULAR CARDIAC VALVE REPLACEMENT AND SUPPLEMENT PROCEDURES WITHOUT MCC,25,133301.56,47218.56,42996.2
050076,Kaiser Foundation Hospital - San Francisco,San Francisco,2425 Geary Blvd,6,94115,CA,1.0,"Metropolitan area core: primary flow within an urbanized area of 50,000 and greater",267,ENDOVASCULAR CARDIAC VALVE REPLACEMENT AND SUPPLEMENT PROCEDURES WITHOUT MCC,17,87193.352941,79337.882353,46116.235294
050077,Scripps Mercy Hospital,San Diego,4077 5th Ave,6,92103,CA,1.0,"Metropolitan area core: primary flow within an urbanized area of 50,000 and greater",266,ENDOVASCULAR CARDIAC VALVE REPLACEMENT AND SUPPLEMENT PROCEDURES WITH MCC,16,597307.4375,77305.4375,74538.625
050077,Scripps Mercy Hospital,San Diego,4077 5th Ave,6,92103,CA,1.0,"Metropolitan area core: primary flow within an urbanized area of 50,000 and greater",267,ENDOVASCULAR CARDIAC VALVE REPLACEMENT AND SUPPLEMENT PROCEDURES WITHOUT MCC,20,337925.95,51010.4,49682.5
050082,St Johns Regional Medical Center,Oxnard,1600 N Rose Ave,6,93030,CA,1.0,"Metropolitan area core: primary flow within an urbanized area of 50,000 and greater",267,ENDOVASCULAR CARDIAC VALVE REPLACEMENT AND SUPPLEMENT PROCEDURES WITHOUT MCC,12,309573.25,49220.166667,47923.5
050084,St Joseph's Medical Center Of Stockton,Stockton,1800 N California St,6,95204,CA,1.0,"Metropolitan area core: primary flow within an urbanized area of 50,000 and greater",266,ENDOVASCULAR CARDIAC VALVE REPLACEMENT AND SUPPLEMENT PROCEDURES WITH MCC,31,216613.83871,78686.645161,77837.83871
050084,St Joseph's Medical Center Of Stockton,Stockton,1800 N California St,6,95204,CA,1.0,"Metropolitan area core: primary flow within an urbanized area of 50,000 and greater",267,ENDOVASCULAR CARDIAC VALVE REPLACEMENT AND SUPPLEMENT PROCEDURES WITHOUT MCC,25,215553.12,62032.4,60619.36
050093,Saint Agnes Medical Center,Fresno,1303 E Herndon Ave,6,93710,CA,1.0,"Metropolitan area core: primary flow within an urbanized area of 50,000 and greater",266,ENDOVASCULAR CARDIAC VALVE REPLACEMENT AND SUPPLEMENT PROCEDURES WITH MCC,25,209386.24,62965.12,61310.68
050093,Saint Agnes Medical Center,Fresno,1303 E Herndon Ave,6,93710,CA,1.0,"Metropolitan area core: primary flow within an urbanized area of 50,000 and greater",267,ENDOVASCULAR CARDIAC VALVE REPLACEMENT AND SUPPLEMENT PROCEDURES WITHOUT MCC,73,150325.67123,48358.657534,46449.027397
050099,San Antonio Regional Hospital,Upland,999 San Bernardino Road,6,91786,CA,1.0,"Metropolitan area core: primary flow within an urbanized area of 50,000 and greater",266,ENDOVASCULAR CARDIAC VALVE REPLACEMENT AND SUPPLEMENT PROCEDURES WITH MCC,11,371944.18182,58942.636364,58093.909091
050099,San Antonio Regional Hospital,Upland,999 San Bernardino Road,6,91786,CA,1.0,"Metropolitan area core: primary flow within an urbanized area of 50,000 and greater",267,ENDOVASCULAR CARDIAC VALVE REPLACEMENT AND SUPPLEMENT PROCEDURES WITHOUT MCC,13,269368.38462,47755.461538,40214.615385
050100,Sharp Memorial Hospital,San Diego,7901 Frost St,6,92123,CA,1.0,"Metropolitan area core: primary flow within an urbanized area of 50,000 and greater",266,ENDOVASCULAR CARDIAC VALVE REPLACEMENT AND SUPPLEMENT PROCEDURES WITH MCC,44,294238.45455,63368.386364,57469.363636
050100,Sharp Memorial Hospital,San Diego,7901 Frost St,6,92123,CA,1.0,"Metropolitan area core: primary flow within an urbanized area of 50,000 and greater",267,ENDOVASCULAR CARDIAC VALVE REPLACEMENT AND SUPPLEMENT PROCEDURES WITHOUT MCC,21,205791.47619,47438.571429,42375.809524
050108,"Sutter Medical Center, Sacramento",Sacramento,2825 Capitol Avenue,6,95816,CA,1.0,"Metropolitan area core: primary flow within an urbanized area of 50,000 and greater",266,ENDOVASCULAR CARDIAC VALVE REPLACEMENT AND SUPPLEMENT PROCEDURES WITH MCC,34,247919.73529,72787.5,71481.147059
050108,"Sutter Medical Center, Sacramento",Sacramento,2825 Capitol Avenue,6,95816,CA,1.0,"Metropolitan area core: primary flow within an urbanized area of 50,000 and greater",267,ENDOVASCULAR CARDIAC VALVE REPLACEMENT AND SUPPLEMENT PROCEDURES WITHOUT MCC,115,177595.06087,56620.582609,55160.947826
050115,Palomar Health Downtown Campus,Escondido,555 East Valley Parkway,6,92025,CA,1.0,"Metropolitan area core: primary flow within an urbanized area of 50,000 and greater",267,ENDOVASCULAR CARDIAC VALVE REPLACEMENT AND SUPPLEMENT PROCEDURES WITHOUT MCC,21,192732.28571,44307.47619,42353.428571
050116,Northridge Hospital Medical Center,Northridge,18300 Roscoe Blvd,6,91325,CA,1.0,"Metropolitan area core: primary flow within an urbanized area of 50,000 and greater",267,ENDOVASCULAR CARDIAC VALVE REPLACEMENT AND SUPPLEMENT PROCEDURES WITHOUT MCC,16,354492.875,50553.3125,49343.625
050129,St Bernardine Medical Center,San Bernardino,2101 N Waterman Ave,6,92404,CA,1.0,"Metropolitan area core: primary flow within an urbanized area of 50,000 and greater",267,ENDOVASCULAR CARDIAC VALVE REPLACEMENT AND SUPPLEMENT PROCEDURES WITHOUT MCC,20,304695.2,48219.4,42836.45
050145,Community Hospital Of The Monterey Peninsula,Monterey,23625 W R Holman Highway,6,93940,CA,1.0,"Metropolitan area core: primary flow within an urbanized area of 50,000 and greater",267,ENDOVASCULAR CARDIAC VALVE REPLACEMENT AND SUPPLEMENT PROCEDURES WITHOUT MCC,21,277941.2381,57789.238095,56677.809524
050168,Providence St. Jude Medical Center,Fullerton,101 E Valencia Mesa Drive,6,92835,CA,1.0,"Metropolitan area core: primary flow within an urbanized area of 50,000 and greater",266,ENDOVASCULAR CARDIAC VALVE REPLACEMENT AND SUPPLEMENT PROCEDURES WITH MCC,31,227670.83871,59124.806452,52508.580645
050174,Providence Santa Rosa Memorial Hospital,Santa Rosa,1165 Montgomery Dr,6,95405,CA,1.0,"Metropolitan area core: primary flow within an urbanized area of 50,000 and greater",266,ENDOVASCULAR CARDIAC VALVE REPLACEMENT AND SUPPLEMENT PROCEDURES WITH MCC,33,342270.60606,73072.939394,71941.272727
050174,Providence Santa Rosa Memorial Hospital,Santa Rosa,1165 Montgomery Dr,6,95405,CA,1.0,"Metropolitan area core: primary flow within an urbanized area of 50,000 and greater",267,ENDOVASCULAR CARDIAC VALVE REPLACEMENT AND SUPPLEMENT PROCEDURES WITHOUT MCC,60,263465.11667,60164.383333,55375.6
050197,Sequoia Hospital,Redwood City,170 Alameda De Las Pulgas,6,94062,CA,1.0,"Metropolitan area core: primary flow within an urbanized area of 50,000 and greater",267,ENDOVASCULAR CARDIAC VALVE REPLACEMENT AND SUPPLEMENT PROCEDURES WITHOUT MCC,13,303078.15385,56210.846154,54737.615385
050222,Sharp Chula Vista Medical Center,Chula Vista,751 Medical Center Court,6,91911,CA,1.0,"Metropolitan area core: primary flow within an urbanized area of 50,000 and greater",266,ENDOVASCULAR CARDIAC VALVE REPLACEMENT AND SUPPLEMENT PROCEDURES WITH MCC,11,264689.09091,56508.090909,49675.181818
050222,Sharp Chula Vista Medical Center,Chula Vista,751 Medical Center Court,6,91911,CA,1.0,"Metropolitan area core: primary flow within an urbanized area of 50,000 and greater",267,ENDOVASCULAR CARDIAC VALVE REPLACEMENT AND SUPPLEMENT PROCEDURES WITHOUT MCC,17,216168.35294,46823.411765,45725.058824
050224,Hoag Memorial Hospital Presbyterian,Newport Beach,One Hoag Drive,6,92663,CA,1.0,"Metropolitan area core: primary flow within an urbanized area of 50,000 and greater",266,ENDOVASCULAR CARDIAC VALVE REPLACEMENT AND SUPPLEMENT PROCEDURES WITH MCC,16,210998.6875,55509.5,54222.5
050224,Hoag Memorial Hospital Presbyterian,Newport Beach,One Hoag Drive,6,92663,CA,1.0,"Metropolitan area core: primary flow within an urbanized area of 50,000 and greater",267,ENDOVASCULAR CARDIAC VALVE REPLACEMENT AND SUPPLEMENT PROCEDURES WITHOUT MCC,66,145420.92424,46155.969697,40446.712121
050232,French Hospital Medical Center,San Luis Obispo,1911 Johnson Ave,6,93401,CA,1.0,"Metropolitan area core: primary flow within an urbanized area of 50,000 and greater",266,ENDOVASCULAR CARDIAC VALVE REPLACEMENT AND SUPPLEMENT PROCEDURES WITH MCC,12,417569.66667,57666.416667,56369.75
050232,French Hospital Medical Center,San Luis Obispo,1911 Johnson Ave,6,93401,CA,1.0,"Metropolitan area core: primary flow within an urbanized area of 50,000 and greater",267,ENDOVASCULAR CARDIAC VALVE REPLACEMENT AND SUPPLEMENT PROCEDURES WITHOUT MCC,47,327220.51064,43468.404255,42077.93617
050235,Providence Saint Joseph Medical Ctr,Burbank,501 South Buena Vista Street,6,91505,CA,1.0,"Metropolitan area core: primary flow within an urbanized area of 50,000 and greater",267,ENDOVASCULAR CARDIAC VALVE REPLACEMENT AND SUPPLEMENT PROCEDURES WITHOUT MCC,19,234694.94737,49630.842105,48223.315789
050239,Glendale Adventist Medical Center,Glendale,1509 E Wilson Terrace,6,91206,CA,1.0,"Metropolitan area core: primary flow within an urbanized area of 50,000 and greater",266,ENDOVASCULAR CARDIAC VALVE REPLACEMENT AND SUPPLEMENT PROCEDURES WITH MCC,51,318921.09804,64424.45098,63496.686275
050239,Glendale Adventist Medical Center,Glendale,1509 E Wilson Terrace,6,91206,CA,1.0,"Metropolitan area core: primary flow within an urbanized area of 50,000 and greater",267,ENDOVASCULAR CARDIAC VALVE REPLACEMENT AND SUPPLEMENT PROCEDURES WITHOUT MCC,33,286261.15152,53126.575758,51830.848485
050242,Dominican Hospital,Santa Cruz,1555 Soquel Drive,6,95065,CA,1.0,"Metropolitan area core: primary flow within an urbanized area of 50,000 and greater",266,ENDOVASCULAR CARDIAC VALVE REPLACEMENT AND SUPPLEMENT PROCEDURES WITH MCC,18,464417.72222,92374.833333,74280.333333
050242,Dominican Hospital,Santa Cruz,1555 Soquel Drive,6,95065,CA,1.0,"Metropolitan area core: primary flow within an urbanized area of 50,000 and greater",267,ENDOVASCULAR CARDIAC VALVE REPLACEMENT AND SUPPLEMENT PROCEDURES WITHOUT MCC,22,288383.09091,60219.272727,58734.0
050262,Ronald Reagan Ucla Medical Center,Los Angeles,757 Westwood Plaza,6,90095,CA,1.0,"Metropolitan area core: primary flow within an urbanized area of 50,000 and greater",266,ENDOVASCULAR CARDIAC VALVE REPLACEMENT AND SUPPLEMENT PROCEDURES WITH MCC,39,268740.97436,105825.82051,94898.948718
050262,Ronald Reagan Ucla Medical Center,Los Angeles,757 Westwood Plaza,6,90095,CA,1.0,"Metropolitan area core: primary flow within an urbanized area of 50,000 and greater",267,ENDOVASCULAR CARDIAC VALVE REPLACEMENT AND SUPPLEMENT PROCEDURES WITHOUT MCC,66,176179.22727,79190.954545,76072.681818
050283,Stanford Health Care - Valleycare,Pleasanton,5555 West Las Positas Boulevard,6,94588,CA,1.0,"Metropolitan area core: primary flow within an urbanized area of 50,000 and greater",267,ENDOVASCULAR CARDIAC VALVE REPLACEMENT AND SUPPLEMENT PROCEDURES WITHOUT MCC,15,230844.6,58899.0,57451.533333
050290,Saint John's Health Center,Santa Monica,2121 Santa Monica Blvd,6,90404,CA,1.0,"Metropolitan area core: primary flow within an urbanized area of 50,000 and greater",266,ENDOVASCULAR CARDIAC VALVE REPLACEMENT AND SUPPLEMENT PROCEDURES WITH MCC,11,185062.72727,58037.636364,56866.0
050290,Saint John's Health Center,Santa Monica,2121 Santa Monica Blvd,6,90404,CA,1.0,"Metropolitan area core: primary flow within an urbanized area of 50,000 and greater",267,ENDOVASCULAR CARDIAC VALVE REPLACEMENT AND SUPPLEMENT PROCEDURES WITHOUT MCC,30,137002.1,46509.9,45101.833333
050308,El Camino Hospital,Mountain View,2500 Grant Road,6,94040,CA,1.0,"Metropolitan area core: primary flow within an urbanized area of 50,000 and greater",266,ENDOVASCULAR CARDIAC VALVE REPLACEMENT AND SUPPLEMENT PROCEDURES WITH MCC,15,361953.66667,72240.466667,71099.4
050308,El Camino Hospital,Mountain View,2500 Grant Road,6,94040,CA,1.0,"Metropolitan area core: primary flow within an urbanized area of 50,000 and greater",267,ENDOVASCULAR CARDIAC VALVE REPLACEMENT AND SUPPLEMENT PROCEDURES WITHOUT MCC,91,327055.03297,58289.978022,56956.263736
050324,Scripps Memorial Hospital La Jolla,La Jolla,9888 Genesee Avenue,6,92037,CA,1.0,"Metropolitan area core: primary flow within an urbanized area of 50,000 and greater",266,ENDOVASCULAR CARDIAC VALVE REPLACEMENT AND SUPPLEMENT PROCEDURES WITH MCC,75,490529.69333,60559.04,59589.133333
050324,Scripps Memorial Hospital La Jolla,La Jolla,9888 Genesee Avenue,6,92037,CA,1.0,"Metropolitan area core: primary flow within an urbanized area of 50,000 and greater",267,ENDOVASCULAR CARDIAC VALVE REPLACEMENT AND SUPPLEMENT PROCEDURES WITHOUT MCC,184,335939.875,43863.277174,42527.532609
050327,Loma Linda University Medical Center,Loma Linda,11234 Anderson St,6,92354,CA,1.0,"Metropolitan area core: primary flow within an urbanized area of 50,000 and greater",266,ENDOVASCULAR CARDIAC VALVE REPLACEMENT AND SUPPLEMENT PROCEDURES WITH MCC,24,271416.79167,81426.916667,77720.166667
050327,Loma Linda University Medical Center,Loma Linda,11234 Anderson St,6,92354,CA,1.0,"Metropolitan area core: primary flow within an urbanized area of 50,000 and greater",267,ENDOVASCULAR CARDIAC VALVE REPLACEMENT AND SUPPLEMENT PROCEDURES WITHOUT MCC,28,225127.10714,62278.428571,60106.0
050334,Salinas Valley Memorial Hospital,Salinas,450 East Romie Lane,6,93901,CA,1.0,"Metropolitan area core: primary flow within an urbanized area of 50,000 and greater",267,ENDOVASCULAR CARDIAC VALVE REPLACEMENT AND SUPPLEMENT PROCEDURES WITHOUT MCC,27,234315.85185,61533.259259,60150.148148
050348,University Of California Irvine Medical Center,Orange,101 City Drive South,6,92868,CA,1.0,"Metropolitan area core: primary flow within an urbanized area of 50,000 and greater",266,ENDOVASCULAR CARDIAC VALVE REPLACEMENT AND SUPPLEMENT PROCEDURES WITH MCC,12,301995.5,89158.833333,84869.416667
050348,University Of California Irvine Medical Center,Orange,101 City Drive South,6,92868,CA,1.0,"Metropolitan area core: primary flow within an urbanized area of 50,000 and greater",267,ENDOVASCULAR CARDIAC VALVE REPLACEMENT AND SUPPLEMENT PROCEDURES WITHOUT MCC,28,181652.85714,66862.357143,64536.035714
050351,Torrance Memorial Medical Center,Torrance,3330 Lomita Blvd,6,90509,CA,99.0,Unknown,266,ENDOVASCULAR CARDIAC VALVE REPLACEMENT AND SUPPLEMENT PROCEDURES WITH MCC,29,334440.10345,64558.448276,54384.689655
050351,Torrance Memorial Medical Center,Torrance,3330 Lomita Blvd,6,90509,CA,99.0,Unknown,267,ENDOVASCULAR CARDIAC VALVE REPLACEMENT AND SUPPLEMENT PROCEDURES WITHOUT MCC,24,214783.66667,43309.666667,41948.166667
050360,Marinhealth Medical Center,Greenbrae,"250 Bon Air Road, Po Box 8010",6,94904,CA,1.0,"Metropolitan area core: primary flow within an urbanized area of 50,000 and greater",266,ENDOVASCULAR CARDIAC VALVE REPLACEMENT AND SUPPLEMENT PROCEDURES WITH MCC,30,397525.2,59056.9,57760.233333
050360,Marinhealth Medical Center,Greenbrae,"250 Bon Air Road, Po Box 8010",6,94904,CA,1.0,"Metropolitan area core: primary flow within an urbanized area of 50,000 and greater",267,ENDOVASCULAR CARDIAC VALVE REPLACEMENT AND SUPPLEMENT PROCEDURES WITHOUT MCC,27,357903.88889,36966.0,35582.925926
050367,Northbay Medical Center,Fairfield,1200 B  Gale Wilson Blvd,6,94533,CA,1.0,"Metropolitan area core: primary flow within an urbanized area of 50,000 and greater",267,ENDOVASCULAR CARDIAC VALVE REPLACEMENT AND SUPPLEMENT PROCEDURES WITHOUT MCC,18,344509.22222,59707.277778,58491.722222
050380,Good Samaritan Hospital,San Jose,2425 Samaritan Drive,6,95124,CA,1.0,"Metropolitan area core: primary flow within an urbanized area of 50,000 and greater",267,ENDOVASCULAR CARDIAC VALVE REPLACEMENT AND SUPPLEMENT PROCEDURES WITHOUT MCC,20,507034.4,57174.15,55695.95
050382,Emanate Health Inter-Community Hospital,Covina,210 W  San Bernardino Road,6,91723,CA,1.0,"Metropolitan area core: primary flow within an urbanized area of 50,000 and greater",267,ENDOVASCULAR CARDIAC VALVE REPLACEMENT AND SUPPLEMENT PROCEDURES WITHOUT MCC,18,195563.83333,56314.333333,37632.277778
050394,Community Memorial Hospital San Buenaventura,Ventura,147 N Brent St,6,93003,CA,1.0,"Metropolitan area core: primary flow within an urbanized area of 50,000 and greater",266,ENDOVASCULAR CARDIAC VALVE REPLACEMENT AND SUPPLEMENT PROCEDURES WITH MCC,23,313213.82609,74423.173913,73266.478261
050394,Community Memorial Hospital San Buenaventura,Ventura,147 N Brent St,6,93003,CA,1.0,"Metropolitan area core: primary flow within an urbanized area of 50,000 and greater",267,ENDOVASCULAR CARDIAC VALVE REPLACEMENT AND SUPPLEMENT PROCEDURES WITHOUT MCC,53,236990.73585,58559.924528,55199.264151
050396,Santa Barbara Cottage Hospital,Santa Barbara,400 West Pueblo,6,93102,CA,1.0,"Metropolitan area core: primary flow within an urbanized area of 50,000 and greater",266,ENDOVASCULAR CARDIAC VALVE REPLACEMENT AND SUPPLEMENT PROCEDURES WITH MCC,50,297421.44,72010.02,70784.0
050396,Santa Barbara Cottage Hospital,Santa Barbara,400 West Pueblo,6,93102,CA,1.0,"Metropolitan area core: primary flow within an urbanized area of 50,000 and greater",267,ENDOVASCULAR CARDIAC VALVE REPLACEMENT AND SUPPLEMENT PROCEDURES WITHOUT MCC,78,207651.74359,53850.935897,52410.320513
050438,Huntington Hospital,Pasadena,100 W  California Blvd,6,91109,CA,1.0,"Metropolitan area core: primary flow within an urbanized area of 50,000 and greater",267,ENDOVASCULAR CARDIAC VALVE REPLACEMENT AND SUPPLEMENT PROCEDURES WITHOUT MCC,36,254865.47222,50923.722222,49796.222222
050441,Stanford Health Care,Stanford,300 Pasteur Drive,6,94305,CA,1.0,"Metropolitan area core: primary flow within an urbanized area of 50,000 and greater",266,ENDOVASCULAR CARDIAC VALVE REPLACEMENT AND SUPPLEMENT PROCEDURES WITH MCC,52,642495.59615,113648.21154,108380.07692
050441,Stanford Health Care,Stanford,300 Pasteur Drive,6,94305,CA,1.0,"Metropolitan area core: primary flow within an urbanized area of 50,000 and greater",267,ENDOVASCULAR CARDIAC VALVE REPLACEMENT AND SUPPLEMENT PROCEDURES WITHOUT MCC,195,310686.92308,76821.876923,74210.54359
050454,Ucsf Medical Center,San Francisco,"505 Parnassus Ave, Box 0296",6,94143,CA,1.0,"Metropolitan area core: primary flow within an urbanized area of 50,000 and greater",266,ENDOVASCULAR CARDIAC VALVE REPLACEMENT AND SUPPLEMENT PROCEDURES WITH MCC,29,533903.93103,121487.82759,107357.55172
050454,Ucsf Medical Center,San Francisco,"505 Parnassus Ave, Box 0296",6,94143,CA,1.0,"Metropolitan area core: primary flow within an urbanized area of 50,000 and greater",267,ENDOVASCULAR CARDIAC VALVE REPLACEMENT AND SUPPLEMENT PROCEDURES WITHOUT MCC,63,265035.65079,80304.142857,75906.365079
050464,Doctors Medical Center,Modesto,1441 Florida Avenue,6,95350,CA,1.0,"Metropolitan area core: primary flow within an urbanized area of 50,000 and greater",266,ENDOVASCULAR CARDIAC VALVE REPLACEMENT AND SUPPLEMENT PROCEDURES WITH MCC,27,675973.2963,66170.555556,65067.037037
050464,Doctors Medical Center,Modesto,1441 Florida Avenue,6,95350,CA,1.0,"Metropolitan area core: primary flow within an urbanized area of 50,000 and greater",267,ENDOVASCULAR CARDIAC VALVE REPLACEMENT AND SUPPLEMENT PROCEDURES WITHOUT MCC,43,657038.32558,53158.186047,49792.395349
050471,Pih Health Good Samaritan Hospital,Los Angeles,1225 Wilshire Boulevard,6,90017,CA,1.0,"Metropolitan area core: primary flow within an urbanized area of 50,000 and greater",266,ENDOVASCULAR CARDIAC VALVE REPLACEMENT AND SUPPLEMENT PROCEDURES WITH MCC,54,357352.94444,66528.37037,65487.259259
050471,Pih Health Good Samaritan Hospital,Los Angeles,1225 Wilshire Boulevard,6,90017,CA,1.0,"Metropolitan area core: primary flow within an urbanized area of 50,000 and greater",267,ENDOVASCULAR CARDIAC VALVE REPLACEMENT AND SUPPLEMENT PROCEDURES WITHOUT MCC,109,236463.22936,49450.788991,48585.40367
050485,Memorialcare Long Beach Medical Center,Long Beach,2801 Atlantic Ave,6,90806,CA,1.0,"Metropolitan area core: primary flow within an urbanized area of 50,000 and greater",266,ENDOVASCULAR CARDIAC VALVE REPLACEMENT AND SUPPLEMENT PROCEDURES WITH MCC,31,277565.90323,62713.16129,61727.677419
050485,Memorialcare Long Beach Medical Center,Long Beach,2801 Atlantic Ave,6,90806,CA,1.0,"Metropolitan area core: primary flow within an urbanized area of 50,000 and greater",267,ENDOVASCULAR CARDIAC VALVE REPLACEMENT AND SUPPLEMENT PROCEDURES WITHOUT MCC,16,235966.875,54927.1875,45220.5625
050496,John Muir Medical Center - Concord Campus,Concord,2540 East St,6,94520,CA,1.0,"Metropolitan area core: primary flow within an urbanized area of 50,000 and greater",266,ENDOVASCULAR CARDIAC VALVE REPLACEMENT AND SUPPLEMENT PROCEDURES WITH MCC,24,774143.04167,89785.541667,88277.458333
050496,John Muir Medical Center - Concord Campus,Concord,2540 East St,6,94520,CA,1.0,"Metropolitan area core: primary flow within an urbanized area of 50,000 and greater",267,ENDOVASCULAR CARDIAC VALVE REPLACEMENT AND SUPPLEMENT PROCEDURES WITHOUT MCC,60,499278.28333,66428.116667,57495.383333
050549,Los Robles Hospital & Medical Center,Thousand Oaks,215 W Janss Rd,6,91360,CA,1.0,"Metropolitan area core: primary flow within an urbanized area of 50,000 and greater",266,ENDOVASCULAR CARDIAC VALVE REPLACEMENT AND SUPPLEMENT PROCEDURES WITH MCC,30,646839.33333,68658.6,55737.766667
050549,Los Robles Hospital & Medical Center,Thousand Oaks,215 W Janss Rd,6,91360,CA,1.0,"Metropolitan area core: primary flow within an urbanized area of 50,000 and greater",267,ENDOVASCULAR CARDIAC VALVE REPLACEMENT AND SUPPLEMENT PROCEDURES WITHOUT MCC,98,406605.22449,48057.867347,45338.908163
050557,Memorial Medical Center,Modesto,1700 Coffee Rd,6,95355,CA,1.0,"Metropolitan area core: primary flow within an urbanized area of 50,000 and greater",266,ENDOVASCULAR CARDIAC VALVE REPLACEMENT AND SUPPLEMENT PROCEDURES WITH MCC,22,200691.31818,79970.045455,54804.0
050557,Memorial Medical Center,Modesto,1700 Coffee Rd,6,95355,CA,1.0,"Metropolitan area core: primary flow within an urbanized area of 50,000 and greater",267,ENDOVASCULAR CARDIAC VALVE REPLACEMENT AND SUPPLEMENT PROCEDURES WITHOUT MCC,34,156355.67647,52128.411765,46579.882353
050567,Providence Mission Hospital,Mission Viejo,27700 Medical Center Rd,6,92691,CA,1.1,"Secondary flow 30% to <50% to a larger urbanized area of 50,000 and greater",266,ENDOVASCULAR CARDIAC VALVE REPLACEMENT AND SUPPLEMENT PROCEDURES WITH MCC,14,159893.78571,57601.071429,46062.5
050573,Eisenhower Medical Center,Rancho Mirage,39-000 Bob Hope Drive,6,92270,CA,1.0,"Metropolitan area core: primary flow within an urbanized area of 50,000 and greater",266,ENDOVASCULAR CARDIAC VALVE REPLACEMENT AND SUPPLEMENT PROCEDURES WITH MCC,64,193618.79688,63926.78125,61493.546875
050573,Eisenhower Medical Center,Rancho Mirage,39-000 Bob Hope Drive,6,92270,CA,1.0,"Metropolitan area core: primary flow within an urbanized area of 50,000 and greater",267,ENDOVASCULAR CARDIAC VALVE REPLACEMENT AND SUPPLEMENT PROCEDURES WITHOUT MCC,120,153361.65833,50292.733333,49102.975
050599,University Of California Davis Medical Center,Sacramento,2315 Stockton Boulevard,6,95817,CA,1.0,"Metropolitan area core: primary flow within an urbanized area of 50,000 and greater",266,ENDOVASCULAR CARDIAC VALVE REPLACEMENT AND SUPPLEMENT PROCEDURES WITH MCC,47,384474.51064,101619.02128,96096.404255
050599,University Of California Davis Medical Center,Sacramento,2315 Stockton Boulevard,6,95817,CA,1.0,"Metropolitan area core: primary flow within an urbanized area of 50,000 and greater",267,ENDOVASCULAR CARDIAC VALVE REPLACEMENT AND SUPPLEMENT PROCEDURES WITHOUT MCC,91,210256.67033,74295.21978,70269.527473
050603,Memorialcare Saddleback Medical Center,Laguna Hills,24451 Health Center Drive,6,92653,CA,1.1,"Secondary flow 30% to <50% to a larger urbanized area of 50,000 and greater",267,ENDOVASCULAR CARDIAC VALVE REPLACEMENT AND SUPPLEMENT PROCEDURES WITHOUT MCC,15,190708.6,42934.733333,41793.6
050624,Henry Mayo Newhall  Hospital,Valencia,23845  Mcbean Pkwy,6,91355,CA,2.0,"Metropolitan area high commuting: primary flow 30% or more to a urbanized area of 50,000 and greater",267,ENDOVASCULAR CARDIAC VALVE REPLACEMENT AND SUPPLEMENT PROCEDURES WITHOUT MCC,16,267392.625,43941.8125,42580.3125
050625,Cedars-Sinai Medical Center,Los Angeles,8700 Beverly Blvd,6,90048,CA,1.0,"Metropolitan area core: primary flow within an urbanized area of 50,000 and greater",266,ENDOVASCULAR CARDIAC VALVE REPLACEMENT AND SUPPLEMENT PROCEDURES WITH MCC,463,683581.76026,79972.904968,76812.712743
050625,Cedars-Sinai Medical Center,Los Angeles,8700 Beverly Blvd,6,90048,CA,1.0,"Metropolitan area core: primary flow within an urbanized area of 50,000 and greater",267,ENDOVASCULAR CARDIAC VALVE REPLACEMENT AND SUPPLEMENT PROCEDURES WITHOUT MCC,276,525493.64855,60290.797101,54991.833333
050696,Keck Hospital Of Usc,Los Angeles,1500 San Pablo Street,6,90033,CA,1.0,"Metropolitan area core: primary flow within an urbanized area of 50,000 and greater",266,ENDOVASCULAR CARDIAC VALVE REPLACEMENT AND SUPPLEMENT PROCEDURES WITH MCC,21,401585.47619,100079.33333,88623.571429
050696,Keck Hospital Of Usc,Los Angeles,1500 San Pablo Street,6,90033,CA,1.0,"Metropolitan area core: primary flow within an urbanized area of 50,000 and greater",267,ENDOVASCULAR CARDIAC VALVE REPLACEMENT AND SUPPLEMENT PROCEDURES WITHOUT MCC,42,211128.35714,63358.095238,57728.97619
050764,Shasta Regional Medical Center,Redding,1100 Butte St,6,96001,CA,1.0,"Metropolitan area core: primary flow within an urbanized area of 50,000 and greater",266,ENDOVASCULAR CARDIAC VALVE REPLACEMENT AND SUPPLEMENT PROCEDURES WITH MCC,40,266059.75,57962.625,56640.025
050764,Shasta Regional Medical Center,Redding,1100 Butte St,6,96001,CA,1.0,"Metropolitan area core: primary flow within an urbanized area of 50,000 and greater",267,ENDOVASCULAR CARDIAC VALVE REPLACEMENT AND SUPPLEMENT PROCEDURES WITHOUT MCC,45,262729.68889,46445.511111,44958.666667
050770,Loma Linda University Medical Center-Murrieta,Murrieta,28062 Baxter Road,6,92563,CA,1.0,"Metropolitan area core: primary flow within an urbanized area of 50,000 and greater",266,ENDOVASCULAR CARDIAC VALVE REPLACEMENT AND SUPPLEMENT PROCEDURES WITH MCC,20,182499.2,55958.3,55541.35
050770,Loma Linda University Medical Center-Murrieta,Murrieta,28062 Baxter Road,6,92563,CA,1.0,"Metropolitan area core: primary flow within an urbanized area of 50,000 and greater",267,ENDOVASCULAR CARDIAC VALVE REPLACEMENT AND SUPPLEMENT PROCEDURES WITHOUT MCC,30,152294.06667,46018.066667,43646.0
060001,Banner North Colorado Medical Center,Greeley,1801 16th St,8,80631,CO,1.0,"Metropolitan area core: primary flow within an urbanized area of 50,000 and greater",266,ENDOVASCULAR CARDIAC VALVE REPLACEMENT AND SUPPLEMENT PROCEDURES WITH MCC,16,236194.625,53125.4375,52152.9375
060001,Banner North Colorado Medical Center,Greeley,1801 16th St,8,80631,CO,1.0,"Metropolitan area core: primary flow within an urbanized area of 50,000 and greater",267,ENDOVASCULAR CARDIAC VALVE REPLACEMENT AND SUPPLEMENT PROCEDURES WITHOUT MCC,15,195203.73333,42053.4,40601.133333
060015,Centura St Anthony Hospital,Lakewood,11600 W 2nd Pl,8,80228,CO,1.0,"Metropolitan area core: primary flow within an urbanized area of 50,000 and greater",266,ENDOVASCULAR CARDIAC VALVE REPLACEMENT AND SUPPLEMENT PROCEDURES WITH MCC,14,363857.0,61482.357143,45667.0
060015,Centura St Anthony Hospital,Lakewood,11600 W 2nd Pl,8,80228,CO,1.0,"Metropolitan area core: primary flow within an urbanized area of 50,000 and greater",267,ENDOVASCULAR CARDIAC VALVE REPLACEMENT AND SUPPLEMENT PROCEDURES WITHOUT MCC,17,328003.11765,40857.117647,39689.294118
060020,"Parkview Medical Center, Inc",Pueblo,400 W 16th St,8,81003,CO,1.0,"Metropolitan area core: primary flow within an urbanized area of 50,000 and greater",266,ENDOVASCULAR CARDIAC VALVE REPLACEMENT AND SUPPLEMENT PROCEDURES WITH MCC,16,238693.875,52079.5625,51045.6875
060020,"Parkview Medical Center, Inc",Pueblo,400 W 16th St,8,81003,CO,1.0,"Metropolitan area core: primary flow within an urbanized area of 50,000 and greater",267,ENDOVASCULAR CARDIAC VALVE REPLACEMENT AND SUPPLEMENT PROCEDURES WITHOUT MCC,11,265832.18182,41914.909091,40495.545455
060022,University Colo Health Memorial Hospital Central,Colorado Springs,1400 E Boulder St,8,80909,CO,1.0,"Metropolitan area core: primary flow within an urbanized area of 50,000 and greater",266,ENDOVASCULAR CARDIAC VALVE REPLACEMENT AND SUPPLEMENT PROCEDURES WITH MCC,12,278905.75,48520.166667,47405.75
060022,University Colo Health Memorial Hospital Central,Colorado Springs,1400 E Boulder St,8,80909,CO,1.0,"Metropolitan area core: primary flow within an urbanized area of 50,000 and greater",267,ENDOVASCULAR CARDIAC VALVE REPLACEMENT AND SUPPLEMENT PROCEDURES WITHOUT MCC,21,233471.09524,38351.238095,36923.333333
060023,St Marys Medical Center,Grand Junction,2635 N 7th St,8,81501,CO,1.0,"Metropolitan area core: primary flow within an urbanized area of 50,000 and greater",266,ENDOVASCULAR CARDIAC VALVE REPLACEMENT AND SUPPLEMENT PROCEDURES WITH MCC,18,220506.83333,55105.5,54124.111111
060023,St Marys Medical Center,Grand Junction,2635 N 7th St,8,81501,CO,1.0,"Metropolitan area core: primary flow within an urbanized area of 50,000 and greater",267,ENDOVASCULAR CARDIAC VALVE REPLACEMENT AND SUPPLEMENT PROCEDURES WITHOUT MCC,54,189860.24074,43911.648148,42925.074074
060024,University Of Colorado Hospital Authority,Aurora,12605 E 16th Ave,8,80045,CO,1.0,"Metropolitan area core: primary flow within an urbanized area of 50,000 and greater",266,ENDOVASCULAR CARDIAC VALVE REPLACEMENT AND SUPPLEMENT PROCEDURES WITH MCC,11,531807.45455,68828.272727,64951.909091
060024,University Of Colorado Hospital Authority,Aurora,12605 E 16th Ave,8,80045,CO,1.0,"Metropolitan area core: primary flow within an urbanized area of 50,000 and greater",267,ENDOVASCULAR CARDIAC VALVE REPLACEMENT AND SUPPLEMENT PROCEDURES WITHOUT MCC,57,394852.57895,48265.017544,46148.929825
060027,Foothills Hospital,Boulder,4747 Arapahoe Ave,8,80303,CO,1.0,"Metropolitan area core: primary flow within an urbanized area of 50,000 and greater",266,ENDOVASCULAR CARDIAC VALVE REPLACEMENT AND SUPPLEMENT PROCEDURES WITH MCC,39,228893.35897,46472.461538,45301.282051
060028,Saint Joseph Hospital,Denver,1375 E 19th Ave,8,80218,CO,1.0,"Metropolitan area core: primary flow within an urbanized area of 50,000 and greater",266,ENDOVASCULAR CARDIAC VALVE REPLACEMENT AND SUPPLEMENT PROCEDURES WITH MCC,101,283500.23762,53813.168317,52398.158416
060028,Saint Joseph Hospital,Denver,1375 E 19th Ave,8,80218,CO,1.0,"Metropolitan area core: primary flow within an urbanized area of 50,000 and greater",267,ENDOVASCULAR CARDIAC VALVE REPLACEMENT AND SUPPLEMENT PROCEDURES WITHOUT MCC,50,286235.86,44112.36,41094.28
060031,Centura Penrose Hospital,Colorado Springs,2222 North Nevada Ave Ste 215,8,80907,CO,1.0,"Metropolitan area core: primary flow within an urbanized area of 50,000 and greater",266,ENDOVASCULAR CARDIAC VALVE REPLACEMENT AND SUPPLEMENT PROCEDURES WITH MCC,37,305617.89189,55240.216216,45035.243243
060031,Centura Penrose Hospital,Colorado Springs,2222 North Nevada Ave Ste 215,8,80907,CO,1.0,"Metropolitan area core: primary flow within an urbanized area of 50,000 and greater",267,ENDOVASCULAR CARDIAC VALVE REPLACEMENT AND SUPPLEMENT PROCEDURES WITHOUT MCC,17,260711.52941,38254.764706,36950.529412
060034,Swedish Medical Center,Englewood,501 E Hampden Ave,8,80113,CO,1.0,"Metropolitan area core: primary flow within an urbanized area of 50,000 and greater",266,ENDOVASCULAR CARDIAC VALVE REPLACEMENT AND SUPPLEMENT PROCEDURES WITH MCC,16,610031.0625,49247.0625,48076.5
060034,Swedish Medical Center,Englewood,501 E Hampden Ave,8,80113,CO,1.0,"Metropolitan area core: primary flow within an urbanized area of 50,000 and greater",267,ENDOVASCULAR CARDIAC VALVE REPLACEMENT AND SUPPLEMENT PROCEDURES WITHOUT MCC,41,552508.73171,43303.219512,36159.829268
060100,"Medical Center Of Aurora, The",Aurora,1501 S Potomac St,8,80012,CO,1.0,"Metropolitan area core: primary flow within an urbanized area of 50,000 and greater",267,ENDOVASCULAR CARDIAC VALVE REPLACEMENT AND SUPPLEMENT PROCEDURES WITHOUT MCC,27,555024.88889,40338.925926,38871.62963
060119,Medical Center Of The Rockies,Loveland,2500 Rocky Mountain Ave,8,80538,CO,1.0,"Metropolitan area core: primary flow within an urbanized area of 50,000 and greater",266,ENDOVASCULAR CARDIAC VALVE REPLACEMENT AND SUPPLEMENT PROCEDURES WITH MCC,43,227817.02326,50156.372093,48636.604651
060119,Medical Center Of The Rockies,Loveland,2500 Rocky Mountain Ave,8,80538,CO,1.0,"Metropolitan area core: primary flow within an urbanized area of 50,000 and greater",267,ENDOVASCULAR CARDIAC VALVE REPLACEMENT AND SUPPLEMENT PROCEDURES WITHOUT MCC,112,144618.01786,39370.910714,34136.401786
070002,Saint Francis Hospital & Medical Center,Hartford,114 Woodland Street & 500 Blue Hills Avenue,9,6105,CT,1.0,"Metropolitan area core: primary flow within an urbanized area of 50,000 and greater",266,ENDOVASCULAR CARDIAC VALVE REPLACEMENT AND SUPPLEMENT PROCEDURES WITH MCC,19,199638.05263,62906.736842,61339.947368
070002,Saint Francis Hospital & Medical Center,Hartford,114 Woodland Street & 500 Blue Hills Avenue,9,6105,CT,1.0,"Metropolitan area core: primary flow within an urbanized area of 50,000 and greater",267,ENDOVASCULAR CARDIAC VALVE REPLACEMENT AND SUPPLEMENT PROCEDURES WITHOUT MCC,60,140731.46667,49385.1,48238.233333
070006,Stamford Hospital,Stamford,One Hospital Plaza,9,6904,CT,,,266,ENDOVASCULAR CARDIAC VALVE REPLACEMENT AND SUPPLEMENT PROCEDURES WITH MCC,16,155181.375,62873.8125,61776.8125
070006,Stamford Hospital,Stamford,One Hospital Plaza,9,6904,CT,,,267,ENDOVASCULAR CARDIAC VALVE REPLACEMENT AND SUPPLEMENT PROCEDURES WITHOUT MCC,45,140425.86667,50354.155556,48958.6
070010,Bridgeport Hospital,Bridgeport,267 Grant Street,9,6610,CT,1.0,"Metropolitan area core: primary flow within an urbanized area of 50,000 and greater",266,ENDOVASCULAR CARDIAC VALVE REPLACEMENT AND SUPPLEMENT PROCEDURES WITH MCC,23,181803.21739,65009.434783,63712.173913
070010,Bridgeport Hospital,Bridgeport,267 Grant Street,9,6610,CT,1.0,"Metropolitan area core: primary flow within an urbanized area of 50,000 and greater",267,ENDOVASCULAR CARDIAC VALVE REPLACEMENT AND SUPPLEMENT PROCEDURES WITHOUT MCC,18,172192.0,55853.944444,47153.5
070022,Yale-New Haven Hospital,New Haven,20 York St,9,6504,CT,,,266,ENDOVASCULAR CARDIAC VALVE REPLACEMENT AND SUPPLEMENT PROCEDURES WITH MCC,106,192343.78302,70831.028302,68500.556604
070025,Hartford Hospital,Hartford,80 Seymour Street,9,6102,CT,,,266,ENDOVASCULAR CARDIAC VALVE REPLACEMENT AND SUPPLEMENT PROCEDURES WITH MCC,66,196601.65152,67444.333333,64100.818182
070025,Hartford Hospital,Hartford,80 Seymour Street,9,6102,CT,,,267,ENDOVASCULAR CARDIAC VALVE REPLACEMENT AND SUPPLEMENT PROCEDURES WITHOUT MCC,109,121435.33945,52730.330275,47238.33945
070028,St Vincent's Medical Center,Bridgeport,2800 Main St,9,6606,CT,1.0,"Metropolitan area core: primary flow within an urbanized area of 50,000 and greater",267,ENDOVASCULAR CARDIAC VALVE REPLACEMENT AND SUPPLEMENT PROCEDURES WITHOUT MCC,58,111717.75862,52428.224138,49390.465517
070033,Danbury Hospital,Danbury,24 Hospital Ave,9,6810,CT,1.0,"Metropolitan area core: primary flow within an urbanized area of 50,000 and greater",266,ENDOVASCULAR CARDIAC VALVE REPLACEMENT AND SUPPLEMENT PROCEDURES WITH MCC,14,179349.64286,62658.428571,61228.857143
070033,Danbury Hospital,Danbury,24 Hospital Ave,9,6810,CT,1.0,"Metropolitan area core: primary flow within an urbanized area of 50,000 and greater",267,ENDOVASCULAR CARDIAC VALVE REPLACEMENT AND SUPPLEMENT PROCEDURES WITHOUT MCC,44,140661.86364,48570.363636,47246.568182
080001,Christianacare,Newark,4755 Ogletown-Stanton Road,10,19718,DE,1.0,"Metropolitan area core: primary flow within an urbanized area of 50,000 and greater",266,ENDOVASCULAR CARDIAC VALVE REPLACEMENT AND SUPPLEMENT PROCEDURES WITH MCC,46,269948.21739,74715.630435,72492.369565
080001,Christianacare,Newark,4755 Ogletown-Stanton Road,10,19718,DE,1.0,"Metropolitan area core: primary flow within an urbanized area of 50,000 and greater",267,ENDOVASCULAR CARDIAC VALVE REPLACEMENT AND SUPPLEMENT PROCEDURES WITHOUT MCC,123,205613.77236,51230.430894,48576.02439
080004,"Bayhealth Hospital, Kent Campus",Dover,640 S State Street,10,19901,DE,1.0,"Metropolitan area core: primary flow within an urbanized area of 50,000 and greater",266,ENDOVASCULAR CARDIAC VALVE REPLACEMENT AND SUPPLEMENT PROCEDURES WITH MCC,18,164068.38889,53556.833333,52524.222222
080004,"Bayhealth Hospital, Kent Campus",Dover,640 S State Street,10,19901,DE,1.0,"Metropolitan area core: primary flow within an urbanized area of 50,000 and greater",267,ENDOVASCULAR CARDIAC VALVE REPLACEMENT AND SUPPLEMENT PROCEDURES WITHOUT MCC,20,112981.2,40184.4,38670.25
080007,Beebe Medical Center,Lewes,424 Savannah Rd,10,19958,DE,4.0,"Micropolitan area core: primary flow within an urban cluster of 10,000 to 49,999",267,ENDOVASCULAR CARDIAC VALVE REPLACEMENT AND SUPPLEMENT PROCEDURES WITHOUT MCC,34,133522.23529,38016.0,36413.735294
090001,George Washington Univ Hospital,Washington,900 23rd St Nw,11,20037,DC,1.0,"Metropolitan area core: primary flow within an urbanized area of 50,000 and greater",266,ENDOVASCULAR CARDIAC VALVE REPLACEMENT AND SUPPLEMENT PROCEDURES WITH MCC,15,398223.93333,71189.0,67342.133333
090001,George Washington Univ Hospital,Washington,900 23rd St Nw,11,20037,DC,1.0,"Metropolitan area core: primary flow within an urbanized area of 50,000 and greater",267,ENDOVASCULAR CARDIAC VALVE REPLACEMENT AND SUPPLEMENT PROCEDURES WITHOUT MCC,39,324075.4359,56124.461538,51579.487179
090011,Medstar Washington Hospital Center,Washington,110 Irving Street Nw,11,20010,DC,1.0,"Metropolitan area core: primary flow within an urbanized area of 50,000 and greater",266,ENDOVASCULAR CARDIAC VALVE REPLACEMENT AND SUPPLEMENT PROCEDURES WITH MCC,91,242226.18681,70669.384615,62036.241758
090011,Medstar Washington Hospital Center,Washington,110 Irving Street Nw,11,20010,DC,1.0,"Metropolitan area core: primary flow within an urbanized area of 50,000 and greater",267,ENDOVASCULAR CARDIAC VALVE REPLACEMENT AND SUPPLEMENT PROCEDURES WITHOUT MCC,197,191115.35533,53628.299492,47786.045685
100002,Bethesda Hospital East,Boynton Beach,2815 S Seacrest Blvd,12,33435,FL,1.0,"Metropolitan area core: primary flow within an urbanized area of 50,000 and greater",266,ENDOVASCULAR CARDIAC VALVE REPLACEMENT AND SUPPLEMENT PROCEDURES WITH MCC,17,312716.82353,48331.941176,46773.647059
100002,Bethesda Hospital East,Boynton Beach,2815 S Seacrest Blvd,12,33435,FL,1.0,"Metropolitan area core: primary flow within an urbanized area of 50,000 and greater",267,ENDOVASCULAR CARDIAC VALVE REPLACEMENT AND SUPPLEMENT PROCEDURES WITHOUT MCC,36,225502.63889,38419.5,36951.166667
100006,Orlando Health Orlando Regional Medical Center,Orlando,52 W Underwood St,12,32806,FL,1.0,"Metropolitan area core: primary flow within an urbanized area of 50,000 and greater",266,ENDOVASCULAR CARDIAC VALVE REPLACEMENT AND SUPPLEMENT PROCEDURES WITH MCC,47,519447.29787,65107.212766,54399.425532
100006,Orlando Health Orlando Regional Medical Center,Orlando,52 W Underwood St,12,32806,FL,1.0,"Metropolitan area core: primary flow within an urbanized area of 50,000 and greater",267,ENDOVASCULAR CARDIAC VALVE REPLACEMENT AND SUPPLEMENT PROCEDURES WITHOUT MCC,82,281586.2561,38802.97561,37591.012195
100007,Adventhealth Orlando,Orlando,601 E Rollins St,12,32803,FL,1.0,"Metropolitan area core: primary flow within an urbanized area of 50,000 and greater",266,ENDOVASCULAR CARDIAC VALVE REPLACEMENT AND SUPPLEMENT PROCEDURES WITH MCC,71,487675.40845,53880.985915,51281.183099
100007,Adventhealth Orlando,Orlando,601 E Rollins St,12,32803,FL,1.0,"Metropolitan area core: primary flow within an urbanized area of 50,000 and greater",267,ENDOVASCULAR CARDIAC VALVE REPLACEMENT AND SUPPLEMENT PROCEDURES WITHOUT MCC,108,395709.69444,43384.592593,35912.055556
100008,Baptist Hospital Of Miami,Miami,8900 N Kendall Dr,12,33176,FL,1.0,"Metropolitan area core: primary flow within an urbanized area of 50,000 and greater",266,ENDOVASCULAR CARDIAC VALVE REPLACEMENT AND SUPPLEMENT PROCEDURES WITH MCC,21,441090.28571,66183.761905,65038.142857
100008,Baptist Hospital Of Miami,Miami,8900 N Kendall Dr,12,33176,FL,1.0,"Metropolitan area core: primary flow within an urbanized area of 50,000 and greater",267,ENDOVASCULAR CARDIAC VALVE REPLACEMENT AND SUPPLEMENT PROCEDURES WITHOUT MCC,33,315165.60606,41275.151515,40049.212121
100012,Lee Memorial Hospital,Fort Myers,2776 Cleveland Ave,12,33901,FL,1.0,"Metropolitan area core: primary flow within an urbanized area of 50,000 and greater",266,ENDOVASCULAR CARDIAC VALVE REPLACEMENT AND SUPPLEMENT PROCEDURES WITH MCC,24,356600.70833,53724.625,52865.916667
100012,Lee Memorial Hospital,Fort Myers,2776 Cleveland Ave,12,33901,FL,1.0,"Metropolitan area core: primary flow within an urbanized area of 50,000 and greater",267,ENDOVASCULAR CARDIAC VALVE REPLACEMENT AND SUPPLEMENT PROCEDURES WITHOUT MCC,103,302856.1165,40906.262136,38434.126214
100017,Halifax Health Medical Center,Daytona Beach,303 N Clyde Morris Blvd,12,32114,FL,1.0,"Metropolitan area core: primary flow within an urbanized area of 50,000 and greater",266,ENDOVASCULAR CARDIAC VALVE REPLACEMENT AND SUPPLEMENT PROCEDURES WITH MCC,17,191039.47059,47055.588235,45542.176471
100018,Naples Community Hospital,Naples,350 7th St N,12,34102,FL,1.0,"Metropolitan area core: primary flow within an urbanized area of 50,000 and greater",266,ENDOVASCULAR CARDIAC VALVE REPLACEMENT AND SUPPLEMENT PROCEDURES WITH MCC,63,181543.11111,45668.539683,44550.349206
100018,Naples Community Hospital,Naples,350 7th St N,12,34102,FL,1.0,"Metropolitan area core: primary flow within an urbanized area of 50,000 and greater",267,ENDOVASCULAR CARDIAC VALVE REPLACEMENT AND SUPPLEMENT PROCEDURES WITHOUT MCC,82,140166.14634,36489.365854,35098.695122
100019,Holmes Regional Medical Center,Melbourne,1350 S Hickory St,12,32901,FL,1.0,"Metropolitan area core: primary flow within an urbanized area of 50,000 and greater",266,ENDOVASCULAR CARDIAC VALVE REPLACEMENT AND SUPPLEMENT PROCEDURES WITH MCC,23,509394.95652,64929.782609,63810.869565
100019,Holmes Regional Medical Center,Melbourne,1350 S Hickory St,12,32901,FL,1.0,"Metropolitan area core: primary flow within an urbanized area of 50,000 and greater",267,ENDOVASCULAR CARDIAC VALVE REPLACEMENT AND SUPPLEMENT PROCEDURES WITHOUT MCC,71,374732.94366,42835.126761,41518.929577
100023,Hca Florida Citrus Hospital,Inverness,502 W Highland Blvd,12,34452,FL,1.0,"Metropolitan area core: primary flow within an urbanized area of 50,000 and greater",267,ENDOVASCULAR CARDIAC VALVE REPLACEMENT AND SUPPLEMENT PROCEDURES WITHOUT MCC,54,309490.96296,37498.611111,36064.796296
100025,Ascension Sacred Heart Pensacola,Pensacola,5151 N 9th Ave,12,32504,FL,1.0,"Metropolitan area core: primary flow within an urbanized area of 50,000 and greater",266,ENDOVASCULAR CARDIAC VALVE REPLACEMENT AND SUPPLEMENT PROCEDURES WITH MCC,19,198580.94737,48925.684211,41525.052632
100025,Ascension Sacred Heart Pensacola,Pensacola,5151 N 9th Ave,12,32504,FL,1.0,"Metropolitan area core: primary flow within an urbanized area of 50,000 and greater",267,ENDOVASCULAR CARDIAC VALVE REPLACEMENT AND SUPPLEMENT PROCEDURES WITHOUT MCC,25,189580.6,36416.76,34952.68
100026,Ascension Sacred Heart Bay,Panama City,615 N Bonita Ave,12,32401,FL,1.0,"Metropolitan area core: primary flow within an urbanized area of 50,000 and greater",267,ENDOVASCULAR CARDIAC VALVE REPLACEMENT AND SUPPLEMENT PROCEDURES WITHOUT MCC,18,221581.61111,35824.5,34614.222222
100034,"Mount Sinai Medical Center Of Florida, Inc",Miami Beach,4300 Alton Rd,12,33140,FL,1.0,"Metropolitan area core: primary flow within an urbanized area of 50,000 and greater",266,ENDOVASCULAR CARDIAC VALVE REPLACEMENT AND SUPPLEMENT PROCEDURES WITH MCC,14,226580.57143,51625.142857,48661.285714
100034,"Mount Sinai Medical Center Of Florida, Inc",Miami Beach,4300 Alton Rd,12,33140,FL,1.0,"Metropolitan area core: primary flow within an urbanized area of 50,000 and greater",267,ENDOVASCULAR CARDIAC VALVE REPLACEMENT AND SUPPLEMENT PROCEDURES WITHOUT MCC,34,159863.08824,42896.5,40823.323529
100035,Manatee Memorial Hospital,Bradenton,206 2nd St E,12,34208,FL,1.0,"Metropolitan area core: primary flow within an urbanized area of 50,000 and greater",266,ENDOVASCULAR CARDIAC VALVE REPLACEMENT AND SUPPLEMENT PROCEDURES WITH MCC,21,713957.04762,57045.857143,54932.952381
100035,Manatee Memorial Hospital,Bradenton,206 2nd St E,12,34208,FL,1.0,"Metropolitan area core: primary flow within an urbanized area of 50,000 and greater",267,ENDOVASCULAR CARDIAC VALVE REPLACEMENT AND SUPPLEMENT PROCEDURES WITHOUT MCC,89,533565.97753,42150.910112,40835.685393
100038,Memorial Regional Hospital,Hollywood,3501 Johnson St,12,33021,FL,1.0,"Metropolitan area core: primary flow within an urbanized area of 50,000 and greater",266,ENDOVASCULAR CARDIAC VALVE REPLACEMENT AND SUPPLEMENT PROCEDURES WITH MCC,17,280242.0,53801.058824,51443.764706
100038,Memorial Regional Hospital,Hollywood,3501 Johnson St,12,33021,FL,1.0,"Metropolitan area core: primary flow within an urbanized area of 50,000 and greater",267,ENDOVASCULAR CARDIAC VALVE REPLACEMENT AND SUPPLEMENT PROCEDURES WITHOUT MCC,34,198407.02941,41974.088235,40545.764706
100039,Broward Health Medical Center,Fort Lauderdale,1600 S Andrews Ave,12,33316,FL,1.0,"Metropolitan area core: primary flow within an urbanized area of 50,000 and greater",267,ENDOVASCULAR CARDIAC VALVE REPLACEMENT AND SUPPLEMENT PROCEDURES WITHOUT MCC,27,141211.25926,45594.333333,39325.074074
100040,Ascension St Vincent's Riverside,Jacksonville,1 Shircliff Way,12,32204,FL,1.0,"Metropolitan area core: primary flow within an urbanized area of 50,000 and greater",266,ENDOVASCULAR CARDIAC VALVE REPLACEMENT AND SUPPLEMENT PROCEDURES WITH MCC,84,249083.17857,43146.916667,41733.142857
100040,Ascension St Vincent's Riverside,Jacksonville,1 Shircliff Way,12,32204,FL,1.0,"Metropolitan area core: primary flow within an urbanized area of 50,000 and greater",267,ENDOVASCULAR CARDIAC VALVE REPLACEMENT AND SUPPLEMENT PROCEDURES WITHOUT MCC,18,241422.22222,39494.166667,31530.555556
100044,Cleveland Clinic Martin North Hospital,Stuart,200 Se Hospital Ave,12,34994,FL,1.0,"Metropolitan area core: primary flow within an urbanized area of 50,000 and greater",266,ENDOVASCULAR CARDIAC VALVE REPLACEMENT AND SUPPLEMENT PROCEDURES WITH MCC,14,247332.64286,43068.5,42290.5
100044,Cleveland Clinic Martin North Hospital,Stuart,200 Se Hospital Ave,12,34994,FL,1.0,"Metropolitan area core: primary flow within an urbanized area of 50,000 and greater",267,ENDOVASCULAR CARDIAC VALVE REPLACEMENT AND SUPPLEMENT PROCEDURES WITHOUT MCC,42,172817.30952,36083.761905,31038.880952
100052,Winter Haven Hospital,Winter Haven,200 Ave F Ne,12,33881,FL,1.0,"Metropolitan area core: primary flow within an urbanized area of 50,000 and greater",266,ENDOVASCULAR CARDIAC VALVE REPLACEMENT AND SUPPLEMENT PROCEDURES WITH MCC,23,231791.6087,43405.478261,41950.173913
100052,Winter Haven Hospital,Winter Haven,200 Ave F Ne,12,33881,FL,1.0,"Metropolitan area core: primary flow within an urbanized area of 50,000 and greater",267,ENDOVASCULAR CARDIAC VALVE REPLACEMENT AND SUPPLEMENT PROCEDURES WITHOUT MCC,11,208276.36364,35462.0,34014.818182
100057,Adventhealth Waterman,Tavares,1000 Waterman Way,12,32778,FL,1.0,"Metropolitan area core: primary flow within an urbanized area of 50,000 and greater",266,ENDOVASCULAR CARDIAC VALVE REPLACEMENT AND SUPPLEMENT PROCEDURES WITH MCC,12,206310.0,41808.333333,41030.333333
100057,Adventhealth Waterman,Tavares,1000 Waterman Way,12,32778,FL,1.0,"Metropolitan area core: primary flow within an urbanized area of 50,000 and greater",267,ENDOVASCULAR CARDIAC VALVE REPLACEMENT AND SUPPLEMENT PROCEDURES WITHOUT MCC,14,181148.85714,34072.428571,30348.071429
100062,Adventhealth Ocala,Ocala,1500 Sw 1st Ave,12,34474,FL,1.0,"Metropolitan area core: primary flow within an urbanized area of 50,000 and greater",266,ENDOVASCULAR CARDIAC VALVE REPLACEMENT AND SUPPLEMENT PROCEDURES WITH MCC,28,502128.53571,49916.821429,43363.357143
100062,Adventhealth Ocala,Ocala,1500 Sw 1st Ave,12,34474,FL,1.0,"Metropolitan area core: primary flow within an urbanized area of 50,000 and greater",267,ENDOVASCULAR CARDIAC VALVE REPLACEMENT AND SUPPLEMENT PROCEDURES WITHOUT MCC,28,476265.71429,37409.964286,36189.928571
100068,Adventhealth Daytona Beach,Daytona Beach,301 Memorial Medical Parkway,12,32117,FL,1.0,"Metropolitan area core: primary flow within an urbanized area of 50,000 and greater",266,ENDOVASCULAR CARDIAC VALVE REPLACEMENT AND SUPPLEMENT PROCEDURES WITH MCC,33,215499.18182,45445.939394,39345.818182
100068,Adventhealth Daytona Beach,Daytona Beach,301 Memorial Medical Parkway,12,32117,FL,1.0,"Metropolitan area core: primary flow within an urbanized area of 50,000 and greater",267,ENDOVASCULAR CARDIAC VALVE REPLACEMENT AND SUPPLEMENT PROCEDURES WITHOUT MCC,73,180691.68493,34429.684932,32428.589041
100070,Shorepoint Health Venice,Venice,540 The Rialto,12,34285,FL,1.0,"Metropolitan area core: primary flow within an urbanized area of 50,000 and greater",267,ENDOVASCULAR CARDIAC VALVE REPLACEMENT AND SUPPLEMENT PROCEDURES WITHOUT MCC,13,262733.46154,34783.846154,34065.692308
100073,Holy Cross Hospital,Fort Lauderdale,4725 N Federal Hwy,12,33308,FL,1.0,"Metropolitan area core: primary flow within an urbanized area of 50,000 and greater",266,ENDOVASCULAR CARDIAC VALVE REPLACEMENT AND SUPPLEMENT PROCEDURES WITH MCC,25,239746.36,49948.84,48362.28
100073,Holy Cross Hospital,Fort Lauderdale,4725 N Federal Hwy,12,33308,FL,1.0,"Metropolitan area core: primary flow within an urbanized area of 50,000 and greater",267,ENDOVASCULAR CARDIAC VALVE REPLACEMENT AND SUPPLEMENT PROCEDURES WITHOUT MCC,12,223076.0,39744.25,38506.916667
100075,St Josephs Hospital,Tampa,3001 W Martin Luther King Jr Blvd,12,33677,FL,1.0,"Metropolitan area core: primary flow within an urbanized area of 50,000 and greater",266,ENDOVASCULAR CARDIAC VALVE REPLACEMENT AND SUPPLEMENT PROCEDURES WITH MCC,42,179058.59524,48874.595238,43631.595238
100077,Shorepoint Health Port Charlotte,Port Charlotte,2500 Harbor Blvd,12,33952,FL,1.0,"Metropolitan area core: primary flow within an urbanized area of 50,000 and greater",267,ENDOVASCULAR CARDIAC VALVE REPLACEMENT AND SUPPLEMENT PROCEDURES WITHOUT MCC,56,207695.07143,33742.678571,32992.464286
100080,Hca Florida Jfk Hospital,Atlantis,5301 S Congress Ave,12,33462,FL,1.0,"Metropolitan area core: primary flow within an urbanized area of 50,000 and greater",266,ENDOVASCULAR CARDIAC VALVE REPLACEMENT AND SUPPLEMENT PROCEDURES WITH MCC,32,436551.09375,47289.4375,46321.4375
100080,Hca Florida Jfk Hospital,Atlantis,5301 S Congress Ave,12,33462,FL,1.0,"Metropolitan area core: primary flow within an urbanized area of 50,000 and greater",267,ENDOVASCULAR CARDIAC VALVE REPLACEMENT AND SUPPLEMENT PROCEDURES WITHOUT MCC,67,317584.43284,38695.119403,36211.835821
100084,Uf Health Leesburg Hospital,Leesburg,600 E Dixie Ave,12,34748,FL,1.0,"Metropolitan area core: primary flow within an urbanized area of 50,000 and greater",266,ENDOVASCULAR CARDIAC VALVE REPLACEMENT AND SUPPLEMENT PROCEDURES WITH MCC,20,149488.55,40936.0,39535.6
100084,Uf Health Leesburg Hospital,Leesburg,600 E Dixie Ave,12,34748,FL,1.0,"Metropolitan area core: primary flow within an urbanized area of 50,000 and greater",267,ENDOVASCULAR CARDIAC VALVE REPLACEMENT AND SUPPLEMENT PROCEDURES WITHOUT MCC,28,145010.39286,34567.392857,33455.964286
100087,Sarasota Memorial Hospital,Sarasota,1700 S Tamiami Trl,12,34239,FL,1.0,"Metropolitan area core: primary flow within an urbanized area of 50,000 and greater",266,ENDOVASCULAR CARDIAC VALVE REPLACEMENT AND SUPPLEMENT PROCEDURES WITH MCC,127,325791.13386,46883.023622,45906.149606
100087,Sarasota Memorial Hospital,Sarasota,1700 S Tamiami Trl,12,34239,FL,1.0,"Metropolitan area core: primary flow within an urbanized area of 50,000 and greater",267,ENDOVASCULAR CARDIAC VALVE REPLACEMENT AND SUPPLEMENT PROCEDURES WITHOUT MCC,149,298289.36913,39182.422819,36006.671141
100088,Baptist Medical Center Jacksonville,Jacksonville,800 Prudential Dr,12,32207,FL,1.0,"Metropolitan area core: primary flow within an urbanized area of 50,000 and greater",266,ENDOVASCULAR CARDIAC VALVE REPLACEMENT AND SUPPLEMENT PROCEDURES WITH MCC,52,253691.67308,44926.288462,43874.576923
100088,Baptist Medical Center Jacksonville,Jacksonville,800 Prudential Dr,12,32207,FL,1.0,"Metropolitan area core: primary flow within an urbanized area of 50,000 and greater",267,ENDOVASCULAR CARDIAC VALVE REPLACEMENT AND SUPPLEMENT PROCEDURES WITHOUT MCC,86,219371.61628,35649.151163,34491.511628
100090,Flagler Hospital,Saint Augustine,400 Health Park Blvd,12,32086,FL,1.0,"Metropolitan area core: primary flow within an urbanized area of 50,000 and greater",267,ENDOVASCULAR CARDIAC VALVE REPLACEMENT AND SUPPLEMENT PROCEDURES WITHOUT MCC,15,155488.33333,41081.533333,39733.0
100093,Baptist Hospital,Pensacola,1000 W Moreno St,12,32501,FL,1.0,"Metropolitan area core: primary flow within an urbanized area of 50,000 and greater",266,ENDOVASCULAR CARDIAC VALVE REPLACEMENT AND SUPPLEMENT PROCEDURES WITH MCC,46,134271.52174,41905.021739,40670.23913
100093,Baptist Hospital,Pensacola,1000 W Moreno St,12,32501,FL,1.0,"Metropolitan area core: primary flow within an urbanized area of 50,000 and greater",267,ENDOVASCULAR CARDIAC VALVE REPLACEMENT AND SUPPLEMENT PROCEDURES WITHOUT MCC,21,124599.71429,34033.571429,32679.857143
100105,Cleveland Clinic Indian River Hospital,Vero Beach,1000 36th St,12,32960,FL,1.0,"Metropolitan area core: primary flow within an urbanized area of 50,000 and greater",266,ENDOVASCULAR CARDIAC VALVE REPLACEMENT AND SUPPLEMENT PROCEDURES WITH MCC,17,187367.52941,42627.647059,41666.529412
100105,Cleveland Clinic Indian River Hospital,Vero Beach,1000 36th St,12,32960,FL,1.0,"Metropolitan area core: primary flow within an urbanized area of 50,000 and greater",267,ENDOVASCULAR CARDIAC VALVE REPLACEMENT AND SUPPLEMENT PROCEDURES WITHOUT MCC,60,171958.9,34652.35,33413.483333
100110,Hca Florida Osceola Hospital,Kissimmee,700 West Oak Street,12,34741,FL,1.1,"Secondary flow 30% to <50% to a larger urbanized area of 50,000 and greater",266,ENDOVASCULAR CARDIAC VALVE REPLACEMENT AND SUPPLEMENT PROCEDURES WITH MCC,11,451072.18182,51397.0,50548.272727
100110,Hca Florida Osceola Hospital,Kissimmee,700 West Oak Street,12,34741,FL,1.1,"Secondary flow 30% to <50% to a larger urbanized area of 50,000 and greater",267,ENDOVASCULAR CARDIAC VALVE REPLACEMENT AND SUPPLEMENT PROCEDURES WITHOUT MCC,20,346881.7,41698.5,40453.7
100113,Uf Health Shands Hospital,Gainesville,1600 Sw Archer Rd,12,32610,FL,1.0,"Metropolitan area core: primary flow within an urbanized area of 50,000 and greater",266,ENDOVASCULAR CARDIAC VALVE REPLACEMENT AND SUPPLEMENT PROCEDURES WITH MCC,51,208526.09804,59755.431373,56593.568627
100113,Uf Health Shands Hospital,Gainesville,1600 Sw Archer Rd,12,32610,FL,1.0,"Metropolitan area core: primary flow within an urbanized area of 50,000 and greater",267,ENDOVASCULAR CARDIAC VALVE REPLACEMENT AND SUPPLEMENT PROCEDURES WITHOUT MCC,40,159453.925,45818.65,39488.925
100127,Morton Plant Hospital,Clearwater,300 Pinellas St,12,33756,FL,1.0,"Metropolitan area core: primary flow within an urbanized area of 50,000 and greater",266,ENDOVASCULAR CARDIAC VALVE REPLACEMENT AND SUPPLEMENT PROCEDURES WITH MCC,84,189619.14286,45156.047619,43948.880952
100128,Tampa General Hospital,Tampa,1 Tampa General Cir,12,33606,FL,1.0,"Metropolitan area core: primary flow within an urbanized area of 50,000 and greater",266,ENDOVASCULAR CARDIAC VALVE REPLACEMENT AND SUPPLEMENT PROCEDURES WITH MCC,65,256442.75385,57428.861538,53164.138462
100128,Tampa General Hospital,Tampa,1 Tampa General Cir,12,33606,FL,1.0,"Metropolitan area core: primary flow within an urbanized area of 50,000 and greater",267,ENDOVASCULAR CARDIAC VALVE REPLACEMENT AND SUPPLEMENT PROCEDURES WITHOUT MCC,49,202480.20408,42815.693878,40521.816327
100135,Tallahassee Memorial Hospital,Tallahassee,1300 Miccosukee Rd,12,32308,FL,1.0,"Metropolitan area core: primary flow within an urbanized area of 50,000 and greater",266,ENDOVASCULAR CARDIAC VALVE REPLACEMENT AND SUPPLEMENT PROCEDURES WITH MCC,26,253658.34615,47400.384615,45982.5
100135,Tallahassee Memorial Hospital,Tallahassee,1300 Miccosukee Rd,12,32308,FL,1.0,"Metropolitan area core: primary flow within an urbanized area of 50,000 and greater",267,ENDOVASCULAR CARDIAC VALVE REPLACEMENT AND SUPPLEMENT PROCEDURES WITHOUT MCC,50,197816.16,41206.2,34982.28
100151,Mayo Clinic,Jacksonville,4500 San Pablo Rd,12,32224,FL,1.0,"Metropolitan area core: primary flow within an urbanized area of 50,000 and greater",266,ENDOVASCULAR CARDIAC VALVE REPLACEMENT AND SUPPLEMENT PROCEDURES WITH MCC,29,126205.96552,52705.034483,47469.103448
100151,Mayo Clinic,Jacksonville,4500 San Pablo Rd,12,32224,FL,1.0,"Metropolitan area core: primary flow within an urbanized area of 50,000 and greater",267,ENDOVASCULAR CARDIAC VALVE REPLACEMENT AND SUPPLEMENT PROCEDURES WITHOUT MCC,82,98148.195122,39627.45122,34807.804878
100154,South Miami Hospital,South Miami,6200 Sw 73rd St,12,33143,FL,1.0,"Metropolitan area core: primary flow within an urbanized area of 50,000 and greater",267,ENDOVASCULAR CARDIAC VALVE REPLACEMENT AND SUPPLEMENT PROCEDURES WITHOUT MCC,17,304240.17647,39363.294118,37904.705882
100157,Lakeland Regional Medical Center,Lakeland,1324 Lakeland Hills Blvd,12,33805,FL,1.0,"Metropolitan area core: primary flow within an urbanized area of 50,000 and greater",266,ENDOVASCULAR CARDIAC VALVE REPLACEMENT AND SUPPLEMENT PROCEDURES WITH MCC,58,276240.62069,46014.655172,42771.87931
100157,Lakeland Regional Medical Center,Lakeland,1324 Lakeland Hills Blvd,12,33805,FL,1.0,"Metropolitan area core: primary flow within an urbanized area of 50,000 and greater",267,ENDOVASCULAR CARDIAC VALVE REPLACEMENT AND SUPPLEMENT PROCEDURES WITHOUT MCC,93,239854.55914,35974.225806,33796.655914
100168,Boca Raton Regional Hospital,Boca Raton,800 Meadows Rd,12,33486,FL,1.0,"Metropolitan area core: primary flow within an urbanized area of 50,000 and greater",266,ENDOVASCULAR CARDIAC VALVE REPLACEMENT AND SUPPLEMENT PROCEDURES WITH MCC,50,329919.98,50083.52,48108.2
100168,Boca Raton Regional Hospital,Boca Raton,800 Meadows Rd,12,33486,FL,1.0,"Metropolitan area core: primary flow within an urbanized area of 50,000 and greater",267,ENDOVASCULAR CARDIAC VALVE REPLACEMENT AND SUPPLEMENT PROCEDURES WITHOUT MCC,76,278992.67105,38253.078947,36754.723684
100173,Adventhealth Tampa,Tampa,3100 E Fletcher Ave,12,33613,FL,1.0,"Metropolitan area core: primary flow within an urbanized area of 50,000 and greater",266,ENDOVASCULAR CARDIAC VALVE REPLACEMENT AND SUPPLEMENT PROCEDURES WITH MCC,39,351605.30769,45285.641026,44457.769231
100173,Adventhealth Tampa,Tampa,3100 E Fletcher Ave,12,33613,FL,1.0,"Metropolitan area core: primary flow within an urbanized area of 50,000 and greater",267,ENDOVASCULAR CARDIAC VALVE REPLACEMENT AND SUPPLEMENT PROCEDURES WITHOUT MCC,27,315625.92593,36009.259259,34741.444444
100176,Palm Beach Gardens Medical Center,Palm Beach Gardens,3360 Burns Rd,12,33410,FL,1.0,"Metropolitan area core: primary flow within an urbanized area of 50,000 and greater",266,ENDOVASCULAR CARDIAC VALVE REPLACEMENT AND SUPPLEMENT PROCEDURES WITH MCC,22,415524.31818,41670.363636,41019.409091
100176,Palm Beach Gardens Medical Center,Palm Beach Gardens,3360 Burns Rd,12,33410,FL,1.0,"Metropolitan area core: primary flow within an urbanized area of 50,000 and greater",267,ENDOVASCULAR CARDIAC VALVE REPLACEMENT AND SUPPLEMENT PROCEDURES WITHOUT MCC,23,310155.73913,33609.913043,32561.304348
100179,Hca Florida Memorial Hospital,Jacksonville,3625 University Blvd S,12,32216,FL,1.0,"Metropolitan area core: primary flow within an urbanized area of 50,000 and greater",266,ENDOVASCULAR CARDIAC VALVE REPLACEMENT AND SUPPLEMENT PROCEDURES WITH MCC,23,450476.65217,44401.913043,39094.826087
100179,Hca Florida Memorial Hospital,Jacksonville,3625 University Blvd S,12,32216,FL,1.0,"Metropolitan area core: primary flow within an urbanized area of 50,000 and greater",267,ENDOVASCULAR CARDIAC VALVE REPLACEMENT AND SUPPLEMENT PROCEDURES WITHOUT MCC,32,361860.46875,38304.0625,32613.6875
100187,Steward Palmetto General Hospital,Hialeah,2001 W 68th St,12,33016,FL,1.0,"Metropolitan area core: primary flow within an urbanized area of 50,000 and greater",267,ENDOVASCULAR CARDIAC VALVE REPLACEMENT AND SUPPLEMENT PROCEDURES WITHOUT MCC,19,279599.78947,40893.263158,40016.421053
100204,Hca Florida North Florida Hospital,Gainesville,6500 W Newberry Rd,12,32605,FL,1.0,"Metropolitan area core: primary flow within an urbanized area of 50,000 and greater",266,ENDOVASCULAR CARDIAC VALVE REPLACEMENT AND SUPPLEMENT PROCEDURES WITH MCC,100,278791.18,52539.85,47348.94
100212,Hca Florida Ocala Hospital,Ocala,1431 Sw 1st Ave,12,34471,FL,1.0,"Metropolitan area core: primary flow within an urbanized area of 50,000 and greater",267,ENDOVASCULAR CARDIAC VALVE REPLACEMENT AND SUPPLEMENT PROCEDURES WITHOUT MCC,40,404923.925,37172.525,36005.525
100223,Hca Florida Fort Walton-Destin Hospital,Fort Walton Beach,1000 Mar-Walt Dr,12,32547,FL,1.0,"Metropolitan area core: primary flow within an urbanized area of 50,000 and greater",267,ENDOVASCULAR CARDIAC VALVE REPLACEMENT AND SUPPLEMENT PROCEDURES WITHOUT MCC,11,411727.81818,34080.727273,32666.181818
100226,Hca Florida Orange Park Hospital,Orange Park,2001 Kingsley Ave,12,32073,FL,1.0,"Metropolitan area core: primary flow within an urbanized area of 50,000 and greater",267,ENDOVASCULAR CARDIAC VALVE REPLACEMENT AND SUPPLEMENT PROCEDURES WITHOUT MCC,17,349177.23529,45557.647059,37561.764706
100228,Hca Florida Westside Hospital,Plantation,8201 W Broward Blvd,12,33324,FL,1.0,"Metropolitan area core: primary flow within an urbanized area of 50,000 and greater",266,ENDOVASCULAR CARDIAC VALVE REPLACEMENT AND SUPPLEMENT PROCEDURES WITH MCC,19,503271.94737,45290.473684,44468.894737
100236,Hca Florida Fawcett Hospital,Port Charlotte,21298 Olean Blvd,12,33952,FL,1.0,"Metropolitan area core: primary flow within an urbanized area of 50,000 and greater",266,ENDOVASCULAR CARDIAC VALVE REPLACEMENT AND SUPPLEMENT PROCEDURES WITH MCC,14,388416.71429,41194.214286,40193.928571
100236,Hca Florida Fawcett Hospital,Port Charlotte,21298 Olean Blvd,12,33952,FL,1.0,"Metropolitan area core: primary flow within an urbanized area of 50,000 and greater",267,ENDOVASCULAR CARDIAC VALVE REPLACEMENT AND SUPPLEMENT PROCEDURES WITHOUT MCC,27,342605.03704,33032.814815,31937.851852
100243,Hca Florida Brandon Hospital,Brandon,119 Oakfield Dr,12,33511,FL,1.0,"Metropolitan area core: primary flow within an urbanized area of 50,000 and greater",266,ENDOVASCULAR CARDIAC VALVE REPLACEMENT AND SUPPLEMENT PROCEDURES WITH MCC,11,517723.90909,52642.272727,51800.181818
100243,Hca Florida Brandon Hospital,Brandon,119 Oakfield Dr,12,33511,FL,1.0,"Metropolitan area core: primary flow within an urbanized area of 50,000 and greater",267,ENDOVASCULAR CARDIAC VALVE REPLACEMENT AND SUPPLEMENT PROCEDURES WITHOUT MCC,27,364881.55556,41513.666667,40072.925926
100246,Hca Florida Lawnwood Hospital,Fort Pierce,1700 S 23rd St,12,34950,FL,1.0,"Metropolitan area core: primary flow within an urbanized area of 50,000 and greater",266,ENDOVASCULAR CARDIAC VALVE REPLACEMENT AND SUPPLEMENT PROCEDURES WITH MCC,21,373106.33333,44355.095238,41669.666667
100246,Hca Florida Lawnwood Hospital,Fort Pierce,1700 S 23rd St,12,34950,FL,1.0,"Metropolitan area core: primary flow within an urbanized area of 50,000 and greater",267,ENDOVASCULAR CARDIAC VALVE REPLACEMENT AND SUPPLEMENT PROCEDURES WITHOUT MCC,34,244649.73529,35771.470588,34718.882353
100248,Hca Florida Largo Hospital,Largo,201 14th St Sw,12,33770,FL,1.0,"Metropolitan area core: primary flow within an urbanized area of 50,000 and greater",266,ENDOVASCULAR CARDIAC VALVE REPLACEMENT AND SUPPLEMENT PROCEDURES WITH MCC,15,380975.4,57228.266667,41466.8
100248,Hca Florida Largo Hospital,Largo,201 14th St Sw,12,33770,FL,1.0,"Metropolitan area core: primary flow within an urbanized area of 50,000 and greater",267,ENDOVASCULAR CARDIAC VALVE REPLACEMENT AND SUPPLEMENT PROCEDURES WITHOUT MCC,14,338093.14286,43209.857143,35778.857143
100253,Jupiter Medical Center,Jupiter,1210 S Old Dixie Hwy,12,33458,FL,1.0,"Metropolitan area core: primary flow within an urbanized area of 50,000 and greater",266,ENDOVASCULAR CARDIAC VALVE REPLACEMENT AND SUPPLEMENT PROCEDURES WITH MCC,11,268441.90909,42041.727273,41334.363636
100253,Jupiter Medical Center,Jupiter,1210 S Old Dixie Hwy,12,33458,FL,1.0,"Metropolitan area core: primary flow within an urbanized area of 50,000 and greater",267,ENDOVASCULAR CARDIAC VALVE REPLACEMENT AND SUPPLEMENT PROCEDURES WITHOUT MCC,29,246324.89655,34299.724138,33119.310345
100256,Hca Florida Bayonet Point Hospital,Hudson,14000 Fivay Rd,12,34667,FL,1.0,"Metropolitan area core: primary flow within an urbanized area of 50,000 and greater",266,ENDOVASCULAR CARDIAC VALVE REPLACEMENT AND SUPPLEMENT PROCEDURES WITH MCC,32,428710.625,49211.375,48287.5
100256,Hca Florida Bayonet Point Hospital,Hudson,14000 Fivay Rd,12,34667,FL,1.0,"Metropolitan area core: primary flow within an urbanized area of 50,000 and greater",267,ENDOVASCULAR CARDIAC VALVE REPLACEMENT AND SUPPLEMENT PROCEDURES WITHOUT MCC,38,333148.84211,39689.105263,38583.526316
100258,Delray Medical Center,Delray Beach,5352 Linton Blvd,12,33484,FL,1.0,"Metropolitan area core: primary flow within an urbanized area of 50,000 and greater",266,ENDOVASCULAR CARDIAC VALVE REPLACEMENT AND SUPPLEMENT PROCEDURES WITH MCC,25,512627.88,44545.68,43273.76
100258,Delray Medical Center,Delray Beach,5352 Linton Blvd,12,33484,FL,1.0,"Metropolitan area core: primary flow within an urbanized area of 50,000 and greater",267,ENDOVASCULAR CARDIAC VALVE REPLACEMENT AND SUPPLEMENT PROCEDURES WITHOUT MCC,53,352577.26415,34033.528302,32609.150943
100264,Hca Florida Oak Hill Hospital,Brooksville,11375 Cortez Blvd,12,34613,FL,1.1,"Secondary flow 30% to <50% to a larger urbanized area of 50,000 and greater",266,ENDOVASCULAR CARDIAC VALVE REPLACEMENT AND SUPPLEMENT PROCEDURES WITH MCC,11,339060.63636,44573.0,44042.545455
100264,Hca Florida Oak Hill Hospital,Brooksville,11375 Cortez Blvd,12,34613,FL,1.1,"Secondary flow 30% to <50% to a larger urbanized area of 50,000 and greater",267,ENDOVASCULAR CARDIAC VALVE REPLACEMENT AND SUPPLEMENT PROCEDURES WITHOUT MCC,12,309448.66667,39131.916667,38224.25
100286,Physicians Regional Medical Center - Pine Ridge,Naples,6101 Pine Ridge Road,12,34119,FL,1.0,"Metropolitan area core: primary flow within an urbanized area of 50,000 and greater",266,ENDOVASCULAR CARDIAC VALVE REPLACEMENT AND SUPPLEMENT PROCEDURES WITH MCC,44,305955.93182,41798.340909,41020.340909
100286,Physicians Regional Medical Center - Pine Ridge,Naples,6101 Pine Ridge Road,12,34119,FL,1.0,"Metropolitan area core: primary flow within an urbanized area of 50,000 and greater",267,ENDOVASCULAR CARDIAC VALVE REPLACEMENT AND SUPPLEMENT PROCEDURES WITHOUT MCC,48,276996.02083,33284.25,32409.0
100289,Cleveland Clinic Hospital,Weston,3100 Weston Rd,12,33331,FL,1.0,"Metropolitan area core: primary flow within an urbanized area of 50,000 and greater",266,ENDOVASCULAR CARDIAC VALVE REPLACEMENT AND SUPPLEMENT PROCEDURES WITH MCC,13,208177.84615,55958.538462,53624.538462
100289,Cleveland Clinic Hospital,Weston,3100 Weston Rd,12,33331,FL,1.0,"Metropolitan area core: primary flow within an urbanized area of 50,000 and greater",267,ENDOVASCULAR CARDIAC VALVE REPLACEMENT AND SUPPLEMENT PROCEDURES WITHOUT MCC,41,103698.04878,38264.097561,35468.02439
110001,Hamilton Medical Center,Dalton,1200 Memorial Drive,13,30720,GA,1.0,"Metropolitan area core: primary flow within an urbanized area of 50,000 and greater",266,ENDOVASCULAR CARDIAC VALVE REPLACEMENT AND SUPPLEMENT PROCEDURES WITH MCC,16,251356.75,51342.5,48368.6875
110001,Hamilton Medical Center,Dalton,1200 Memorial Drive,13,30720,GA,1.0,"Metropolitan area core: primary flow within an urbanized area of 50,000 and greater",267,ENDOVASCULAR CARDIAC VALVE REPLACEMENT AND SUPPLEMENT PROCEDURES WITHOUT MCC,19,169504.42105,37683.473684,36342.421053
110028,Piedmont Augusta Hospital,Augusta,1350 Walton Way,13,30901,GA,1.0,"Metropolitan area core: primary flow within an urbanized area of 50,000 and greater",267,ENDOVASCULAR CARDIAC VALVE REPLACEMENT AND SUPPLEMENT PROCEDURES WITHOUT MCC,56,76741.464286,34741.589286,32082.160714
110029,"Northeast Georgia Medical Center, Inc",Gainesville,743 Spring Street,13,30501,GA,1.0,"Metropolitan area core: primary flow within an urbanized area of 50,000 and greater",266,ENDOVASCULAR CARDIAC VALVE REPLACEMENT AND SUPPLEMENT PROCEDURES WITH MCC,17,324354.52941,51186.764706,50337.764706
110029,"Northeast Georgia Medical Center, Inc",Gainesville,743 Spring Street,13,30501,GA,1.0,"Metropolitan area core: primary flow within an urbanized area of 50,000 and greater",267,ENDOVASCULAR CARDIAC VALVE REPLACEMENT AND SUPPLEMENT PROCEDURES WITHOUT MCC,69,286030.43478,41546.449275,36825.826087
110034,Au Medical Center,Augusta,1120 15th Street,13,30912,GA,1.0,"Metropolitan area core: primary flow within an urbanized area of 50,000 and greater",267,ENDOVASCULAR CARDIAC VALVE REPLACEMENT AND SUPPLEMENT PROCEDURES WITHOUT MCC,19,156224.84211,50021.578947,47408.315789
110035,Wellstar Kennestone Regional Medical Center,Marietta,677 Church Street,13,30060,GA,1.0,"Metropolitan area core: primary flow within an urbanized area of 50,000 and greater",266,ENDOVASCULAR CARDIAC VALVE REPLACEMENT AND SUPPLEMENT PROCEDURES WITH MCC,26,279474.88462,55205.730769,53526.846154
110035,Wellstar Kennestone Regional Medical Center,Marietta,677 Church Street,13,30060,GA,1.0,"Metropolitan area core: primary flow within an urbanized area of 50,000 and greater",267,ENDOVASCULAR CARDIAC VALVE REPLACEMENT AND SUPPLEMENT PROCEDURES WITHOUT MCC,105,225802.1619,42450.285714,39376.571429
110036,Memorial Health University Medical Center,Savannah,4700 Waters Avenue,13,31404,GA,1.0,"Metropolitan area core: primary flow within an urbanized area of 50,000 and greater",266,ENDOVASCULAR CARDIAC VALVE REPLACEMENT AND SUPPLEMENT PROCEDURES WITH MCC,18,316127.61111,49185.222222,47368.222222
110036,Memorial Health University Medical Center,Savannah,4700 Waters Avenue,13,31404,GA,1.0,"Metropolitan area core: primary flow within an urbanized area of 50,000 and greater",267,ENDOVASCULAR CARDIAC VALVE REPLACEMENT AND SUPPLEMENT PROCEDURES WITHOUT MCC,63,247490.33333,38738.126984,37216.428571
110043,St Joseph's Hospital - Savannah,Savannah,11705 Mercy Boulevard,13,31419,GA,1.0,"Metropolitan area core: primary flow within an urbanized area of 50,000 and greater",266,ENDOVASCULAR CARDIAC VALVE REPLACEMENT AND SUPPLEMENT PROCEDURES WITH MCC,15,187894.53333,44426.533333,36084.2
110043,St Joseph's Hospital - Savannah,Savannah,11705 Mercy Boulevard,13,31419,GA,1.0,"Metropolitan area core: primary flow within an urbanized area of 50,000 and greater",267,ENDOVASCULAR CARDIAC VALVE REPLACEMENT AND SUPPLEMENT PROCEDURES WITHOUT MCC,19,181218.89474,36743.526316,29483.263158
110074,Piedmont Athens Regional Medical Center,Athens,1199 Prince Avenue,13,30606,GA,1.0,"Metropolitan area core: primary flow within an urbanized area of 50,000 and greater",266,ENDOVASCULAR CARDIAC VALVE REPLACEMENT AND SUPPLEMENT PROCEDURES WITH MCC,45,204066.31111,49890.044444,48429.488889
110074,Piedmont Athens Regional Medical Center,Athens,1199 Prince Avenue,13,30606,GA,1.0,"Metropolitan area core: primary flow within an urbanized area of 50,000 and greater",267,ENDOVASCULAR CARDIAC VALVE REPLACEMENT AND SUPPLEMENT PROCEDURES WITHOUT MCC,12,200259.41667,39963.916667,38351.083333
110078,Emory University Hospital Midtown,Atlanta,"550 Peachtree Street,  Ne",13,30308,GA,1.0,"Metropolitan area core: primary flow within an urbanized area of 50,000 and greater",266,ENDOVASCULAR CARDIAC VALVE REPLACEMENT AND SUPPLEMENT PROCEDURES WITH MCC,125,142185.848,53605.656,48843.424
110078,Emory University Hospital Midtown,Atlanta,"550 Peachtree Street,  Ne",13,30308,GA,1.0,"Metropolitan area core: primary flow within an urbanized area of 50,000 and greater",267,ENDOVASCULAR CARDIAC VALVE REPLACEMENT AND SUPPLEMENT PROCEDURES WITHOUT MCC,16,118038.125,44412.625,36056.9375
110082,"Saint Joseph's Hospital Of Atlanta, Inc",Atlanta,5665 Peachtree Dunwoody Road,13,30342,GA,1.0,"Metropolitan area core: primary flow within an urbanized area of 50,000 and greater",266,ENDOVASCULAR CARDIAC VALVE REPLACEMENT AND SUPPLEMENT PROCEDURES WITH MCC,43,129003.4186,44230.953488,43185.093023
110082,"Saint Joseph's Hospital Of Atlanta, Inc",Atlanta,5665 Peachtree Dunwoody Road,13,30342,GA,1.0,"Metropolitan area core: primary flow within an urbanized area of 50,000 and greater",267,ENDOVASCULAR CARDIAC VALVE REPLACEMENT AND SUPPLEMENT PROCEDURES WITHOUT MCC,24,107117.79167,38848.208333,32348.666667
110083,Piedmont Hospital,Atlanta,1968 Peachtree Rd Nw,13,30309,GA,1.0,"Metropolitan area core: primary flow within an urbanized area of 50,000 and greater",266,ENDOVASCULAR CARDIAC VALVE REPLACEMENT AND SUPPLEMENT PROCEDURES WITH MCC,197,239684.5533,50063.86802,43719.167513
110083,Piedmont Hospital,Atlanta,1968 Peachtree Rd Nw,13,30309,GA,1.0,"Metropolitan area core: primary flow within an urbanized area of 50,000 and greater",267,ENDOVASCULAR CARDIAC VALVE REPLACEMENT AND SUPPLEMENT PROCEDURES WITHOUT MCC,96,206262.13542,38986.90625,32795.5625
110087,Northside Hospital Gwinnett,Lawrenceville,1000 Medical Center Boulevard,13,30046,GA,1.0,"Metropolitan area core: primary flow within an urbanized area of 50,000 and greater",266,ENDOVASCULAR CARDIAC VALVE REPLACEMENT AND SUPPLEMENT PROCEDURES WITH MCC,12,220858.91667,52059.75,50716.333333
110087,Northside Hospital Gwinnett,Lawrenceville,1000 Medical Center Boulevard,13,30046,GA,1.0,"Metropolitan area core: primary flow within an urbanized area of 50,000 and greater",267,ENDOVASCULAR CARDIAC VALVE REPLACEMENT AND SUPPLEMENT PROCEDURES WITHOUT MCC,82,131318.70732,40337.060976,38876.085366
110107,Atrium Health Navicent The Medical Center,Macon,777 Hemlock Street,13,31201,GA,1.0,"Metropolitan area core: primary flow within an urbanized area of 50,000 and greater",266,ENDOVASCULAR CARDIAC VALVE REPLACEMENT AND SUPPLEMENT PROCEDURES WITH MCC,19,210119.10526,50451.368421,49016.473684
110107,Atrium Health Navicent The Medical Center,Macon,777 Hemlock Street,13,31201,GA,1.0,"Metropolitan area core: primary flow within an urbanized area of 50,000 and greater",267,ENDOVASCULAR CARDIAC VALVE REPLACEMENT AND SUPPLEMENT PROCEDURES WITHOUT MCC,37,190987.7027,42000.189189,37198.540541
110168,Adventhealth Redmond,Rome,501 Redmond Road Nw,13,30165,GA,1.0,"Metropolitan area core: primary flow within an urbanized area of 50,000 and greater",266,ENDOVASCULAR CARDIAC VALVE REPLACEMENT AND SUPPLEMENT PROCEDURES WITH MCC,52,373008.01923,51145.096154,47893.461538
110168,Adventhealth Redmond,Rome,501 Redmond Road Nw,13,30165,GA,1.0,"Metropolitan area core: primary flow within an urbanized area of 50,000 and greater",267,ENDOVASCULAR CARDIAC VALVE REPLACEMENT AND SUPPLEMENT PROCEDURES WITHOUT MCC,15,316259.6,38717.4,37368.866667
120001,The Queens Medical Center,Honolulu,1301 Punchbowl St,15,96813,HI,1.0,"Metropolitan area core: primary flow within an urbanized area of 50,000 and greater",266,ENDOVASCULAR CARDIAC VALVE REPLACEMENT AND SUPPLEMENT PROCEDURES WITH MCC,14,216701.92857,68829.0,59795.285714
120001,The Queens Medical Center,Honolulu,1301 Punchbowl St,15,96813,HI,1.0,"Metropolitan area core: primary flow within an urbanized area of 50,000 and greater",267,ENDOVASCULAR CARDIAC VALVE REPLACEMENT AND SUPPLEMENT PROCEDURES WITHOUT MCC,44,170047.02273,54653.659091,48001.636364
120022,Straub Clinic And Hospital,Honolulu,888 So King Street,15,96813,HI,1.0,"Metropolitan area core: primary flow within an urbanized area of 50,000 and greater",266,ENDOVASCULAR CARDIAC VALVE REPLACEMENT AND SUPPLEMENT PROCEDURES WITH MCC,11,199759.45455,66227.727273,65013.181818
120022,Straub Clinic And Hospital,Honolulu,888 So King Street,15,96813,HI,1.0,"Metropolitan area core: primary flow within an urbanized area of 50,000 and greater",267,ENDOVASCULAR CARDIAC VALVE REPLACEMENT AND SUPPLEMENT PROCEDURES WITHOUT MCC,60,120249.2,50488.45,43224.6
130006,St Luke's Regional Medical Center,Boise,190 East Bannock Street,16,83712,ID,1.0,"Metropolitan area core: primary flow within an urbanized area of 50,000 and greater",266,ENDOVASCULAR CARDIAC VALVE REPLACEMENT AND SUPPLEMENT PROCEDURES WITH MCC,12,152057.5,52153.333333,50846.0
130006,St Luke's Regional Medical Center,Boise,190 East Bannock Street,16,83712,ID,1.0,"Metropolitan area core: primary flow within an urbanized area of 50,000 and greater",267,ENDOVASCULAR CARDIAC VALVE REPLACEMENT AND SUPPLEMENT PROCEDURES WITHOUT MCC,41,89046.804878,38047.731707,36603.292683
130007,Saint Alphonsus Regional Medical Center,Boise,1055 North Curtis Road,16,83706,ID,1.0,"Metropolitan area core: primary flow within an urbanized area of 50,000 and greater",266,ENDOVASCULAR CARDIAC VALVE REPLACEMENT AND SUPPLEMENT PROCEDURES WITH MCC,25,133548.24,51663.04,50567.76
130007,Saint Alphonsus Regional Medical Center,Boise,1055 North Curtis Road,16,83706,ID,1.0,"Metropolitan area core: primary flow within an urbanized area of 50,000 and greater",267,ENDOVASCULAR CARDIAC VALVE REPLACEMENT AND SUPPLEMENT PROCEDURES WITHOUT MCC,59,114026.84746,41569.067797,39198.20339
130018,Eastern Idaho Regional Medical Center,Idaho Falls,3100 Channing Way,16,83404,ID,1.0,"Metropolitan area core: primary flow within an urbanized area of 50,000 and greater",267,ENDOVASCULAR CARDIAC VALVE REPLACEMENT AND SUPPLEMENT PROCEDURES WITHOUT MCC,37,284636.86486,43691.891892,35381.945946
130028,Portneuf Medical Center,Pocatello,777 Hospital Way,16,83201,ID,1.0,"Metropolitan area core: primary flow within an urbanized area of 50,000 and greater",267,ENDOVASCULAR CARDIAC VALVE REPLACEMENT AND SUPPLEMENT PROCEDURES WITHOUT MCC,17,273251.94118,49910.470588,48492.352941
130049,Kootenai Health,Coeur D'alene,2003 Kootenai Health Way,16,83814,ID,1.0,"Metropolitan area core: primary flow within an urbanized area of 50,000 and greater",266,ENDOVASCULAR CARDIAC VALVE REPLACEMENT AND SUPPLEMENT PROCEDURES WITH MCC,24,169994.875,50555.916667,49711.958333
130049,Kootenai Health,Coeur D'alene,2003 Kootenai Health Way,16,83814,ID,1.0,"Metropolitan area core: primary flow within an urbanized area of 50,000 and greater",267,ENDOVASCULAR CARDIAC VALVE REPLACEMENT AND SUPPLEMENT PROCEDURES WITHOUT MCC,73,149931.32877,39963.575342,39027.082192
140007,Presence Saint Joseph Medical Center,Joliet,333 N Madison St,17,60435,IL,1.0,"Metropolitan area core: primary flow within an urbanized area of 50,000 and greater",267,ENDOVASCULAR CARDIAC VALVE REPLACEMENT AND SUPPLEMENT PROCEDURES WITHOUT MCC,34,232244.76471,38200.176471,37001.941176
140010,Northshore University Healthsystem Evanston Hosp,Evanston,2650 Ridge Ave,17,60201,IL,1.0,"Metropolitan area core: primary flow within an urbanized area of 50,000 and greater",266,ENDOVASCULAR CARDIAC VALVE REPLACEMENT AND SUPPLEMENT PROCEDURES WITH MCC,39,276637.12821,58844.794872,57491.589744
140010,Northshore University Healthsystem Evanston Hosp,Evanston,2650 Ridge Ave,17,60201,IL,1.0,"Metropolitan area core: primary flow within an urbanized area of 50,000 and greater",267,ENDOVASCULAR CARDIAC VALVE REPLACEMENT AND SUPPLEMENT PROCEDURES WITHOUT MCC,154,223776.83117,43494.285714,41652.415584
140015,Blessing Hospital,Quincy,1005 Broadway St,17,62301,IL,4.0,"Micropolitan area core: primary flow within an urban cluster of 10,000 to 49,999",267,ENDOVASCULAR CARDIAC VALVE REPLACEMENT AND SUPPLEMENT PROCEDURES WITHOUT MCC,25,265552.96,40140.76,38765.84
140030,Advocate Sherman Hospital,Elgin,1425 North Randall Road,17,60123,IL,1.0,"Metropolitan area core: primary flow within an urbanized area of 50,000 and greater",266,ENDOVASCULAR CARDIAC VALVE REPLACEMENT AND SUPPLEMENT PROCEDURES WITH MCC,15,149319.33333,47786.0,46696.8
140030,Advocate Sherman Hospital,Elgin,1425 North Randall Road,17,60123,IL,1.0,"Metropolitan area core: primary flow within an urbanized area of 50,000 and greater",267,ENDOVASCULAR CARDIAC VALVE REPLACEMENT AND SUPPLEMENT PROCEDURES WITHOUT MCC,24,137482.20833,39991.208333,33540.666667
140053,St Johns Hospital,Springfield,800 E Carpenter St,17,62769,IL,1.0,"Metropolitan area core: primary flow within an urbanized area of 50,000 and greater",267,ENDOVASCULAR CARDIAC VALVE REPLACEMENT AND SUPPLEMENT PROCEDURES WITHOUT MCC,52,161421.28846,37581.576923,36105.884615
140067,Saint Francis Medical Center,Peoria,530 Ne Glen Oak Ave,17,61637,IL,1.0,"Metropolitan area core: primary flow within an urbanized area of 50,000 and greater",266,ENDOVASCULAR CARDIAC VALVE REPLACEMENT AND SUPPLEMENT PROCEDURES WITH MCC,32,326947.1875,59372.25,50421.75
140067,Saint Francis Medical Center,Peoria,530 Ne Glen Oak Ave,17,61637,IL,1.0,"Metropolitan area core: primary flow within an urbanized area of 50,000 and greater",267,ENDOVASCULAR CARDIAC VALVE REPLACEMENT AND SUPPLEMENT PROCEDURES WITHOUT MCC,89,247268.70787,42865.842697,36818.910112
140088,The University Of Chicago Medical Center,Chicago,5841 South Maryland,17,60637,IL,1.0,"Metropolitan area core: primary flow within an urbanized area of 50,000 and greater",266,ENDOVASCULAR CARDIAC VALVE REPLACEMENT AND SUPPLEMENT PROCEDURES WITH MCC,36,321143.0,79590.555556,71618.583333
140088,The University Of Chicago Medical Center,Chicago,5841 South Maryland,17,60637,IL,1.0,"Metropolitan area core: primary flow within an urbanized area of 50,000 and greater",267,ENDOVASCULAR CARDIAC VALVE REPLACEMENT AND SUPPLEMENT PROCEDURES WITHOUT MCC,78,207794.23077,60715.24359,56185.269231
140091,The Carle Foundation Hospital,Urbana,611 West Park Street,17,61801,IL,1.0,"Metropolitan area core: primary flow within an urbanized area of 50,000 and greater",267,ENDOVASCULAR CARDIAC VALVE REPLACEMENT AND SUPPLEMENT PROCEDURES WITHOUT MCC,85,199380.98824,37958.352941,37041.670588
140116,Northwestern Medicine Mchenry Hospital,Mchenry,4201 Medical Center Drive,17,60050,IL,2.0,"Metropolitan area high commuting: primary flow 30% or more to a urbanized area of 50,000 and greater",267,ENDOVASCULAR CARDIAC VALVE REPLACEMENT AND SUPPLEMENT PROCEDURES WITHOUT MCC,29,222284.17241,39882.137931,38580.689655
140117,Presence Resurrection Medical Center,Chicago,7435 W Talcott Avenue,17,60631,IL,1.0,"Metropolitan area core: primary flow within an urbanized area of 50,000 and greater",266,ENDOVASCULAR CARDIAC VALVE REPLACEMENT AND SUPPLEMENT PROCEDURES WITH MCC,34,237727.79412,58765.117647,51027.117647
140117,Presence Resurrection Medical Center,Chicago,7435 W Talcott Avenue,17,60631,IL,1.0,"Metropolitan area core: primary flow within an urbanized area of 50,000 and greater",267,ENDOVASCULAR CARDIAC VALVE REPLACEMENT AND SUPPLEMENT PROCEDURES WITHOUT MCC,14,225790.35714,43523.214286,42085.214286
140119,Rush University Medical Center,Chicago,1653 West Congress Parkway,17,60612,IL,1.0,"Metropolitan area core: primary flow within an urbanized area of 50,000 and greater",266,ENDOVASCULAR CARDIAC VALVE REPLACEMENT AND SUPPLEMENT PROCEDURES WITH MCC,49,230056.73469,75900.22449,71643.22449
140119,Rush University Medical Center,Chicago,1653 West Congress Parkway,17,60612,IL,1.0,"Metropolitan area core: primary flow within an urbanized area of 50,000 and greater",267,ENDOVASCULAR CARDIAC VALVE REPLACEMENT AND SUPPLEMENT PROCEDURES WITHOUT MCC,63,167096.84127,61522.269841,55115.698413
140148,Memorial Medical Center,Springfield,701 N First St,17,62702,IL,1.0,"Metropolitan area core: primary flow within an urbanized area of 50,000 and greater",267,ENDOVASCULAR CARDIAC VALVE REPLACEMENT AND SUPPLEMENT PROCEDURES WITHOUT MCC,34,250419.38235,38719.264706,37188.147059
140164,Memorial Hospital Of Carbondale,Carbondale,405 W Jackson,17,62901,IL,1.0,"Metropolitan area core: primary flow within an urbanized area of 50,000 and greater",267,ENDOVASCULAR CARDIAC VALVE REPLACEMENT AND SUPPLEMENT PROCEDURES WITHOUT MCC,47,133643.25532,34900.617021,33982.170213
140186,Riverside Medical Center,Kankakee,350 N Wall St,17,60901,IL,1.0,"Metropolitan area core: primary flow within an urbanized area of 50,000 and greater",267,ENDOVASCULAR CARDIAC VALVE REPLACEMENT AND SUPPLEMENT PROCEDURES WITHOUT MCC,23,153873.56522,39640.043478,38321.695652
140187,Hshs St Elizabeth's Hospital,O Fallon,One St Elizabeth Boulevard,17,62269,IL,1.0,"Metropolitan area core: primary flow within an urbanized area of 50,000 and greater",267,ENDOVASCULAR CARDIAC VALVE REPLACEMENT AND SUPPLEMENT PROCEDURES WITHOUT MCC,35,153579.94286,36772.685714,35536.257143
140208,Advocate Christ Hospital & Medical Center,Oak Lawn,4440 W 95th Street,17,60453,IL,1.0,"Metropolitan area core: primary flow within an urbanized area of 50,000 and greater",266,ENDOVASCULAR CARDIAC VALVE REPLACEMENT AND SUPPLEMENT PROCEDURES WITH MCC,34,228616.64706,65334.0,58084.970588
140208,Advocate Christ Hospital & Medical Center,Oak Lawn,4440 W 95th Street,17,60453,IL,1.0,"Metropolitan area core: primary flow within an urbanized area of 50,000 and greater",267,ENDOVASCULAR CARDIAC VALVE REPLACEMENT AND SUPPLEMENT PROCEDURES WITHOUT MCC,87,168654.3908,47222.103448,42205.471264
140209,Methodist Medical Center Of Illinois,Peoria,221 N E Glen Oak Ave,17,61636,IL,1.0,"Metropolitan area core: primary flow within an urbanized area of 50,000 and greater",267,ENDOVASCULAR CARDIAC VALVE REPLACEMENT AND SUPPLEMENT PROCEDURES WITHOUT MCC,35,203603.17143,35656.657143,33971.971429
140213,Silver Cross Hospital  And Medical Centers,New Lenox,1900 Silver Cross Blvd,17,60451,IL,1.0,"Metropolitan area core: primary flow within an urbanized area of 50,000 and greater",267,ENDOVASCULAR CARDIAC VALVE REPLACEMENT AND SUPPLEMENT PROCEDURES WITHOUT MCC,22,136781.5,37700.545455,36355.227273
140223,Advocate Lutheran General Hospital,Park Ridge,1775 Dempster St,17,60068,IL,1.0,"Metropolitan area core: primary flow within an urbanized area of 50,000 and greater",266,ENDOVASCULAR CARDIAC VALVE REPLACEMENT AND SUPPLEMENT PROCEDURES WITH MCC,17,147941.88235,54241.529412,53493.411765
140223,Advocate Lutheran General Hospital,Park Ridge,1775 Dempster St,17,60068,IL,1.0,"Metropolitan area core: primary flow within an urbanized area of 50,000 and greater",267,ENDOVASCULAR CARDIAC VALVE REPLACEMENT AND SUPPLEMENT PROCEDURES WITHOUT MCC,56,125998.96429,45270.303571,43809.982143
140231,Edward Hospital,Naperville,801 South Washington,17,60540,IL,1.0,"Metropolitan area core: primary flow within an urbanized area of 50,000 and greater",266,ENDOVASCULAR CARDIAC VALVE REPLACEMENT AND SUPPLEMENT PROCEDURES WITH MCC,30,243327.2,46470.666667,45796.4
140231,Edward Hospital,Naperville,801 South Washington,17,60540,IL,1.0,"Metropolitan area core: primary flow within an urbanized area of 50,000 and greater",267,ENDOVASCULAR CARDIAC VALVE REPLACEMENT AND SUPPLEMENT PROCEDURES WITHOUT MCC,55,186764.89091,37254.763636,35953.363636
140233,Saint Anthony Medical Center,Rockford,5666 East State Street,17,61108,IL,1.0,"Metropolitan area core: primary flow within an urbanized area of 50,000 and greater",267,ENDOVASCULAR CARDIAC VALVE REPLACEMENT AND SUPPLEMENT PROCEDURES WITHOUT MCC,14,234309.92857,36532.428571,35087.571429
140242,Northwestern Medicine Central Dupage Hospital,Winfield,25 North Winfield Road,17,60190,IL,1.0,"Metropolitan area core: primary flow within an urbanized area of 50,000 and greater",266,ENDOVASCULAR CARDIAC VALVE REPLACEMENT AND SUPPLEMENT PROCEDURES WITH MCC,24,496082.29167,56564.083333,55332.25
140242,Northwestern Medicine Central Dupage Hospital,Winfield,25 North Winfield Road,17,60190,IL,1.0,"Metropolitan area core: primary flow within an urbanized area of 50,000 and greater",267,ENDOVASCULAR CARDIAC VALVE REPLACEMENT AND SUPPLEMENT PROCEDURES WITHOUT MCC,57,450095.2807,43416.736842,42242.912281
140252,Northwest Community Hospital 1,Arlington Heights,800 W Central Road,17,60005,IL,1.0,"Metropolitan area core: primary flow within an urbanized area of 50,000 and greater",266,ENDOVASCULAR CARDIAC VALVE REPLACEMENT AND SUPPLEMENT PROCEDURES WITH MCC,13,180197.38462,46796.692308,46677.0
140252,Northwest Community Hospital 1,Arlington Heights,800 W Central Road,17,60005,IL,1.0,"Metropolitan area core: primary flow within an urbanized area of 50,000 and greater",267,ENDOVASCULAR CARDIAC VALVE REPLACEMENT AND SUPPLEMENT PROCEDURES WITHOUT MCC,39,160513.33333,36908.025641,35830.794872
140258,Alexian Brothers Medical Center 1,Elk Grove Village,800 W Biesterfield Rd,17,60007,IL,1.0,"Metropolitan area core: primary flow within an urbanized area of 50,000 and greater",266,ENDOVASCULAR CARDIAC VALVE REPLACEMENT AND SUPPLEMENT PROCEDURES WITH MCC,55,176584.56364,48207.545455,47351.745455
140258,Alexian Brothers Medical Center 1,Elk Grove Village,800 W Biesterfield Rd,17,60007,IL,1.0,"Metropolitan area core: primary flow within an urbanized area of 50,000 and greater",267,ENDOVASCULAR CARDIAC VALVE REPLACEMENT AND SUPPLEMENT PROCEDURES WITHOUT MCC,98,137659.70408,39105.244898,36137.326531
140276,Loyola University Medical Center,Maywood,2160 S 1st Avenue,17,60153,IL,1.0,"Metropolitan area core: primary flow within an urbanized area of 50,000 and greater",266,ENDOVASCULAR CARDIAC VALVE REPLACEMENT AND SUPPLEMENT PROCEDURES WITH MCC,14,189000.64286,68465.714286,64868.357143
140276,Loyola University Medical Center,Maywood,2160 S 1st Avenue,17,60153,IL,1.0,"Metropolitan area core: primary flow within an urbanized area of 50,000 and greater",267,ENDOVASCULAR CARDIAC VALVE REPLACEMENT AND SUPPLEMENT PROCEDURES WITHOUT MCC,71,132109.40845,56052.84507,50167.042254
140280,Trinity Rock Island,Rock Island,2701 17th St,17,61201,IL,1.0,"Metropolitan area core: primary flow within an urbanized area of 50,000 and greater",267,ENDOVASCULAR CARDIAC VALVE REPLACEMENT AND SUPPLEMENT PROCEDURES WITHOUT MCC,46,164150.04348,34018.108696,32665.021739
140281,Northwestern Memorial Hospital,Chicago,251 E Huron St,17,60611,IL,1.0,"Metropolitan area core: primary flow within an urbanized area of 50,000 and greater",266,ENDOVASCULAR CARDIAC VALVE REPLACEMENT AND SUPPLEMENT PROCEDURES WITH MCC,91,310961.32967,69808.571429,60247.901099
140281,Northwestern Memorial Hospital,Chicago,251 E Huron St,17,60611,IL,1.0,"Metropolitan area core: primary flow within an urbanized area of 50,000 and greater",267,ENDOVASCULAR CARDIAC VALVE REPLACEMENT AND SUPPLEMENT PROCEDURES WITHOUT MCC,101,285293.92079,49230.90099,47123.70297
140288,Advocate Good Samaritan Hospital,Downers Grove,3815 Highland Avenue,17,60515,IL,1.0,"Metropolitan area core: primary flow within an urbanized area of 50,000 and greater",266,ENDOVASCULAR CARDIAC VALVE REPLACEMENT AND SUPPLEMENT PROCEDURES WITH MCC,20,187065.55,48863.4,47760.55
140288,Advocate Good Samaritan Hospital,Downers Grove,3815 Highland Avenue,17,60515,IL,1.0,"Metropolitan area core: primary flow within an urbanized area of 50,000 and greater",267,ENDOVASCULAR CARDIAC VALVE REPLACEMENT AND SUPPLEMENT PROCEDURES WITHOUT MCC,49,163381.4898,37502.693878,36257.979592
140291,Advocate Good Shepherd Hospital,Barrington,450 West Highway 22,17,60010,IL,1.0,"Metropolitan area core: primary flow within an urbanized area of 50,000 and greater",267,ENDOVASCULAR CARDIAC VALVE REPLACEMENT AND SUPPLEMENT PROCEDURES WITHOUT MCC,27,154276.14815,43190.407407,34568.518519
150012,Saint Joseph Regional Medical Center,Mishawaka,5215 Holy Cross Pkwy,18,46545,IN,1.0,"Metropolitan area core: primary flow within an urbanized area of 50,000 and greater",267,ENDOVASCULAR CARDIAC VALVE REPLACEMENT AND SUPPLEMENT PROCEDURES WITHOUT MCC,12,153458.25,40248.666667,38768.666667
150017,Lutheran Hospital Of Indiana,Fort Wayne,7950 W Jefferson Blvd,18,46804,IN,1.0,"Metropolitan area core: primary flow within an urbanized area of 50,000 and greater",266,ENDOVASCULAR CARDIAC VALVE REPLACEMENT AND SUPPLEMENT PROCEDURES WITH MCC,13,357429.69231,47535.0,46154.230769
150017,Lutheran Hospital Of Indiana,Fort Wayne,7950 W Jefferson Blvd,18,46804,IN,1.0,"Metropolitan area core: primary flow within an urbanized area of 50,000 and greater",267,ENDOVASCULAR CARDIAC VALVE REPLACEMENT AND SUPPLEMENT PROCEDURES WITHOUT MCC,45,264924.66667,36859.933333,35453.088889
150018,Elkhart General Hospital,Elkhart,600 E Blvd,18,46514,IN,1.0,"Metropolitan area core: primary flow within an urbanized area of 50,000 and greater",266,ENDOVASCULAR CARDIAC VALVE REPLACEMENT AND SUPPLEMENT PROCEDURES WITH MCC,11,200816.18182,47474.818182,46184.272727
150018,Elkhart General Hospital,Elkhart,600 E Blvd,18,46514,IN,1.0,"Metropolitan area core: primary flow within an urbanized area of 50,000 and greater",267,ENDOVASCULAR CARDIAC VALVE REPLACEMENT AND SUPPLEMENT PROCEDURES WITHOUT MCC,37,154590.45946,37644.027027,36420.324324
150021,Parkview Regional Medical Center,Fort Wayne,11109 Parkview Plaza Drive,18,46845,IN,1.0,"Metropolitan area core: primary flow within an urbanized area of 50,000 and greater",266,ENDOVASCULAR CARDIAC VALVE REPLACEMENT AND SUPPLEMENT PROCEDURES WITH MCC,21,272054.0,48347.238095,47122.666667
150021,Parkview Regional Medical Center,Fort Wayne,11109 Parkview Plaza Drive,18,46845,IN,1.0,"Metropolitan area core: primary flow within an urbanized area of 50,000 and greater",267,ENDOVASCULAR CARDIAC VALVE REPLACEMENT AND SUPPLEMENT PROCEDURES WITHOUT MCC,56,223597.69643,38477.446429,37244.553571
150023,Union Hospital Inc,Terre Haute,1606 N Seventh St,18,47804,IN,1.0,"Metropolitan area core: primary flow within an urbanized area of 50,000 and greater",266,ENDOVASCULAR CARDIAC VALVE REPLACEMENT AND SUPPLEMENT PROCEDURES WITH MCC,14,161591.71429,48296.0,47269.5
150023,Union Hospital Inc,Terre Haute,1606 N Seventh St,18,47804,IN,1.0,"Metropolitan area core: primary flow within an urbanized area of 50,000 and greater",267,ENDOVASCULAR CARDIAC VALVE REPLACEMENT AND SUPPLEMENT PROCEDURES WITHOUT MCC,31,119029.93548,38493.258065,37218.806452
150035,Northwest  Health- Porter,Valparaiso,85 East Us Hwy 6,18,46383,IN,1.0,"Metropolitan area core: primary flow within an urbanized area of 50,000 and greater",267,ENDOVASCULAR CARDIAC VALVE REPLACEMENT AND SUPPLEMENT PROCEDURES WITHOUT MCC,22,189970.13636,37120.454545,36059.545455
150048,Reid Health,Richmond,1100 Reid Pkwy,18,47374,IN,4.0,"Micropolitan area core: primary flow within an urban cluster of 10,000 to 49,999",267,ENDOVASCULAR CARDIAC VALVE REPLACEMENT AND SUPPLEMENT PROCEDURES WITHOUT MCC,15,126182.06667,41721.0,40893.0
150051,Iu Health Bloomington Hospital,Bloomington,2651 East Discovery Parkway,18,47408,IN,1.0,"Metropolitan area core: primary flow within an urbanized area of 50,000 and greater",266,ENDOVASCULAR CARDIAC VALVE REPLACEMENT AND SUPPLEMENT PROCEDURES WITH MCC,12,198996.91667,46772.083333,45605.083333
150051,Iu Health Bloomington Hospital,Bloomington,2651 East Discovery Parkway,18,47408,IN,1.0,"Metropolitan area core: primary flow within an urbanized area of 50,000 and greater",267,ENDOVASCULAR CARDIAC VALVE REPLACEMENT AND SUPPLEMENT PROCEDURES WITHOUT MCC,15,188988.46667,38878.2,35544.8
150056,Indiana University Health,Indianapolis,1701 N Senate Blvd,18,46202,IN,1.0,"Metropolitan area core: primary flow within an urbanized area of 50,000 and greater",266,ENDOVASCULAR CARDIAC VALVE REPLACEMENT AND SUPPLEMENT PROCEDURES WITH MCC,13,260677.15385,59273.076923,57190.461538
150056,Indiana University Health,Indianapolis,1701 N Senate Blvd,18,46202,IN,1.0,"Metropolitan area core: primary flow within an urbanized area of 50,000 and greater",267,ENDOVASCULAR CARDIAC VALVE REPLACEMENT AND SUPPLEMENT PROCEDURES WITHOUT MCC,52,194814.78846,46280.75,44629.365385
150058,Memorial Hospital Of South Bend,South Bend,615 N Michigan St,18,46601,IN,1.0,"Metropolitan area core: primary flow within an urbanized area of 50,000 and greater",267,ENDOVASCULAR CARDIAC VALVE REPLACEMENT AND SUPPLEMENT PROCEDURES WITHOUT MCC,30,170802.26667,39867.066667,38483.333333
150074,Community Hospital East,Indianapolis,1500 N Ritter Ave,18,46219,IN,1.0,"Metropolitan area core: primary flow within an urbanized area of 50,000 and greater",266,ENDOVASCULAR CARDIAC VALVE REPLACEMENT AND SUPPLEMENT PROCEDURES WITH MCC,61,184370.22951,54226.0,51340.163934
150074,Community Hospital East,Indianapolis,1500 N Ritter Ave,18,46219,IN,1.0,"Metropolitan area core: primary flow within an urbanized area of 50,000 and greater",267,ENDOVASCULAR CARDIAC VALVE REPLACEMENT AND SUPPLEMENT PROCEDURES WITHOUT MCC,32,151047.65625,40881.4375,39592.8125
150082,Deaconess Hospital Inc,Evansville,600 Mary St,18,47710,IN,1.0,"Metropolitan area core: primary flow within an urbanized area of 50,000 and greater",266,ENDOVASCULAR CARDIAC VALVE REPLACEMENT AND SUPPLEMENT PROCEDURES WITH MCC,38,159860.5,43364.394737,42691.447368
150082,Deaconess Hospital Inc,Evansville,600 Mary St,18,47710,IN,1.0,"Metropolitan area core: primary flow within an urbanized area of 50,000 and greater",267,ENDOVASCULAR CARDIAC VALVE REPLACEMENT AND SUPPLEMENT PROCEDURES WITHOUT MCC,43,144765.69767,34743.534884,34177.72093
150100,Ascension St Vincent Evansville,Evansville,3700 Washington Ave,18,47750,IN,1.0,"Metropolitan area core: primary flow within an urbanized area of 50,000 and greater",266,ENDOVASCULAR CARDIAC VALVE REPLACEMENT AND SUPPLEMENT PROCEDURES WITH MCC,33,142867.69697,45594.060606,44365.757576
150100,Ascension St Vincent Evansville,Evansville,3700 Washington Ave,18,47750,IN,1.0,"Metropolitan area core: primary flow within an urbanized area of 50,000 and greater",267,ENDOVASCULAR CARDIAC VALVE REPLACEMENT AND SUPPLEMENT PROCEDURES WITHOUT MCC,27,138945.11111,36604.814815,35219.62963
150112,Columbus Regional Hospital,Columbus,2400 E 17th St,18,47201,IN,1.0,"Metropolitan area core: primary flow within an urbanized area of 50,000 and greater",267,ENDOVASCULAR CARDIAC VALVE REPLACEMENT AND SUPPLEMENT PROCEDURES WITHOUT MCC,17,128613.23529,38566.0,37638.352941
150125,Community Hospital,Munster,901 Macarthur Blvd,18,46321,IN,1.0,"Metropolitan area core: primary flow within an urbanized area of 50,000 and greater",266,ENDOVASCULAR CARDIAC VALVE REPLACEMENT AND SUPPLEMENT PROCEDURES WITH MCC,48,146385.39583,46127.9375,45123.020833
150125,Community Hospital,Munster,901 Macarthur Blvd,18,46321,IN,1.0,"Metropolitan area core: primary flow within an urbanized area of 50,000 and greater",267,ENDOVASCULAR CARDIAC VALVE REPLACEMENT AND SUPPLEMENT PROCEDURES WITHOUT MCC,56,145010.85714,40264.428571,33487.839286
150153,Ascension St Vincent Heart Center,Carmel,10580 N Meridian St,18,46290,IN,1.0,"Metropolitan area core: primary flow within an urbanized area of 50,000 and greater",266,ENDOVASCULAR CARDIAC VALVE REPLACEMENT AND SUPPLEMENT PROCEDURES WITH MCC,69,244980.68116,45511.0,44610.028986
150153,Ascension St Vincent Heart Center,Carmel,10580 N Meridian St,18,46290,IN,1.0,"Metropolitan area core: primary flow within an urbanized area of 50,000 and greater",267,ENDOVASCULAR CARDIAC VALVE REPLACEMENT AND SUPPLEMENT PROCEDURES WITHOUT MCC,171,186278.16374,35266.836257,33922.397661
150162,Franciscan Health Indianapolis,Indianapolis,8111 S Emerson Ave,18,46237,IN,1.0,"Metropolitan area core: primary flow within an urbanized area of 50,000 and greater",266,ENDOVASCULAR CARDIAC VALVE REPLACEMENT AND SUPPLEMENT PROCEDURES WITH MCC,43,165687.90698,51180.860465,45668.162791
150162,Franciscan Health Indianapolis,Indianapolis,8111 S Emerson Ave,18,46237,IN,1.0,"Metropolitan area core: primary flow within an urbanized area of 50,000 and greater",267,ENDOVASCULAR CARDIAC VALVE REPLACEMENT AND SUPPLEMENT PROCEDURES WITHOUT MCC,13,175898.76923,38861.615385,37535.846154
150173,Indiana University Health Arnett Hospital,Lafayette,5165 Mccarty Ln,18,47905,IN,1.0,"Metropolitan area core: primary flow within an urbanized area of 50,000 and greater",267,ENDOVASCULAR CARDIAC VALVE REPLACEMENT AND SUPPLEMENT PROCEDURES WITHOUT MCC,13,179037.23077,37574.538462,36018.538462
160033,Genesis Medical Center-Davenport,Davenport,1227 East Rusholme Street,19,52803,IA,1.0,"Metropolitan area core: primary flow within an urbanized area of 50,000 and greater",266,ENDOVASCULAR CARDIAC VALVE REPLACEMENT AND SUPPLEMENT PROCEDURES WITH MCC,38,180651.18421,45062.263158,43081.131579
160033,Genesis Medical Center-Davenport,Davenport,1227 East Rusholme Street,19,52803,IA,1.0,"Metropolitan area core: primary flow within an urbanized area of 50,000 and greater",267,ENDOVASCULAR CARDIAC VALVE REPLACEMENT AND SUPPLEMENT PROCEDURES WITHOUT MCC,75,166086.85333,35508.133333,34622.386667
160045,St Lukes Hospital,Cedar Rapids,1026 A Ave Ne,19,52402,IA,1.0,"Metropolitan area core: primary flow within an urbanized area of 50,000 and greater",266,ENDOVASCULAR CARDIAC VALVE REPLACEMENT AND SUPPLEMENT PROCEDURES WITH MCC,22,193834.04545,46118.636364,44765.363636
160045,St Lukes Hospital,Cedar Rapids,1026 A Ave Ne,19,52402,IA,1.0,"Metropolitan area core: primary flow within an urbanized area of 50,000 and greater",267,ENDOVASCULAR CARDIAC VALVE REPLACEMENT AND SUPPLEMENT PROCEDURES WITHOUT MCC,57,184274.54386,36763.438596,34413.807018
160058,University Of Iowa Hospital & Clinics,Iowa City,200 Hawkins Drive,19,52242,IA,1.0,"Metropolitan area core: primary flow within an urbanized area of 50,000 and greater",266,ENDOVASCULAR CARDIAC VALVE REPLACEMENT AND SUPPLEMENT PROCEDURES WITH MCC,77,195830.58442,59683.181818,56441.077922
160058,University Of Iowa Hospital & Clinics,Iowa City,200 Hawkins Drive,19,52242,IA,1.0,"Metropolitan area core: primary flow within an urbanized area of 50,000 and greater",267,ENDOVASCULAR CARDIAC VALVE REPLACEMENT AND SUPPLEMENT PROCEDURES WITHOUT MCC,77,152769.94805,46344.675325,43775.688312
160064,Mercyone North Iowa Medical Center,Mason City,1000 Fourth Street Sw,19,50401,IA,4.0,"Micropolitan area core: primary flow within an urban cluster of 10,000 to 49,999",267,ENDOVASCULAR CARDIAC VALVE REPLACEMENT AND SUPPLEMENT PROCEDURES WITHOUT MCC,16,134007.8125,38739.0,37247.25
160069,Mercyone Dubuque Medical Center,Dubuque,250 Mercy Drive,19,52001,IA,1.0,"Metropolitan area core: primary flow within an urbanized area of 50,000 and greater",267,ENDOVASCULAR CARDIAC VALVE REPLACEMENT AND SUPPLEMENT PROCEDURES WITHOUT MCC,29,104953.89655,36199.0,28896.206897
160079,Mercy Medical Center - Cedar Rapids,Cedar Rapids,701 10th Street Se,19,52403,IA,1.0,"Metropolitan area core: primary flow within an urbanized area of 50,000 and greater",267,ENDOVASCULAR CARDIAC VALVE REPLACEMENT AND SUPPLEMENT PROCEDURES WITHOUT MCC,22,154864.0,35562.818182,34487.272727
160082,Unitypoint Health - Des Moines Iowa Methodist Medi,Des Moines,1200 Pleasant Street,19,50309,IA,1.0,"Metropolitan area core: primary flow within an urbanized area of 50,000 and greater",267,ENDOVASCULAR CARDIAC VALVE REPLACEMENT AND SUPPLEMENT PROCEDURES WITHOUT MCC,55,232352.56364,36480.436364,35099.836364
160083,Mercyone Des Moines Medical Center,Des Moines,1111 6th Ave,19,50314,IA,1.0,"Metropolitan area core: primary flow within an urbanized area of 50,000 and greater",266,ENDOVASCULAR CARDIAC VALVE REPLACEMENT AND SUPPLEMENT PROCEDURES WITH MCC,47,158403.74468,45411.212766,44205.425532
160083,Mercyone Des Moines Medical Center,Des Moines,1111 6th Ave,19,50314,IA,1.0,"Metropolitan area core: primary flow within an urbanized area of 50,000 and greater",267,ENDOVASCULAR CARDIAC VALVE REPLACEMENT AND SUPPLEMENT PROCEDURES WITHOUT MCC,100,131690.88,36209.64,34766.32
160110,Allen Hospital,Waterloo,1825 Logan Avenue,19,50703,IA,1.0,"Metropolitan area core: primary flow within an urbanized area of 50,000 and greater",267,ENDOVASCULAR CARDIAC VALVE REPLACEMENT AND SUPPLEMENT PROCEDURES WITHOUT MCC,19,162395.94737,34854.631579,33408.473684
170012,Salina Regional Health Center,Salina,400 South Santa Fe Avenue,20,67401,KS,4.0,"Micropolitan area core: primary flow within an urban cluster of 10,000 to 49,999",267,ENDOVASCULAR CARDIAC VALVE REPLACEMENT AND SUPPLEMENT PROCEDURES WITHOUT MCC,28,166987.32143,38376.464286,37045.321429
170013,Hays Medical Center,Hays,2220 Canterbury Drive,20,67601,KS,4.0,"Micropolitan area core: primary flow within an urban cluster of 10,000 to 49,999",267,ENDOVASCULAR CARDIAC VALVE REPLACEMENT AND SUPPLEMENT PROCEDURES WITHOUT MCC,11,143114.27273,45670.727273,44539.090909
170016,University Of Kansas Hlth System St Francis Campus,Topeka,1700 Sw 7th Street,20,66606,KS,1.0,"Metropolitan area core: primary flow within an urbanized area of 50,000 and greater",267,ENDOVASCULAR CARDIAC VALVE REPLACEMENT AND SUPPLEMENT PROCEDURES WITHOUT MCC,12,224231.58333,33677.75,32251.416667
170040,University Of Kansas Hospital,Kansas City,4000 Cambridge Street,20,66160,KS,1.0,"Metropolitan area core: primary flow within an urbanized area of 50,000 and greater",266,ENDOVASCULAR CARDIAC VALVE REPLACEMENT AND SUPPLEMENT PROCEDURES WITH MCC,160,250729.025,54566.35625,51085.8875
170040,University Of Kansas Hospital,Kansas City,4000 Cambridge Street,20,66160,KS,1.0,"Metropolitan area core: primary flow within an urbanized area of 50,000 and greater",267,ENDOVASCULAR CARDIAC VALVE REPLACEMENT AND SUPPLEMENT PROCEDURES WITHOUT MCC,66,204005.54545,46072.560606,36751.363636
170049,Olathe Medical Center,Olathe,20333 West 151st Street,20,66061,KS,1.0,"Metropolitan area core: primary flow within an urbanized area of 50,000 and greater",267,ENDOVASCULAR CARDIAC VALVE REPLACEMENT AND SUPPLEMENT PROCEDURES WITHOUT MCC,15,108558.73333,33841.533333,32285.533333
170086,Stormont Vail Hospital,Topeka,1500 Sw 10th Avenue,20,66604,KS,1.0,"Metropolitan area core: primary flow within an urbanized area of 50,000 and greater",267,ENDOVASCULAR CARDIAC VALVE REPLACEMENT AND SUPPLEMENT PROCEDURES WITHOUT MCC,47,111785.55319,33726.361702,30286.680851
170104,Adventhealth Shawnee Mission,Shawnee Mission,9100 W 74th Street,20,66204,KS,1.0,"Metropolitan area core: primary flow within an urbanized area of 50,000 and greater",266,ENDOVASCULAR CARDIAC VALVE REPLACEMENT AND SUPPLEMENT PROCEDURES WITH MCC,15,352063.8,47511.0,46622.4
170104,Adventhealth Shawnee Mission,Shawnee Mission,9100 W 74th Street,20,66204,KS,1.0,"Metropolitan area core: primary flow within an urbanized area of 50,000 and greater",267,ENDOVASCULAR CARDIAC VALVE REPLACEMENT AND SUPPLEMENT PROCEDURES WITHOUT MCC,12,320697.25,35632.25,34561.583333
170122,"Ascension Via Christi Hospitals Wichita, Inc.",Wichita,929 North St Francis Street,20,67214,KS,1.0,"Metropolitan area core: primary flow within an urbanized area of 50,000 and greater",266,ENDOVASCULAR CARDIAC VALVE REPLACEMENT AND SUPPLEMENT PROCEDURES WITH MCC,63,164720.63492,48755.825397,45920.079365
170122,"Ascension Via Christi Hospitals Wichita, Inc.",Wichita,929 North St Francis Street,20,67214,KS,1.0,"Metropolitan area core: primary flow within an urbanized area of 50,000 and greater",267,ENDOVASCULAR CARDIAC VALVE REPLACEMENT AND SUPPLEMENT PROCEDURES WITHOUT MCC,118,138927.5,38113.983051,36171.355932
170123,Wesley Medical Center,Wichita,550 N Hillside Street,20,67214,KS,1.0,"Metropolitan area core: primary flow within an urbanized area of 50,000 and greater",266,ENDOVASCULAR CARDIAC VALVE REPLACEMENT AND SUPPLEMENT PROCEDURES WITH MCC,84,353957.92857,50342.535714,44175.178571
170123,Wesley Medical Center,Wichita,550 N Hillside Street,20,67214,KS,1.0,"Metropolitan area core: primary flow within an urbanized area of 50,000 and greater",267,ENDOVASCULAR CARDIAC VALVE REPLACEMENT AND SUPPLEMENT PROCEDURES WITHOUT MCC,14,325166.85714,37600.928571,36378.357143
180009,King's Daughters' Medical Center,Ashland,2201 Lexington Avenue,21,41101,KY,1.0,"Metropolitan area core: primary flow within an urbanized area of 50,000 and greater",266,ENDOVASCULAR CARDIAC VALVE REPLACEMENT AND SUPPLEMENT PROCEDURES WITH MCC,19,112219.89474,42168.947368,41186.210526
180009,King's Daughters' Medical Center,Ashland,2201 Lexington Avenue,21,41101,KY,1.0,"Metropolitan area core: primary flow within an urbanized area of 50,000 and greater",267,ENDOVASCULAR CARDIAC VALVE REPLACEMENT AND SUPPLEMENT PROCEDURES WITHOUT MCC,25,101495.16,36866.32,31030.96
180010,Saint Joseph Hospital,Lexington,One Saint Joseph Drive,21,40504,KY,1.0,"Metropolitan area core: primary flow within an urbanized area of 50,000 and greater",267,ENDOVASCULAR CARDIAC VALVE REPLACEMENT AND SUPPLEMENT PROCEDURES WITHOUT MCC,32,106482.3125,34685.15625,33492.15625
180013,The Medical Center At Bowling Green,Bowling Green,250 Park Street,21,42101,KY,2.0,"Metropolitan area high commuting: primary flow 30% or more to a urbanized area of 50,000 and greater",267,ENDOVASCULAR CARDIAC VALVE REPLACEMENT AND SUPPLEMENT PROCEDURES WITHOUT MCC,35,169764.42857,38142.2,35691.828571
180035,St Elizabeth Medical Center North,Edgewood,1 Medical Village Drive,21,41017,KY,1.0,"Metropolitan area core: primary flow within an urbanized area of 50,000 and greater",266,ENDOVASCULAR CARDIAC VALVE REPLACEMENT AND SUPPLEMENT PROCEDURES WITH MCC,12,158604.25,46679.916667,45748.416667
180035,St Elizabeth Medical Center North,Edgewood,1 Medical Village Drive,21,41017,KY,1.0,"Metropolitan area core: primary flow within an urbanized area of 50,000 and greater",267,ENDOVASCULAR CARDIAC VALVE REPLACEMENT AND SUPPLEMENT PROCEDURES WITHOUT MCC,45,137916.6,40482.755556,33792.755556
180038,Owensboro Health Regional Hospital,Owensboro,1201 Pleasant Valley Road,21,42303,KY,1.0,"Metropolitan area core: primary flow within an urbanized area of 50,000 and greater",267,ENDOVASCULAR CARDIAC VALVE REPLACEMENT AND SUPPLEMENT PROCEDURES WITHOUT MCC,17,201774.29412,47358.823529,46065.0
180040,Uofl Health - Jewish Hospital,Louisville,200 Abraham Flexner Way,21,40202,KY,1.0,"Metropolitan area core: primary flow within an urbanized area of 50,000 and greater",266,ENDOVASCULAR CARDIAC VALVE REPLACEMENT AND SUPPLEMENT PROCEDURES WITH MCC,29,334134.44828,69541.793103,63737.344828
180040,Uofl Health - Jewish Hospital,Louisville,200 Abraham Flexner Way,21,40202,KY,1.0,"Metropolitan area core: primary flow within an urbanized area of 50,000 and greater",267,ENDOVASCULAR CARDIAC VALVE REPLACEMENT AND SUPPLEMENT PROCEDURES WITHOUT MCC,33,224063.93939,40432.757576,38778.242424
180044,Pikeville Medical Center,Pikeville,911 Bypass Road,21,41501,KY,7.0,"Small town core: primary flow within an urban cluster of 2,500 to 9,999",267,ENDOVASCULAR CARDIAC VALVE REPLACEMENT AND SUPPLEMENT PROCEDURES WITHOUT MCC,11,142246.45455,45928.909091,44630.363636
180067,University Of Kentucky Hospital,Lexington,800 Rose Street,21,40536,KY,1.0,"Metropolitan area core: primary flow within an urbanized area of 50,000 and greater",267,ENDOVASCULAR CARDIAC VALVE REPLACEMENT AND SUPPLEMENT PROCEDURES WITHOUT MCC,36,191100.5,43377.055556,39837.555556
180088,Norton Hospital / Norton Healthcare Pavilion / Nor,Louisville,200 East Chestnut Street,21,40202,KY,1.0,"Metropolitan area core: primary flow within an urbanized area of 50,000 and greater",266,ENDOVASCULAR CARDIAC VALVE REPLACEMENT AND SUPPLEMENT PROCEDURES WITH MCC,40,340013.275,51884.725,50906.95
180088,Norton Hospital / Norton Healthcare Pavilion / Nor,Louisville,200 East Chestnut Street,21,40202,KY,1.0,"Metropolitan area core: primary flow within an urbanized area of 50,000 and greater",267,ENDOVASCULAR CARDIAC VALVE REPLACEMENT AND SUPPLEMENT PROCEDURES WITHOUT MCC,48,284109.22917,38689.791667,37564.708333
180103,Baptist Health Lexington,Lexington,1740 Nicholasville Road,21,40503,KY,1.0,"Metropolitan area core: primary flow within an urbanized area of 50,000 and greater",266,ENDOVASCULAR CARDIAC VALVE REPLACEMENT AND SUPPLEMENT PROCEDURES WITH MCC,12,512914.16667,58040.583333,56680.333333
180103,Baptist Health Lexington,Lexington,1740 Nicholasville Road,21,40503,KY,1.0,"Metropolitan area core: primary flow within an urbanized area of 50,000 and greater",267,ENDOVASCULAR CARDIAC VALVE REPLACEMENT AND SUPPLEMENT PROCEDURES WITHOUT MCC,40,436191.875,45116.875,38841.55
180130,Baptist Health Louisville,Louisville,4000 Kresge Way,21,40207,KY,1.0,"Metropolitan area core: primary flow within an urbanized area of 50,000 and greater",266,ENDOVASCULAR CARDIAC VALVE REPLACEMENT AND SUPPLEMENT PROCEDURES WITH MCC,22,486217.5,47827.045455,47057.136364
180130,Baptist Health Louisville,Louisville,4000 Kresge Way,21,40207,KY,1.0,"Metropolitan area core: primary flow within an urbanized area of 50,000 and greater",267,ENDOVASCULAR CARDIAC VALVE REPLACEMENT AND SUPPLEMENT PROCEDURES WITHOUT MCC,70,445987.5,40771.771429,35794.671429
190002,Ochsner Lafayette General Medical Center,Lafayette,1214 Coolidge Avenue,22,70503,LA,1.0,"Metropolitan area core: primary flow within an urbanized area of 50,000 and greater",266,ENDOVASCULAR CARDIAC VALVE REPLACEMENT AND SUPPLEMENT PROCEDURES WITH MCC,11,248320.0,48152.272727,47441.0
190002,Ochsner Lafayette General Medical Center,Lafayette,1214 Coolidge Avenue,22,70503,LA,1.0,"Metropolitan area core: primary flow within an urbanized area of 50,000 and greater",267,ENDOVASCULAR CARDIAC VALVE REPLACEMENT AND SUPPLEMENT PROCEDURES WITHOUT MCC,46,233983.45652,34320.23913,33136.630435
190008,Terrebonne General Health System,Houma,8166 Main Street,22,70360,LA,1.0,"Metropolitan area core: primary flow within an urbanized area of 50,000 and greater",266,ENDOVASCULAR CARDIAC VALVE REPLACEMENT AND SUPPLEMENT PROCEDURES WITH MCC,43,103269.25581,41313.302326,40716.883721
190008,Terrebonne General Health System,Houma,8166 Main Street,22,70360,LA,1.0,"Metropolitan area core: primary flow within an urbanized area of 50,000 and greater",267,ENDOVASCULAR CARDIAC VALVE REPLACEMENT AND SUPPLEMENT PROCEDURES WITHOUT MCC,99,100207.62626,32998.020202,31551.868687
190019,Christus St Frances Cabrini Hospital,Alexandria,3330 Masonic Drive,22,71301,LA,1.0,"Metropolitan area core: primary flow within an urbanized area of 50,000 and greater",267,ENDOVASCULAR CARDIAC VALVE REPLACEMENT AND SUPPLEMENT PROCEDURES WITHOUT MCC,12,274696.66667,35841.083333,34414.833333
190026,Rapides Regional Medical Center,Alexandria,211 4th Street,22,71301,LA,1.0,"Metropolitan area core: primary flow within an urbanized area of 50,000 and greater",267,ENDOVASCULAR CARDIAC VALVE REPLACEMENT AND SUPPLEMENT PROCEDURES WITHOUT MCC,20,256108.45,35823.05,34763.25
190036,Ochsner Medical Center,New Orleans,1516 Jefferson Hwy,22,70121,LA,1.0,"Metropolitan area core: primary flow within an urbanized area of 50,000 and greater",266,ENDOVASCULAR CARDIAC VALVE REPLACEMENT AND SUPPLEMENT PROCEDURES WITH MCC,20,130025.15,49883.5,47857.55
190036,Ochsner Medical Center,New Orleans,1516 Jefferson Hwy,22,70121,LA,1.0,"Metropolitan area core: primary flow within an urbanized area of 50,000 and greater",267,ENDOVASCULAR CARDIAC VALVE REPLACEMENT AND SUPPLEMENT PROCEDURES WITHOUT MCC,36,131691.83333,39688.972222,37394.222222
190041,Christus Shreveport-Bossier Health System,Shreveport,1453 E Bert Kouns Industrial Loop,22,71105,LA,1.0,"Metropolitan area core: primary flow within an urbanized area of 50,000 and greater",266,ENDOVASCULAR CARDIAC VALVE REPLACEMENT AND SUPPLEMENT PROCEDURES WITH MCC,48,293126.125,44317.854167,41060.666667
190041,Christus Shreveport-Bossier Health System,Shreveport,1453 E Bert Kouns Industrial Loop,22,71105,LA,1.0,"Metropolitan area core: primary flow within an urbanized area of 50,000 and greater",267,ENDOVASCULAR CARDIAC VALVE REPLACEMENT AND SUPPLEMENT PROCEDURES WITHOUT MCC,11,290002.27273,35285.181818,34007.818182
190045,St Tammany Parish Hospital,Covington,1202 S Tyler Street,22,70433,LA,1.0,"Metropolitan area core: primary flow within an urbanized area of 50,000 and greater",267,ENDOVASCULAR CARDIAC VALVE REPLACEMENT AND SUPPLEMENT PROCEDURES WITHOUT MCC,13,334012.53846,45472.769231,44515.153846
190060,Lake Charles Memorial Hospital,Lake Charles,1701 Oak Park Blvd,22,70601,LA,1.0,"Metropolitan area core: primary flow within an urbanized area of 50,000 and greater",266,ENDOVASCULAR CARDIAC VALVE REPLACEMENT AND SUPPLEMENT PROCEDURES WITH MCC,22,108277.72727,46155.681818,44811.863636
190060,Lake Charles Memorial Hospital,Lake Charles,1701 Oak Park Blvd,22,70601,LA,1.0,"Metropolitan area core: primary flow within an urbanized area of 50,000 and greater",267,ENDOVASCULAR CARDIAC VALVE REPLACEMENT AND SUPPLEMENT PROCEDURES WITHOUT MCC,14,108576.5,36182.214286,34626.214286
190064,Our Lady Of The Lake Regional Medical Center,Baton Rouge,5000 Hennessy Blvd,22,70808,LA,1.0,"Metropolitan area core: primary flow within an urbanized area of 50,000 and greater",266,ENDOVASCULAR CARDIAC VALVE REPLACEMENT AND SUPPLEMENT PROCEDURES WITH MCC,25,142277.32,47685.72,45854.36
190064,Our Lady Of The Lake Regional Medical Center,Baton Rouge,5000 Hennessy Blvd,22,70808,LA,1.0,"Metropolitan area core: primary flow within an urbanized area of 50,000 and greater",267,ENDOVASCULAR CARDIAC VALVE REPLACEMENT AND SUPPLEMENT PROCEDURES WITHOUT MCC,52,125791.0,39786.057692,35066.230769
190065,Baton Rouge General Medical Center,Baton Rouge,8585 Picardy Ave,22,70809,LA,1.0,"Metropolitan area core: primary flow within an urbanized area of 50,000 and greater",267,ENDOVASCULAR CARDIAC VALVE REPLACEMENT AND SUPPLEMENT PROCEDURES WITHOUT MCC,11,189275.0,44686.363636,42733.636364
190102,"Our Lady Of Lourdes Regional Medical Center, Inc",Lafayette,4801 Ambassador Caffery Parkway,22,70508,LA,1.0,"Metropolitan area core: primary flow within an urbanized area of 50,000 and greater",266,ENDOVASCULAR CARDIAC VALVE REPLACEMENT AND SUPPLEMENT PROCEDURES WITH MCC,56,115598.32143,43967.5,39227.232143
190102,"Our Lady Of Lourdes Regional Medical Center, Inc",Lafayette,4801 Ambassador Caffery Parkway,22,70508,LA,1.0,"Metropolitan area core: primary flow within an urbanized area of 50,000 and greater",267,ENDOVASCULAR CARDIAC VALVE REPLACEMENT AND SUPPLEMENT PROCEDURES WITHOUT MCC,42,110547.90476,34502.690476,31435.047619
190111,"Willis Knighton Medical Center, Inc",Shreveport,2600 Greenwood Road,22,71103,LA,1.0,"Metropolitan area core: primary flow within an urbanized area of 50,000 and greater",266,ENDOVASCULAR CARDIAC VALVE REPLACEMENT AND SUPPLEMENT PROCEDURES WITH MCC,15,176541.0,44682.2,42941.866667
190111,"Willis Knighton Medical Center, Inc",Shreveport,2600 Greenwood Road,22,71103,LA,1.0,"Metropolitan area core: primary flow within an urbanized area of 50,000 and greater",267,ENDOVASCULAR CARDIAC VALVE REPLACEMENT AND SUPPLEMENT PROCEDURES WITHOUT MCC,45,116512.51111,34102.822222,32704.244444
190125,St Francis Medical Center,Monroe,309 Jackson Street,22,71201,LA,1.0,"Metropolitan area core: primary flow within an urbanized area of 50,000 and greater",267,ENDOVASCULAR CARDIAC VALVE REPLACEMENT AND SUPPLEMENT PROCEDURES WITHOUT MCC,24,134907.5,33208.625,31847.125
190160,Glenwood Regional Medical Center,West Monroe,503 Mcmillan Road,22,71291,LA,1.0,"Metropolitan area core: primary flow within an urbanized area of 50,000 and greater",266,ENDOVASCULAR CARDIAC VALVE REPLACEMENT AND SUPPLEMENT PROCEDURES WITH MCC,12,460676.5,43637.166667,42859.083333
190160,Glenwood Regional Medical Center,West Monroe,503 Mcmillan Road,22,71291,LA,1.0,"Metropolitan area core: primary flow within an urbanized area of 50,000 and greater",267,ENDOVASCULAR CARDIAC VALVE REPLACEMENT AND SUPPLEMENT PROCEDURES WITHOUT MCC,26,402728.38462,33274.923077,32377.192308
190176,Tulane Medical Center,New Orleans,1415 Tulane Ave,22,70112,LA,1.0,"Metropolitan area core: primary flow within an urbanized area of 50,000 and greater",266,ENDOVASCULAR CARDIAC VALVE REPLACEMENT AND SUPPLEMENT PROCEDURES WITH MCC,11,387610.18182,49708.454545,47091.0
190176,Tulane Medical Center,New Orleans,1415 Tulane Ave,22,70112,LA,1.0,"Metropolitan area core: primary flow within an urbanized area of 50,000 and greater",267,ENDOVASCULAR CARDIAC VALVE REPLACEMENT AND SUPPLEMENT PROCEDURES WITHOUT MCC,15,372373.46667,42359.933333,38598.4
200009,Maine Medical Center,Portland,22 Bramhall St,23,4102,ME,1.0,"Metropolitan area core: primary flow within an urbanized area of 50,000 and greater",266,ENDOVASCULAR CARDIAC VALVE REPLACEMENT AND SUPPLEMENT PROCEDURES WITH MCC,18,264368.22222,62135.777778,59791.055556
200009,Maine Medical Center,Portland,22 Bramhall St,23,4102,ME,1.0,"Metropolitan area core: primary flow within an urbanized area of 50,000 and greater",267,ENDOVASCULAR CARDIAC VALVE REPLACEMENT AND SUPPLEMENT PROCEDURES WITHOUT MCC,84,224128.63095,46328.440476,44617.654762
200033,Northern Light Eastern Maine Medical Center,Bangor,Po Box 404,23,4401,ME,1.0,"Metropolitan area core: primary flow within an urbanized area of 50,000 and greater",266,ENDOVASCULAR CARDIAC VALVE REPLACEMENT AND SUPPLEMENT PROCEDURES WITH MCC,12,181651.91667,63199.166667,45807.166667
200033,Northern Light Eastern Maine Medical Center,Bangor,Po Box 404,23,4401,ME,1.0,"Metropolitan area core: primary flow within an urbanized area of 50,000 and greater",267,ENDOVASCULAR CARDIAC VALVE REPLACEMENT AND SUPPLEMENT PROCEDURES WITHOUT MCC,57,134156.84211,41685.263158,34318.403509
210002,University Of Maryland Medical Center,Baltimore,22 South  Greene Street,24,21201,MD,1.0,"Metropolitan area core: primary flow within an urbanized area of 50,000 and greater",266,ENDOVASCULAR CARDIAC VALVE REPLACEMENT AND SUPPLEMENT PROCEDURES WITH MCC,68,118482.13235,113149.41176,109141.95588
210002,University Of Maryland Medical Center,Baltimore,22 South  Greene Street,24,21201,MD,1.0,"Metropolitan area core: primary flow within an urbanized area of 50,000 and greater",267,ENDOVASCULAR CARDIAC VALVE REPLACEMENT AND SUPPLEMENT PROCEDURES WITHOUT MCC,181,94156.160221,89544.773481,86641.635359
210009,"Johns Hopkins Hospital, The",Baltimore,600 North  Wolfe Street,24,21287,MD,1.0,"Metropolitan area core: primary flow within an urbanized area of 50,000 and greater",266,ENDOVASCULAR CARDIAC VALVE REPLACEMENT AND SUPPLEMENT PROCEDURES WITH MCC,40,104177.825,94677.725,93862.625
210009,"Johns Hopkins Hospital, The",Baltimore,600 North  Wolfe Street,24,21287,MD,1.0,"Metropolitan area core: primary flow within an urbanized area of 50,000 and greater",267,ENDOVASCULAR CARDIAC VALVE REPLACEMENT AND SUPPLEMENT PROCEDURES WITHOUT MCC,163,60660.865031,56322.662577,53025.147239
210012,Sinai Hospital Of Baltimore,Baltimore,2401 West Belvedere Avenue,24,21215,MD,1.0,"Metropolitan area core: primary flow within an urbanized area of 50,000 and greater",267,ENDOVASCULAR CARDIAC VALVE REPLACEMENT AND SUPPLEMENT PROCEDURES WITHOUT MCC,33,83827.363636,76018.363636,74650.969697
210016,Adventist Healthcare White Oak Medical Center,Silver Spring,11890 Healing Way,24,20904,MD,1.0,"Metropolitan area core: primary flow within an urbanized area of 50,000 and greater",266,ENDOVASCULAR CARDIAC VALVE REPLACEMENT AND SUPPLEMENT PROCEDURES WITH MCC,14,79193.571429,72726.214286,67662.785714
210016,Adventist Healthcare White Oak Medical Center,Silver Spring,11890 Healing Way,24,20904,MD,1.0,"Metropolitan area core: primary flow within an urbanized area of 50,000 and greater",267,ENDOVASCULAR CARDIAC VALVE REPLACEMENT AND SUPPLEMENT PROCEDURES WITHOUT MCC,92,66091.293478,60576.771739,57800.956522
210019,"Tidalhealth Peninsula Regional, Inc",Salisbury,100 East Carroll Avenue,24,21801,MD,1.0,"Metropolitan area core: primary flow within an urbanized area of 50,000 and greater",266,ENDOVASCULAR CARDIAC VALVE REPLACEMENT AND SUPPLEMENT PROCEDURES WITH MCC,24,96864.0,89140.458333,88297.625
210019,"Tidalhealth Peninsula Regional, Inc",Salisbury,100 East Carroll Avenue,24,21801,MD,1.0,"Metropolitan area core: primary flow within an urbanized area of 50,000 and greater",267,ENDOVASCULAR CARDIAC VALVE REPLACEMENT AND SUPPLEMENT PROCEDURES WITHOUT MCC,85,66083.894118,61001.717647,58371.705882
210022,Suburban Hospital,Bethesda,8600 Old Georgetown Road,24,20814,MD,1.0,"Metropolitan area core: primary flow within an urbanized area of 50,000 and greater",267,ENDOVASCULAR CARDIAC VALVE REPLACEMENT AND SUPPLEMENT PROCEDURES WITHOUT MCC,42,63993.404762,60255.833333,56087.309524
210024,Medstar Union Memorial Hospital,Baltimore,201 East University Parkway,24,21218,MD,1.0,"Metropolitan area core: primary flow within an urbanized area of 50,000 and greater",266,ENDOVASCULAR CARDIAC VALVE REPLACEMENT AND SUPPLEMENT PROCEDURES WITH MCC,20,87289.6,79791.65,79091.45
210024,Medstar Union Memorial Hospital,Baltimore,201 East University Parkway,24,21218,MD,1.0,"Metropolitan area core: primary flow within an urbanized area of 50,000 and greater",267,ENDOVASCULAR CARDIAC VALVE REPLACEMENT AND SUPPLEMENT PROCEDURES WITHOUT MCC,122,56513.852459,51696.45082,48690.139344
210063,University Of Md St Joseph Medical Center,Towson,7601 Osler Drive,24,21204,MD,1.0,"Metropolitan area core: primary flow within an urbanized area of 50,000 and greater",266,ENDOVASCULAR CARDIAC VALVE REPLACEMENT AND SUPPLEMENT PROCEDURES WITH MCC,33,122895.51515,111966.66667,104975.57576
210063,University Of Md St Joseph Medical Center,Towson,7601 Osler Drive,24,21204,MD,1.0,"Metropolitan area core: primary flow within an urbanized area of 50,000 and greater",267,ENDOVASCULAR CARDIAC VALVE REPLACEMENT AND SUPPLEMENT PROCEDURES WITHOUT MCC,102,91609.372549,83136.607843,81099.882353
220002,Mount Auburn Hospital,Cambridge,330 Mount Auburn Street,25,2138,MA,1.0,"Metropolitan area core: primary flow within an urbanized area of 50,000 and greater",267,ENDOVASCULAR CARDIAC VALVE REPLACEMENT AND SUPPLEMENT PROCEDURES WITHOUT MCC,17,104643.35294,51376.588235,49774.647059
220012,Cape Cod Hospital,Hyannis,27 Park Street,25,2601,MA,1.0,"Metropolitan area core: primary flow within an urbanized area of 50,000 and greater",266,ENDOVASCULAR CARDIAC VALVE REPLACEMENT AND SUPPLEMENT PROCEDURES WITH MCC,47,164387.0,70019.87234,69205.042553
220012,Cape Cod Hospital,Hyannis,27 Park Street,25,2601,MA,1.0,"Metropolitan area core: primary flow within an urbanized area of 50,000 and greater",267,ENDOVASCULAR CARDIAC VALVE REPLACEMENT AND SUPPLEMENT PROCEDURES WITHOUT MCC,65,121157.61538,53563.015385,52503.630769
220036,St Elizabeth's Medical Center,Brighton,736 Cambridge Street,25,2135,MA,1.0,"Metropolitan area core: primary flow within an urbanized area of 50,000 and greater",266,ENDOVASCULAR CARDIAC VALVE REPLACEMENT AND SUPPLEMENT PROCEDURES WITH MCC,24,291029.29167,109839.625,107141.83333
220036,St Elizabeth's Medical Center,Brighton,736 Cambridge Street,25,2135,MA,1.0,"Metropolitan area core: primary flow within an urbanized area of 50,000 and greater",267,ENDOVASCULAR CARDIAC VALVE REPLACEMENT AND SUPPLEMENT PROCEDURES WITHOUT MCC,61,240232.29508,85180.737705,82083.688525
220071,Massachusetts General Hospital,Boston,55 Fruit Street,25,2114,MA,1.0,"Metropolitan area core: primary flow within an urbanized area of 50,000 and greater",266,ENDOVASCULAR CARDIAC VALVE REPLACEMENT AND SUPPLEMENT PROCEDURES WITH MCC,172,245825.6686,78628.098837,74239.127907
220071,Massachusetts General Hospital,Boston,55 Fruit Street,25,2114,MA,1.0,"Metropolitan area core: primary flow within an urbanized area of 50,000 and greater",267,ENDOVASCULAR CARDIAC VALVE REPLACEMENT AND SUPPLEMENT PROCEDURES WITHOUT MCC,117,175824.41026,60959.179487,56361.153846
220074,"Southcoast Hospital Group, Inc",Fall River,363 Highland Avenue,25,2720,MA,1.0,"Metropolitan area core: primary flow within an urbanized area of 50,000 and greater",266,ENDOVASCULAR CARDIAC VALVE REPLACEMENT AND SUPPLEMENT PROCEDURES WITH MCC,43,160726.60465,55444.55814,54358.976744
220074,"Southcoast Hospital Group, Inc",Fall River,363 Highland Avenue,25,2720,MA,1.0,"Metropolitan area core: primary flow within an urbanized area of 50,000 and greater",267,ENDOVASCULAR CARDIAC VALVE REPLACEMENT AND SUPPLEMENT PROCEDURES WITHOUT MCC,82,130384.14634,45078.97561,42707.0
220077,Baystate Medical Center,Springfield,759 Chestnut Street,25,1199,MA,1.0,"Metropolitan area core: primary flow within an urbanized area of 50,000 and greater",266,ENDOVASCULAR CARDIAC VALVE REPLACEMENT AND SUPPLEMENT PROCEDURES WITH MCC,30,168116.53333,72298.4,68618.6
220077,Baystate Medical Center,Springfield,759 Chestnut Street,25,1199,MA,1.0,"Metropolitan area core: primary flow within an urbanized area of 50,000 and greater",267,ENDOVASCULAR CARDIAC VALVE REPLACEMENT AND SUPPLEMENT PROCEDURES WITHOUT MCC,140,114609.07143,55644.214286,52810.178571
220086,Beth Israel Deaconess Medical Center,Boston,330 Brookline Avenue,25,2215,MA,1.0,"Metropolitan area core: primary flow within an urbanized area of 50,000 and greater",266,ENDOVASCULAR CARDIAC VALVE REPLACEMENT AND SUPPLEMENT PROCEDURES WITH MCC,56,157104.76786,79543.125,76338.803571
220086,Beth Israel Deaconess Medical Center,Boston,330 Brookline Avenue,25,2215,MA,1.0,"Metropolitan area core: primary flow within an urbanized area of 50,000 and greater",267,ENDOVASCULAR CARDIAC VALVE REPLACEMENT AND SUPPLEMENT PROCEDURES WITHOUT MCC,213,102449.55869,58600.666667,56863.098592
220110,Brigham And Women's Hospital,Boston,75 Francis Street,25,2115,MA,1.0,"Metropolitan area core: primary flow within an urbanized area of 50,000 and greater",266,ENDOVASCULAR CARDIAC VALVE REPLACEMENT AND SUPPLEMENT PROCEDURES WITH MCC,107,198798.31776,78468.738318,74347.542056
220110,Brigham And Women's Hospital,Boston,75 Francis Street,25,2115,MA,1.0,"Metropolitan area core: primary flow within an urbanized area of 50,000 and greater",267,ENDOVASCULAR CARDIAC VALVE REPLACEMENT AND SUPPLEMENT PROCEDURES WITHOUT MCC,126,145583.34127,59349.253968,57411.285714
220116,Tufts Medical Center,Boston,800 Washington Street,25,2111,MA,1.0,"Metropolitan area core: primary flow within an urbanized area of 50,000 and greater",266,ENDOVASCULAR CARDIAC VALVE REPLACEMENT AND SUPPLEMENT PROCEDURES WITH MCC,46,170720.0,82551.195652,79302.065217
220116,Tufts Medical Center,Boston,800 Washington Street,25,2111,MA,1.0,"Metropolitan area core: primary flow within an urbanized area of 50,000 and greater",267,ENDOVASCULAR CARDIAC VALVE REPLACEMENT AND SUPPLEMENT PROCEDURES WITHOUT MCC,84,123006.03571,63020.821429,60418.571429
220163,Umass Memorial Medical Center Inc,Worcester,55 Lake Avenue North,25,1655,MA,1.0,"Metropolitan area core: primary flow within an urbanized area of 50,000 and greater",266,ENDOVASCULAR CARDIAC VALVE REPLACEMENT AND SUPPLEMENT PROCEDURES WITH MCC,18,249691.16667,81088.277778,77543.777778
220163,Umass Memorial Medical Center Inc,Worcester,55 Lake Avenue North,25,1655,MA,1.0,"Metropolitan area core: primary flow within an urbanized area of 50,000 and greater",267,ENDOVASCULAR CARDIAC VALVE REPLACEMENT AND SUPPLEMENT PROCEDURES WITHOUT MCC,75,158662.2,59993.6,56801.293333
220171,"Lahey Hospital & Medical Center, Burlington",Burlington,41 & 45 Mall Road,25,1803,MA,1.0,"Metropolitan area core: primary flow within an urbanized area of 50,000 and greater",266,ENDOVASCULAR CARDIAC VALVE REPLACEMENT AND SUPPLEMENT PROCEDURES WITH MCC,50,113248.12,68777.6,66758.98
220171,"Lahey Hospital & Medical Center, Burlington",Burlington,41 & 45 Mall Road,25,1803,MA,1.0,"Metropolitan area core: primary flow within an urbanized area of 50,000 and greater",267,ENDOVASCULAR CARDIAC VALVE REPLACEMENT AND SUPPLEMENT PROCEDURES WITHOUT MCC,113,89814.070796,53681.415929,50014.061947
220176,St Vincent Hospital,Worcester,123 Summer Street,25,1608,MA,1.0,"Metropolitan area core: primary flow within an urbanized area of 50,000 and greater",267,ENDOVASCULAR CARDIAC VALVE REPLACEMENT AND SUPPLEMENT PROCEDURES WITHOUT MCC,14,416228.0,66628.928571,50254.214286
230017,Bronson Methodist Hospital,Kalamazoo,601 John Street,26,49007,MI,1.0,"Metropolitan area core: primary flow within an urbanized area of 50,000 and greater",266,ENDOVASCULAR CARDIAC VALVE REPLACEMENT AND SUPPLEMENT PROCEDURES WITH MCC,16,165427.8125,51780.0625,50617.75
230017,Bronson Methodist Hospital,Kalamazoo,601 John Street,26,49007,MI,1.0,"Metropolitan area core: primary flow within an urbanized area of 50,000 and greater",267,ENDOVASCULAR CARDIAC VALVE REPLACEMENT AND SUPPLEMENT PROCEDURES WITHOUT MCC,72,121278.08333,40687.597222,40282.680556
230019,Ascension Providence Hospital,Southfield,16001 W Nine Mile Rd,26,48075,MI,1.0,"Metropolitan area core: primary flow within an urbanized area of 50,000 and greater",266,ENDOVASCULAR CARDIAC VALVE REPLACEMENT AND SUPPLEMENT PROCEDURES WITH MCC,11,115960.18182,50189.818182,48945.909091
230019,Ascension Providence Hospital,Southfield,16001 W Nine Mile Rd,26,48075,MI,1.0,"Metropolitan area core: primary flow within an urbanized area of 50,000 and greater",267,ENDOVASCULAR CARDIAC VALVE REPLACEMENT AND SUPPLEMENT PROCEDURES WITHOUT MCC,24,105902.625,42134.458333,40934.791667
230020,Beaumont Hospital - Dearborn,Dearborn,18101 Oakwood Blvd,26,48124,MI,1.0,"Metropolitan area core: primary flow within an urbanized area of 50,000 and greater",266,ENDOVASCULAR CARDIAC VALVE REPLACEMENT AND SUPPLEMENT PROCEDURES WITH MCC,22,246588.09091,57164.227273,48546.0
230020,Beaumont Hospital - Dearborn,Dearborn,18101 Oakwood Blvd,26,48124,MI,1.0,"Metropolitan area core: primary flow within an urbanized area of 50,000 and greater",267,ENDOVASCULAR CARDIAC VALVE REPLACEMENT AND SUPPLEMENT PROCEDURES WITHOUT MCC,31,199534.80645,40632.612903,39861.645161
230021,"Lakeland Hospital, St Joseph",St Joseph,1234 Napier Avenue,26,49085,MI,1.0,"Metropolitan area core: primary flow within an urbanized area of 50,000 and greater",266,ENDOVASCULAR CARDIAC VALVE REPLACEMENT AND SUPPLEMENT PROCEDURES WITH MCC,16,141140.875,52146.5,51076.6875
230029,Trinity Health Oakland Hospital,Pontiac,44405 Woodward Ave,26,48341,MI,1.0,"Metropolitan area core: primary flow within an urbanized area of 50,000 and greater",266,ENDOVASCULAR CARDIAC VALVE REPLACEMENT AND SUPPLEMENT PROCEDURES WITH MCC,14,177012.0,54057.857143,51302.0
230029,Trinity Health Oakland Hospital,Pontiac,44405 Woodward Ave,26,48341,MI,1.0,"Metropolitan area core: primary flow within an urbanized area of 50,000 and greater",267,ENDOVASCULAR CARDIAC VALVE REPLACEMENT AND SUPPLEMENT PROCEDURES WITHOUT MCC,32,156721.0,43540.125,39327.875
230038,Spectrum Health - Butterworth Campus,Grand Rapids,100 Michigan St Ne,26,49503,MI,1.0,"Metropolitan area core: primary flow within an urbanized area of 50,000 and greater",266,ENDOVASCULAR CARDIAC VALVE REPLACEMENT AND SUPPLEMENT PROCEDURES WITH MCC,26,188619.03846,55961.923077,49552.615385
230038,Spectrum Health - Butterworth Campus,Grand Rapids,100 Michigan St Ne,26,49503,MI,1.0,"Metropolitan area core: primary flow within an urbanized area of 50,000 and greater",267,ENDOVASCULAR CARDIAC VALVE REPLACEMENT AND SUPPLEMENT PROCEDURES WITHOUT MCC,61,174745.34426,46846.278689,37793.032787
230041,Mclaren Bay Region,Bay City,1900 Columbus Ave,26,48708,MI,1.0,"Metropolitan area core: primary flow within an urbanized area of 50,000 and greater",267,ENDOVASCULAR CARDIAC VALVE REPLACEMENT AND SUPPLEMENT PROCEDURES WITHOUT MCC,40,175676.9,36836.075,33962.2
230046,University Of Michigan Health,Ann Arbor,"1500 E Medical Center Drive, Spc 5474",26,48109,MI,1.0,"Metropolitan area core: primary flow within an urbanized area of 50,000 and greater",266,ENDOVASCULAR CARDIAC VALVE REPLACEMENT AND SUPPLEMENT PROCEDURES WITH MCC,41,239437.21951,73374.731707,69178.682927
230046,University Of Michigan Health,Ann Arbor,"1500 E Medical Center Drive, Spc 5474",26,48109,MI,1.0,"Metropolitan area core: primary flow within an urbanized area of 50,000 and greater",267,ENDOVASCULAR CARDIAC VALVE REPLACEMENT AND SUPPLEMENT PROCEDURES WITHOUT MCC,111,162741.57658,53254.396396,50285.720721
230047,Henry Ford Health Macomb Hospital,Clinton Township,15855 Nineteen Mile Rd,26,48038,MI,1.0,"Metropolitan area core: primary flow within an urbanized area of 50,000 and greater",267,ENDOVASCULAR CARDIAC VALVE REPLACEMENT AND SUPPLEMENT PROCEDURES WITHOUT MCC,28,150259.10714,43613.642857,38404.571429
230053,Henry Ford Health Hospital,Detroit,2799 W Grand Blvd,26,48202,MI,1.0,"Metropolitan area core: primary flow within an urbanized area of 50,000 and greater",266,ENDOVASCULAR CARDIAC VALVE REPLACEMENT AND SUPPLEMENT PROCEDURES WITH MCC,42,213094.80952,70545.5,67616.309524
230053,Henry Ford Health Hospital,Detroit,2799 W Grand Blvd,26,48202,MI,1.0,"Metropolitan area core: primary flow within an urbanized area of 50,000 and greater",267,ENDOVASCULAR CARDIAC VALVE REPLACEMENT AND SUPPLEMENT PROCEDURES WITHOUT MCC,110,158035.67273,53333.8,49078.345455
230054,Up Health System - Marquette,Marquette,850 W Baraga Ave,26,49855,MI,4.0,"Micropolitan area core: primary flow within an urban cluster of 10,000 to 49,999",266,ENDOVASCULAR CARDIAC VALVE REPLACEMENT AND SUPPLEMENT PROCEDURES WITH MCC,11,204769.18182,58183.636364,57573.818182
230054,Up Health System - Marquette,Marquette,850 W Baraga Ave,26,49855,MI,4.0,"Micropolitan area core: primary flow within an urban cluster of 10,000 to 49,999",267,ENDOVASCULAR CARDIAC VALVE REPLACEMENT AND SUPPLEMENT PROCEDURES WITHOUT MCC,32,140815.125,45883.4375,45105.9375
230066,Mercy Health Muskegon,Muskegon,125 E Southern,26,49442,MI,1.0,"Metropolitan area core: primary flow within an urbanized area of 50,000 and greater",267,ENDOVASCULAR CARDIAC VALVE REPLACEMENT AND SUPPLEMENT PROCEDURES WITHOUT MCC,29,94076.896552,43471.724138,42237.655172
230070,Covenant Medical Center,Saginaw,1447 N Harrison,26,48602,MI,1.0,"Metropolitan area core: primary flow within an urbanized area of 50,000 and greater",267,ENDOVASCULAR CARDIAC VALVE REPLACEMENT AND SUPPLEMENT PROCEDURES WITHOUT MCC,42,108653.57143,38640.785714,38185.690476
230077,Ascension St Mary's Hospital,Saginaw,800 S Washington Avenue,26,48601,MI,1.0,"Metropolitan area core: primary flow within an urbanized area of 50,000 and greater",266,ENDOVASCULAR CARDIAC VALVE REPLACEMENT AND SUPPLEMENT PROCEDURES WITH MCC,11,132874.27273,50093.181818,41913.909091
230077,Ascension St Mary's Hospital,Saginaw,800 S Washington Avenue,26,48601,MI,1.0,"Metropolitan area core: primary flow within an urbanized area of 50,000 and greater",267,ENDOVASCULAR CARDIAC VALVE REPLACEMENT AND SUPPLEMENT PROCEDURES WITHOUT MCC,29,87378.103448,37336.586207,35961.0
230092,Henry Ford Health Jackson Hospital,Jackson,205 N East Ave,26,49201,MI,1.0,"Metropolitan area core: primary flow within an urbanized area of 50,000 and greater",267,ENDOVASCULAR CARDIAC VALVE REPLACEMENT AND SUPPLEMENT PROCEDURES WITHOUT MCC,25,149491.48,43782.12,39364.2
230097,Munson Medical Center,Traverse City,1105 Sixth Street,26,49684,MI,4.0,"Micropolitan area core: primary flow within an urban cluster of 10,000 to 49,999",266,ENDOVASCULAR CARDIAC VALVE REPLACEMENT AND SUPPLEMENT PROCEDURES WITH MCC,25,206317.56,59402.36,57986.72
230097,Munson Medical Center,Traverse City,1105 Sixth Street,26,49684,MI,4.0,"Micropolitan area core: primary flow within an urban cluster of 10,000 to 49,999",267,ENDOVASCULAR CARDIAC VALVE REPLACEMENT AND SUPPLEMENT PROCEDURES WITHOUT MCC,61,170309.7541,44813.672131,43314.918033
230105,Mclaren Northern Michigan,Petoskey,416 Connable Ave,26,49770,MI,7.0,"Small town core: primary flow within an urban cluster of 2,500 to 9,999",267,ENDOVASCULAR CARDIAC VALVE REPLACEMENT AND SUPPLEMENT PROCEDURES WITHOUT MCC,28,103906.10714,43049.5,42438.214286
230117,Ascension Borgess Hospital,Kalamazoo,1521 Gull Road,26,49048,MI,1.0,"Metropolitan area core: primary flow within an urbanized area of 50,000 and greater",266,ENDOVASCULAR CARDIAC VALVE REPLACEMENT AND SUPPLEMENT PROCEDURES WITH MCC,26,148636.57692,52242.423077,50640.807692
230117,Ascension Borgess Hospital,Kalamazoo,1521 Gull Road,26,49048,MI,1.0,"Metropolitan area core: primary flow within an urbanized area of 50,000 and greater",267,ENDOVASCULAR CARDIAC VALVE REPLACEMENT AND SUPPLEMENT PROCEDURES WITHOUT MCC,19,138675.94737,41795.368421,40235.052632
230130,"Beaumont Hospital, Royal Oak",Royal Oak,3601 W Thirteen Mile Rd,26,48073,MI,1.0,"Metropolitan area core: primary flow within an urbanized area of 50,000 and greater",266,ENDOVASCULAR CARDIAC VALVE REPLACEMENT AND SUPPLEMENT PROCEDURES WITH MCC,70,304152.14286,61049.971429,59658.728571
230130,"Beaumont Hospital, Royal Oak",Royal Oak,3601 W Thirteen Mile Rd,26,48073,MI,1.0,"Metropolitan area core: primary flow within an urbanized area of 50,000 and greater",267,ENDOVASCULAR CARDIAC VALVE REPLACEMENT AND SUPPLEMENT PROCEDURES WITHOUT MCC,153,218465.23529,43967.522876,42220.163399
230141,Mclaren Flint,Flint,401 S Ballenger Highway,26,48532,MI,1.0,"Metropolitan area core: primary flow within an urbanized area of 50,000 and greater",266,ENDOVASCULAR CARDIAC VALVE REPLACEMENT AND SUPPLEMENT PROCEDURES WITH MCC,12,279776.08333,58990.083333,57788.166667
230141,Mclaren Flint,Flint,401 S Ballenger Highway,26,48532,MI,1.0,"Metropolitan area core: primary flow within an urbanized area of 50,000 and greater",267,ENDOVASCULAR CARDIAC VALVE REPLACEMENT AND SUPPLEMENT PROCEDURES WITHOUT MCC,19,257565.57895,46977.631579,45766.947368
230156,Trinity Health Ann Arbor Hospital,Ann Arbor,5301 E Huron River Dr,26,48106,MI,1.0,"Metropolitan area core: primary flow within an urbanized area of 50,000 and greater",266,ENDOVASCULAR CARDIAC VALVE REPLACEMENT AND SUPPLEMENT PROCEDURES WITH MCC,33,123938.9697,54663.818182,50997.393939
230156,Trinity Health Ann Arbor Hospital,Ann Arbor,5301 E Huron River Dr,26,48106,MI,1.0,"Metropolitan area core: primary flow within an urbanized area of 50,000 and greater",267,ENDOVASCULAR CARDIAC VALVE REPLACEMENT AND SUPPLEMENT PROCEDURES WITHOUT MCC,27,97229.37037,42500.740741,41123.62963
230165,Ascension St John Hospital,Detroit,22101 Moross Rd,26,48236,MI,1.0,"Metropolitan area core: primary flow within an urbanized area of 50,000 and greater",266,ENDOVASCULAR CARDIAC VALVE REPLACEMENT AND SUPPLEMENT PROCEDURES WITH MCC,14,134279.5,59742.5,50210.071429
230165,Ascension St John Hospital,Detroit,22101 Moross Rd,26,48236,MI,1.0,"Metropolitan area core: primary flow within an urbanized area of 50,000 and greater",267,ENDOVASCULAR CARDIAC VALVE REPLACEMENT AND SUPPLEMENT PROCEDURES WITHOUT MCC,22,108943.90909,45394.454545,40860.772727
230197,Ascension Genesys Hospital,Grand Blanc,One Genesys Parkway,26,48439,MI,1.0,"Metropolitan area core: primary flow within an urbanized area of 50,000 and greater",266,ENDOVASCULAR CARDIAC VALVE REPLACEMENT AND SUPPLEMENT PROCEDURES WITH MCC,14,230047.57143,60896.5,59656.071429
230216,Mclaren Port Huron,Port Huron,1221 Pine Grove Ave,26,48060,MI,1.0,"Metropolitan area core: primary flow within an urbanized area of 50,000 and greater",267,ENDOVASCULAR CARDIAC VALVE REPLACEMENT AND SUPPLEMENT PROCEDURES WITHOUT MCC,11,143190.18182,33439.090909,32446.727273
230222,Mymichigan Medical Center Midland,Midland,4000 Wellness Drive,26,48670,MI,1.0,"Metropolitan area core: primary flow within an urbanized area of 50,000 and greater",266,ENDOVASCULAR CARDIAC VALVE REPLACEMENT AND SUPPLEMENT PROCEDURES WITH MCC,23,154348.52174,54365.521739,53566.0
230222,Mymichigan Medical Center Midland,Midland,4000 Wellness Drive,26,48670,MI,1.0,"Metropolitan area core: primary flow within an urbanized area of 50,000 and greater",267,ENDOVASCULAR CARDIAC VALVE REPLACEMENT AND SUPPLEMENT PROCEDURES WITHOUT MCC,140,122026.2,42875.635714,41674.571429
230227,Mclaren Macomb,Mount Clemens,1000 Harrington St,26,48043,MI,1.0,"Metropolitan area core: primary flow within an urbanized area of 50,000 and greater",267,ENDOVASCULAR CARDIAC VALVE REPLACEMENT AND SUPPLEMENT PROCEDURES WITHOUT MCC,16,179601.5625,47578.625,37356.3125
230230,Edward W Sparrow Hospital,Lansing,1215 E Michigan Avenue,26,48912,MI,1.0,"Metropolitan area core: primary flow within an urbanized area of 50,000 and greater",267,ENDOVASCULAR CARDIAC VALVE REPLACEMENT AND SUPPLEMENT PROCEDURES WITHOUT MCC,42,168412.14286,41579.880952,40391.238095
230269,"Beaumont Hospital, Troy",Troy,44201 Dequindre Road,26,48085,MI,1.0,"Metropolitan area core: primary flow within an urbanized area of 50,000 and greater",266,ENDOVASCULAR CARDIAC VALVE REPLACEMENT AND SUPPLEMENT PROCEDURES WITH MCC,18,266290.11111,47429.944444,46973.777778
230269,"Beaumont Hospital, Troy",Troy,44201 Dequindre Road,26,48085,MI,1.0,"Metropolitan area core: primary flow within an urbanized area of 50,000 and greater",267,ENDOVASCULAR CARDIAC VALVE REPLACEMENT AND SUPPLEMENT PROCEDURES WITHOUT MCC,70,209157.47143,36753.142857,35495.642857
240001,North Memorial Health,Robbinsdale,3300 Oakdale North,27,55422,MN,1.0,"Metropolitan area core: primary flow within an urbanized area of 50,000 and greater",267,ENDOVASCULAR CARDIAC VALVE REPLACEMENT AND SUPPLEMENT PROCEDURES WITHOUT MCC,22,102553.27273,41560.318182,40472.818182
240002,Essentia Health St Mary's Medical Center,Duluth,407 East Third Street,27,55805,MN,1.0,"Metropolitan area core: primary flow within an urbanized area of 50,000 and greater",266,ENDOVASCULAR CARDIAC VALVE REPLACEMENT AND SUPPLEMENT PROCEDURES WITH MCC,44,145311.65909,52886.931818,49424.113636
240002,Essentia Health St Mary's Medical Center,Duluth,407 East Third Street,27,55805,MN,1.0,"Metropolitan area core: primary flow within an urbanized area of 50,000 and greater",267,ENDOVASCULAR CARDIAC VALVE REPLACEMENT AND SUPPLEMENT PROCEDURES WITHOUT MCC,79,117979.26582,39900.265823,38546.56962
240010,Mayo Clinic Hospital Rochester,Rochester,1216 Second Street Southwest,27,55902,MN,1.0,"Metropolitan area core: primary flow within an urbanized area of 50,000 and greater",266,ENDOVASCULAR CARDIAC VALVE REPLACEMENT AND SUPPLEMENT PROCEDURES WITH MCC,98,177975.22449,75424.295918,70042.836735
240010,Mayo Clinic Hospital Rochester,Rochester,1216 Second Street Southwest,27,55902,MN,1.0,"Metropolitan area core: primary flow within an urbanized area of 50,000 and greater",267,ENDOVASCULAR CARDIAC VALVE REPLACEMENT AND SUPPLEMENT PROCEDURES WITHOUT MCC,354,110331.81921,55919.062147,52584.711864
240036,St Cloud Hospital,Saint Cloud,1406 6th Ave North,27,56303,MN,1.0,"Metropolitan area core: primary flow within an urbanized area of 50,000 and greater",266,ENDOVASCULAR CARDIAC VALVE REPLACEMENT AND SUPPLEMENT PROCEDURES WITH MCC,63,153060.60317,64703.269841,63944.920635
240036,St Cloud Hospital,Saint Cloud,1406 6th Ave North,27,56303,MN,1.0,"Metropolitan area core: primary flow within an urbanized area of 50,000 and greater",267,ENDOVASCULAR CARDIAC VALVE REPLACEMENT AND SUPPLEMENT PROCEDURES WITHOUT MCC,138,101903.62319,49104.782609,48354.449275
240038,United Hospital,Saint Paul,333 North Smith Avenue,27,55102,MN,1.0,"Metropolitan area core: primary flow within an urbanized area of 50,000 and greater",267,ENDOVASCULAR CARDIAC VALVE REPLACEMENT AND SUPPLEMENT PROCEDURES WITHOUT MCC,51,164956.39216,40538.941176,39348.72549
240047,St Lukes Hospital Of Duluth,Duluth,915 East 1st Street,27,55805,MN,1.0,"Metropolitan area core: primary flow within an urbanized area of 50,000 and greater",266,ENDOVASCULAR CARDIAC VALVE REPLACEMENT AND SUPPLEMENT PROCEDURES WITH MCC,43,127313.88372,50315.488372,49168.976744
240047,St Lukes Hospital Of Duluth,Duluth,915 East 1st Street,27,55805,MN,1.0,"Metropolitan area core: primary flow within an urbanized area of 50,000 and greater",267,ENDOVASCULAR CARDIAC VALVE REPLACEMENT AND SUPPLEMENT PROCEDURES WITHOUT MCC,25,111403.92,39245.96,37676.16
240053,Park Nicollet Methodist Hospital,Saint Louis Park,6500 Excelsior Blvd,27,55426,MN,1.0,"Metropolitan area core: primary flow within an urbanized area of 50,000 and greater",266,ENDOVASCULAR CARDIAC VALVE REPLACEMENT AND SUPPLEMENT PROCEDURES WITH MCC,17,153386.76471,58260.235294,52270.352941
240053,Park Nicollet Methodist Hospital,Saint Louis Park,6500 Excelsior Blvd,27,55426,MN,1.0,"Metropolitan area core: primary flow within an urbanized area of 50,000 and greater",267,ENDOVASCULAR CARDIAC VALVE REPLACEMENT AND SUPPLEMENT PROCEDURES WITHOUT MCC,48,113443.29167,43118.916667,38898.375
240057,Abbott Northwestern Hospital,Minneapolis,800 East 28th Street,27,55407,MN,1.0,"Metropolitan area core: primary flow within an urbanized area of 50,000 and greater",266,ENDOVASCULAR CARDIAC VALVE REPLACEMENT AND SUPPLEMENT PROCEDURES WITH MCC,47,268328.3617,57680.93617,56140.212766
240057,Abbott Northwestern Hospital,Minneapolis,800 East 28th Street,27,55407,MN,1.0,"Metropolitan area core: primary flow within an urbanized area of 50,000 and greater",267,ENDOVASCULAR CARDIAC VALVE REPLACEMENT AND SUPPLEMENT PROCEDURES WITHOUT MCC,164,169236.01829,41124.95122,39650.286585
240078,M Health Fairview Southdale Hospital,Edina,6401 France Avenue South,27,55435,MN,1.0,"Metropolitan area core: primary flow within an urbanized area of 50,000 and greater",266,ENDOVASCULAR CARDIAC VALVE REPLACEMENT AND SUPPLEMENT PROCEDURES WITH MCC,14,218908.64286,55720.714286,54886.928571
240078,M Health Fairview Southdale Hospital,Edina,6401 France Avenue South,27,55435,MN,1.0,"Metropolitan area core: primary flow within an urbanized area of 50,000 and greater",267,ENDOVASCULAR CARDIAC VALVE REPLACEMENT AND SUPPLEMENT PROCEDURES WITHOUT MCC,36,145057.02778,38493.222222,37056.972222
240080,M Health Fairview University Of Mn,Minneapolis,2450 Riverside Avenue,27,55454,MN,1.0,"Metropolitan area core: primary flow within an urbanized area of 50,000 and greater",266,ENDOVASCULAR CARDIAC VALVE REPLACEMENT AND SUPPLEMENT PROCEDURES WITH MCC,28,208759.0,70316.321429,67355.392857
240080,M Health Fairview University Of Mn,Minneapolis,2450 Riverside Avenue,27,55454,MN,1.0,"Metropolitan area core: primary flow within an urbanized area of 50,000 and greater",267,ENDOVASCULAR CARDIAC VALVE REPLACEMENT AND SUPPLEMENT PROCEDURES WITHOUT MCC,38,148202.55263,50372.657895,48353.026316
240106,Regions Hospital,Saint Paul,640 Jackson Street,27,55101,MN,1.0,"Metropolitan area core: primary flow within an urbanized area of 50,000 and greater",266,ENDOVASCULAR CARDIAC VALVE REPLACEMENT AND SUPPLEMENT PROCEDURES WITH MCC,18,147091.27778,59896.388889,58715.0
240106,Regions Hospital,Saint Paul,640 Jackson Street,27,55101,MN,1.0,"Metropolitan area core: primary flow within an urbanized area of 50,000 and greater",267,ENDOVASCULAR CARDIAC VALVE REPLACEMENT AND SUPPLEMENT PROCEDURES WITHOUT MCC,30,111571.3,47878.266667,44202.333333
240115,Mercy Hospital,Coon Rapids,4050 Coon Rapids Blvd,27,55433,MN,1.0,"Metropolitan area core: primary flow within an urbanized area of 50,000 and greater",267,ENDOVASCULAR CARDIAC VALVE REPLACEMENT AND SUPPLEMENT PROCEDURES WITHOUT MCC,34,155773.0,39412.235294,38034.205882
240210,M Health Fairview St John's Hospital,Maplewood,1575 Beam Avenue,27,55109,MN,1.0,"Metropolitan area core: primary flow within an urbanized area of 50,000 and greater",267,ENDOVASCULAR CARDIAC VALVE REPLACEMENT AND SUPPLEMENT PROCEDURES WITHOUT MCC,15,156879.66667,39894.333333,38628.2
250001,University Of Mississippi Med Center,Jackson,2500 N State St,28,39216,MS,1.0,"Metropolitan area core: primary flow within an urbanized area of 50,000 and greater",266,ENDOVASCULAR CARDIAC VALVE REPLACEMENT AND SUPPLEMENT PROCEDURES WITH MCC,14,122500.0,59233.214286,56340.357143
250001,University Of Mississippi Med Center,Jackson,2500 N State St,28,39216,MS,1.0,"Metropolitan area core: primary flow within an urbanized area of 50,000 and greater",267,ENDOVASCULAR CARDIAC VALVE REPLACEMENT AND SUPPLEMENT PROCEDURES WITHOUT MCC,29,85975.758621,43897.241379,41370.172414
250004,North Mississippi Medical Center,Tupelo,830 S Gloster Street,28,38801,MS,4.0,"Micropolitan area core: primary flow within an urban cluster of 10,000 to 49,999",266,ENDOVASCULAR CARDIAC VALVE REPLACEMENT AND SUPPLEMENT PROCEDURES WITH MCC,61,144436.90164,43365.327869,42400.737705
250004,North Mississippi Medical Center,Tupelo,830 S Gloster Street,28,38801,MS,4.0,"Micropolitan area core: primary flow within an urban cluster of 10,000 to 49,999",267,ENDOVASCULAR CARDIAC VALVE REPLACEMENT AND SUPPLEMENT PROCEDURES WITHOUT MCC,47,117599.25532,35948.12766,33780.553191
250034,Baptist Memorial Hospital North Ms,Oxford,1100 Belk Blvd /Po Box 946,28,38655,MS,4.0,"Micropolitan area core: primary flow within an urban cluster of 10,000 to 49,999",267,ENDOVASCULAR CARDIAC VALVE REPLACEMENT AND SUPPLEMENT PROCEDURES WITHOUT MCC,13,118495.07692,33608.769231,32843.538462
250040,Singing River Health System,Pascagoula,2809 Denny Avenue,28,39581,MS,1.0,"Metropolitan area core: primary flow within an urbanized area of 50,000 and greater",266,ENDOVASCULAR CARDIAC VALVE REPLACEMENT AND SUPPLEMENT PROCEDURES WITH MCC,13,177907.23077,40630.384615,39912.230769
250040,Singing River Health System,Pascagoula,2809 Denny Avenue,28,39581,MS,1.0,"Metropolitan area core: primary flow within an urbanized area of 50,000 and greater",267,ENDOVASCULAR CARDIAC VALVE REPLACEMENT AND SUPPLEMENT PROCEDURES WITHOUT MCC,15,133410.06667,32770.266667,31318.0
250048,St Dominic-Jackson Memorial Hospital,Jackson,969 Lakeland Dr,28,39216,MS,1.0,"Metropolitan area core: primary flow within an urbanized area of 50,000 and greater",267,ENDOVASCULAR CARDIAC VALVE REPLACEMENT AND SUPPLEMENT PROCEDURES WITHOUT MCC,64,113662.46875,33281.828125,31397.40625
250078,Forrest General Hospital,Hattiesburg,6051 Us Highway 49 South,28,39404,MS,1.0,"Metropolitan area core: primary flow within an urbanized area of 50,000 and greater",266,ENDOVASCULAR CARDIAC VALVE REPLACEMENT AND SUPPLEMENT PROCEDURES WITH MCC,86,138616.51163,41963.186047,41357.662791
250078,Forrest General Hospital,Hattiesburg,6051 Us Highway 49 South,28,39404,MS,1.0,"Metropolitan area core: primary flow within an urbanized area of 50,000 and greater",267,ENDOVASCULAR CARDIAC VALVE REPLACEMENT AND SUPPLEMENT PROCEDURES WITHOUT MCC,100,129010.68,34167.47,32652.45
250102,Mississippi Baptist Medical Center,Jackson,1225 N State St,28,39202,MS,1.0,"Metropolitan area core: primary flow within an urbanized area of 50,000 and greater",267,ENDOVASCULAR CARDIAC VALVE REPLACEMENT AND SUPPLEMENT PROCEDURES WITHOUT MCC,33,125064.42424,34880.272727,30047.818182
260001,Mercy Hospital Joplin,Joplin,100 Mercy Way,29,64804,MO,1.0,"Metropolitan area core: primary flow within an urbanized area of 50,000 and greater",267,ENDOVASCULAR CARDIAC VALVE REPLACEMENT AND SUPPLEMENT PROCEDURES WITHOUT MCC,15,146062.93333,33920.533333,32572.0
260006,Mosaic Life Care At St Joseph,Saint Joseph,5325 Faraon Street,29,64506,MO,1.0,"Metropolitan area core: primary flow within an urbanized area of 50,000 and greater",266,ENDOVASCULAR CARDIAC VALVE REPLACEMENT AND SUPPLEMENT PROCEDURES WITH MCC,22,143350.95455,67668.181818,56353.636364
260006,Mosaic Life Care At St Joseph,Saint Joseph,5325 Faraon Street,29,64506,MO,1.0,"Metropolitan area core: primary flow within an urbanized area of 50,000 and greater",267,ENDOVASCULAR CARDIAC VALVE REPLACEMENT AND SUPPLEMENT PROCEDURES WITHOUT MCC,27,119528.77778,47273.407407,46005.555556
260020,Mercy Hospital St Louis,Saint Louis,615 New Ballas Road,29,63141,MO,1.0,"Metropolitan area core: primary flow within an urbanized area of 50,000 and greater",266,ENDOVASCULAR CARDIAC VALVE REPLACEMENT AND SUPPLEMENT PROCEDURES WITH MCC,16,182196.0625,51047.625,46256.8125
260020,Mercy Hospital St Louis,Saint Louis,615 New Ballas Road,29,63141,MO,1.0,"Metropolitan area core: primary flow within an urbanized area of 50,000 and greater",267,ENDOVASCULAR CARDIAC VALVE REPLACEMENT AND SUPPLEMENT PROCEDURES WITHOUT MCC,53,126939.33962,38623.924528,36395.320755
260027,Research Medical Center,Kansas City,2316 E Meyer Blvd,29,64132,MO,1.0,"Metropolitan area core: primary flow within an urbanized area of 50,000 and greater",266,ENDOVASCULAR CARDIAC VALVE REPLACEMENT AND SUPPLEMENT PROCEDURES WITH MCC,40,518120.925,53411.775,48376.475
260027,Research Medical Center,Kansas City,2316 E Meyer Blvd,29,64132,MO,1.0,"Metropolitan area core: primary flow within an urbanized area of 50,000 and greater",267,ENDOVASCULAR CARDIAC VALVE REPLACEMENT AND SUPPLEMENT PROCEDURES WITHOUT MCC,32,522395.8125,45399.1875,36034.8125
260032,Barnes Jewish Hospital,Saint Louis,One Barnes-Jewish Hospital Plaza,29,63110,MO,1.0,"Metropolitan area core: primary flow within an urbanized area of 50,000 and greater",266,ENDOVASCULAR CARDIAC VALVE REPLACEMENT AND SUPPLEMENT PROCEDURES WITH MCC,32,222229.8125,58385.1875,57607.1875
260032,Barnes Jewish Hospital,Saint Louis,One Barnes-Jewish Hospital Plaza,29,63110,MO,1.0,"Metropolitan area core: primary flow within an urbanized area of 50,000 and greater",267,ENDOVASCULAR CARDIAC VALVE REPLACEMENT AND SUPPLEMENT PROCEDURES WITHOUT MCC,74,180766.36486,45509.756757,44206.094595
260040,Cox Medical Centers,Springfield,3801 South National Avenue,29,65807,MO,1.0,"Metropolitan area core: primary flow within an urbanized area of 50,000 and greater",266,ENDOVASCULAR CARDIAC VALVE REPLACEMENT AND SUPPLEMENT PROCEDURES WITH MCC,53,176789.84906,45559.773585,40591.566038
260040,Cox Medical Centers,Springfield,3801 South National Avenue,29,65807,MO,1.0,"Metropolitan area core: primary flow within an urbanized area of 50,000 and greater",267,ENDOVASCULAR CARDIAC VALVE REPLACEMENT AND SUPPLEMENT PROCEDURES WITHOUT MCC,22,166627.68182,34976.727273,33491.454545
260065,Mercy Hospital Springfield,Springfield,1235 E Cherokee,29,65804,MO,1.0,"Metropolitan area core: primary flow within an urbanized area of 50,000 and greater",266,ENDOVASCULAR CARDIAC VALVE REPLACEMENT AND SUPPLEMENT PROCEDURES WITH MCC,12,153209.16667,41810.916667,40903.25
260065,Mercy Hospital Springfield,Springfield,1235 E Cherokee,29,65804,MO,1.0,"Metropolitan area core: primary flow within an urbanized area of 50,000 and greater",267,ENDOVASCULAR CARDIAC VALVE REPLACEMENT AND SUPPLEMENT PROCEDURES WITHOUT MCC,57,128209.0,33775.789474,32465.473684
260068,Boone Hospital Center,Columbia,1600 E Broadway,29,65201,MO,1.0,"Metropolitan area core: primary flow within an urbanized area of 50,000 and greater",266,ENDOVASCULAR CARDIAC VALVE REPLACEMENT AND SUPPLEMENT PROCEDURES WITH MCC,12,244364.0,50706.25,49409.583333
260068,Boone Hospital Center,Columbia,1600 E Broadway,29,65201,MO,1.0,"Metropolitan area core: primary flow within an urbanized area of 50,000 and greater",267,ENDOVASCULAR CARDIAC VALVE REPLACEMENT AND SUPPLEMENT PROCEDURES WITHOUT MCC,46,154088.26087,33155.282609,31971.369565
260077,Mercy Hospital South,Saint Louis,10010 Kennerly Road,29,63128,MO,1.0,"Metropolitan area core: primary flow within an urbanized area of 50,000 and greater",266,ENDOVASCULAR CARDIAC VALVE REPLACEMENT AND SUPPLEMENT PROCEDURES WITH MCC,12,117647.08333,44525.833333,43488.5
260077,Mercy Hospital South,Saint Louis,10010 Kennerly Road,29,63128,MO,1.0,"Metropolitan area core: primary flow within an urbanized area of 50,000 and greater",267,ENDOVASCULAR CARDIAC VALVE REPLACEMENT AND SUPPLEMENT PROCEDURES WITHOUT MCC,25,118502.16,35359.88,34115.08
260096,North Kansas City Hospital,North Kansas City,2800 Clay Edwards Drive,29,64116,MO,1.0,"Metropolitan area core: primary flow within an urbanized area of 50,000 and greater",266,ENDOVASCULAR CARDIAC VALVE REPLACEMENT AND SUPPLEMENT PROCEDURES WITH MCC,16,187692.125,44688.5625,44007.8125
260096,North Kansas City Hospital,North Kansas City,2800 Clay Edwards Drive,29,64116,MO,1.0,"Metropolitan area core: primary flow within an urbanized area of 50,000 and greater",267,ENDOVASCULAR CARDIAC VALVE REPLACEMENT AND SUPPLEMENT PROCEDURES WITHOUT MCC,63,131372.5873,35122.587302,34307.539683
260105,Ssm Health Saint Louis University Hospital,Saint Louis,3635 Vista Ave,29,63110,MO,1.0,"Metropolitan area core: primary flow within an urbanized area of 50,000 and greater",266,ENDOVASCULAR CARDIAC VALVE REPLACEMENT AND SUPPLEMENT PROCEDURES WITH MCC,21,266688.66667,74324.857143,66296.619048
260105,Ssm Health Saint Louis University Hospital,Saint Louis,3635 Vista Ave,29,63110,MO,1.0,"Metropolitan area core: primary flow within an urbanized area of 50,000 and greater",267,ENDOVASCULAR CARDIAC VALVE REPLACEMENT AND SUPPLEMENT PROCEDURES WITHOUT MCC,49,208413.65306,53823.306122,50827.367347
260108,Missouri Baptist Medical Center,Town And Country,3015 N Ballas Rd,29,63131,MO,1.0,"Metropolitan area core: primary flow within an urbanized area of 50,000 and greater",266,ENDOVASCULAR CARDIAC VALVE REPLACEMENT AND SUPPLEMENT PROCEDURES WITH MCC,28,221924.96429,47176.821429,46454.392857
260108,Missouri Baptist Medical Center,Town And Country,3015 N Ballas Rd,29,63131,MO,1.0,"Metropolitan area core: primary flow within an urbanized area of 50,000 and greater",267,ENDOVASCULAR CARDIAC VALVE REPLACEMENT AND SUPPLEMENT PROCEDURES WITHOUT MCC,78,168396.85897,35523.076923,34246.346154
260110,Southeasthealth,Cape Girardeau,1701 Lacey St,29,63701,MO,1.0,"Metropolitan area core: primary flow within an urbanized area of 50,000 and greater",267,ENDOVASCULAR CARDIAC VALVE REPLACEMENT AND SUPPLEMENT PROCEDURES WITHOUT MCC,17,219693.11765,33014.411765,31549.941176
260137,Freeman Health System - Freeman West,Joplin,1102 West 32nd Street,29,64804,MO,1.0,"Metropolitan area core: primary flow within an urbanized area of 50,000 and greater",266,ENDOVASCULAR CARDIAC VALVE REPLACEMENT AND SUPPLEMENT PROCEDURES WITH MCC,14,290197.85714,44635.642857,43770.642857
260137,Freeman Health System - Freeman West,Joplin,1102 West 32nd Street,29,64804,MO,1.0,"Metropolitan area core: primary flow within an urbanized area of 50,000 and greater",267,ENDOVASCULAR CARDIAC VALVE REPLACEMENT AND SUPPLEMENT PROCEDURES WITHOUT MCC,25,236606.92,34984.16,33843.08
260138,St Lukes Hospital Of Kansas City,Kansas City,4401 Wornall Road,29,64111,MO,1.0,"Metropolitan area core: primary flow within an urbanized area of 50,000 and greater",266,ENDOVASCULAR CARDIAC VALVE REPLACEMENT AND SUPPLEMENT PROCEDURES WITH MCC,64,207907.46875,51945.5625,50974.1875
260138,St Lukes Hospital Of Kansas City,Kansas City,4401 Wornall Road,29,64111,MO,1.0,"Metropolitan area core: primary flow within an urbanized area of 50,000 and greater",267,ENDOVASCULAR CARDIAC VALVE REPLACEMENT AND SUPPLEMENT PROCEDURES WITHOUT MCC,100,156709.7,41538.36,37564.8
260141,University Of Missouri Health Care,Columbia,One Hospital Drive,29,65212,MO,1.0,"Metropolitan area core: primary flow within an urbanized area of 50,000 and greater",267,ENDOVASCULAR CARDIAC VALVE REPLACEMENT AND SUPPLEMENT PROCEDURES WITHOUT MCC,43,257241.67442,43173.023256,41870.372093
260179,St Lukes Hospital,Chesterfield,232 S Woods Mill Rd,29,63017,MO,1.0,"Metropolitan area core: primary flow within an urbanized area of 50,000 and greater",266,ENDOVASCULAR CARDIAC VALVE REPLACEMENT AND SUPPLEMENT PROCEDURES WITH MCC,19,111413.68421,45890.210526,44989.368421
260179,St Lukes Hospital,Chesterfield,232 S Woods Mill Rd,29,63017,MO,1.0,"Metropolitan area core: primary flow within an urbanized area of 50,000 and greater",267,ENDOVASCULAR CARDIAC VALVE REPLACEMENT AND SUPPLEMENT PROCEDURES WITHOUT MCC,34,96991.588235,36407.941176,34989.235294
260180,Christian Hospital Northeast-Northwest,Saint Louis,11133 Dunn Road,29,63136,MO,1.0,"Metropolitan area core: primary flow within an urbanized area of 50,000 and greater",267,ENDOVASCULAR CARDIAC VALVE REPLACEMENT AND SUPPLEMENT PROCEDURES WITHOUT MCC,41,172044.04878,37786.634146,36382.439024
260183,Saint Francis Medical Center,Cape Girardeau,211 St Francis Dr,29,63703,MO,1.0,"Metropolitan area core: primary flow within an urbanized area of 50,000 and greater",267,ENDOVASCULAR CARDIAC VALVE REPLACEMENT AND SUPPLEMENT PROCEDURES WITHOUT MCC,30,302680.03333,34201.066667,32904.4
270004,Billings Clinic Hospital,Billings,2800 10th Ave N,30,59101,MT,1.0,"Metropolitan area core: primary flow within an urbanized area of 50,000 and greater",266,ENDOVASCULAR CARDIAC VALVE REPLACEMENT AND SUPPLEMENT PROCEDURES WITH MCC,52,104826.40385,51326.942308,50183.519231
270004,Billings Clinic Hospital,Billings,2800 10th Ave N,30,59101,MT,1.0,"Metropolitan area core: primary flow within an urbanized area of 50,000 and greater",267,ENDOVASCULAR CARDIAC VALVE REPLACEMENT AND SUPPLEMENT PROCEDURES WITHOUT MCC,25,87173.48,39917.28,38582.16
270014,St Patrick Hospital,Missoula,500 W Broadway,30,59806,MT,1.0,"Metropolitan area core: primary flow within an urbanized area of 50,000 and greater",266,ENDOVASCULAR CARDIAC VALVE REPLACEMENT AND SUPPLEMENT PROCEDURES WITH MCC,74,89303.5,50454.743243,46521.121622
270014,St Patrick Hospital,Missoula,500 W Broadway,30,59806,MT,1.0,"Metropolitan area core: primary flow within an urbanized area of 50,000 and greater",267,ENDOVASCULAR CARDIAC VALVE REPLACEMENT AND SUPPLEMENT PROCEDURES WITHOUT MCC,71,76324.802817,39603.28169,38178.478873
270049,St Vincent Healthcare,Billings,1233 N 30th St,30,59101,MT,1.0,"Metropolitan area core: primary flow within an urbanized area of 50,000 and greater",266,ENDOVASCULAR CARDIAC VALVE REPLACEMENT AND SUPPLEMENT PROCEDURES WITH MCC,30,195325.53333,51433.6,50771.8
270049,St Vincent Healthcare,Billings,1233 N 30th St,30,59101,MT,1.0,"Metropolitan area core: primary flow within an urbanized area of 50,000 and greater",267,ENDOVASCULAR CARDIAC VALVE REPLACEMENT AND SUPPLEMENT PROCEDURES WITHOUT MCC,24,177350.875,38669.916667,37290.0
270051,Logan Health Medical Center,Kalispell,310 Sunnyview Lane,30,59901,MT,4.0,"Micropolitan area core: primary flow within an urban cluster of 10,000 to 49,999",266,ENDOVASCULAR CARDIAC VALVE REPLACEMENT AND SUPPLEMENT PROCEDURES WITH MCC,25,155922.84,48881.88,48186.56
270051,Logan Health Medical Center,Kalispell,310 Sunnyview Lane,30,59901,MT,4.0,"Micropolitan area core: primary flow within an urban cluster of 10,000 to 49,999",267,ENDOVASCULAR CARDIAC VALVE REPLACEMENT AND SUPPLEMENT PROCEDURES WITHOUT MCC,29,120823.27586,38592.310345,37408.275862
280003,Bryan Medical Center,Lincoln,1600 South 48th St,31,68506,NE,1.0,"Metropolitan area core: primary flow within an urbanized area of 50,000 and greater",266,ENDOVASCULAR CARDIAC VALVE REPLACEMENT AND SUPPLEMENT PROCEDURES WITH MCC,35,189759.85714,46918.514286,46011.057143
280003,Bryan Medical Center,Lincoln,1600 South 48th St,31,68506,NE,1.0,"Metropolitan area core: primary flow within an urbanized area of 50,000 and greater",267,ENDOVASCULAR CARDIAC VALVE REPLACEMENT AND SUPPLEMENT PROCEDURES WITHOUT MCC,211,132248.80095,37450.805687,35373.829384
280013,The Nebraska Medical Center,Omaha,987400 Nebraska Medical Center,31,68198,NE,1.0,"Metropolitan area core: primary flow within an urbanized area of 50,000 and greater",266,ENDOVASCULAR CARDIAC VALVE REPLACEMENT AND SUPPLEMENT PROCEDURES WITH MCC,13,275133.30769,56253.923077,54399.538462
280013,The Nebraska Medical Center,Omaha,987400 Nebraska Medical Center,31,68198,NE,1.0,"Metropolitan area core: primary flow within an urbanized area of 50,000 and greater",267,ENDOVASCULAR CARDIAC VALVE REPLACEMENT AND SUPPLEMENT PROCEDURES WITHOUT MCC,59,224687.54237,44842.118644,41481.322034
280040,Methodist Hospital,Omaha,8303 Dodge St,31,68114,NE,1.0,"Metropolitan area core: primary flow within an urbanized area of 50,000 and greater",266,ENDOVASCULAR CARDIAC VALVE REPLACEMENT AND SUPPLEMENT PROCEDURES WITH MCC,29,134477.06897,46921.931034,45580.586207
280040,Methodist Hospital,Omaha,8303 Dodge St,31,68114,NE,1.0,"Metropolitan area core: primary flow within an urbanized area of 50,000 and greater",267,ENDOVASCULAR CARDIAC VALVE REPLACEMENT AND SUPPLEMENT PROCEDURES WITHOUT MCC,85,117972.84706,36613.858824,35240.917647
280060,Chi Health Creighton University Medical Center - B,Omaha,7500 Mercy Rd,31,68124,NE,1.0,"Metropolitan area core: primary flow within an urbanized area of 50,000 and greater",266,ENDOVASCULAR CARDIAC VALVE REPLACEMENT AND SUPPLEMENT PROCEDURES WITH MCC,66,123384.56061,57190.909091,55148.469697
280060,Chi Health Creighton University Medical Center - B,Omaha,7500 Mercy Rd,31,68124,NE,1.0,"Metropolitan area core: primary flow within an urbanized area of 50,000 and greater",267,ENDOVASCULAR CARDIAC VALVE REPLACEMENT AND SUPPLEMENT PROCEDURES WITHOUT MCC,44,115009.81818,47141.863636,43859.840909
280128,Chi Health Nebraska Heart,Lincoln,7500 South 91st St,31,68526,NE,1.0,"Metropolitan area core: primary flow within an urbanized area of 50,000 and greater",266,ENDOVASCULAR CARDIAC VALVE REPLACEMENT AND SUPPLEMENT PROCEDURES WITH MCC,34,126175.23529,42298.647059,41337.588235
280128,Chi Health Nebraska Heart,Lincoln,7500 South 91st St,31,68526,NE,1.0,"Metropolitan area core: primary flow within an urbanized area of 50,000 and greater",267,ENDOVASCULAR CARDIAC VALVE REPLACEMENT AND SUPPLEMENT PROCEDURES WITHOUT MCC,52,116249.5,33879.269231,32772.115385
280134,Kearney Regional Medical Center,Kearney,804 22nd Avenue,31,68845,NE,4.0,"Micropolitan area core: primary flow within an urban cluster of 10,000 to 49,999",267,ENDOVASCULAR CARDIAC VALVE REPLACEMENT AND SUPPLEMENT PROCEDURES WITHOUT MCC,17,169865.29412,33681.529412,32583.176471
290001,Renown Regional Medical Center,Reno,1155 Mill Street,32,89502,NV,1.0,"Metropolitan area core: primary flow within an urbanized area of 50,000 and greater",266,ENDOVASCULAR CARDIAC VALVE REPLACEMENT AND SUPPLEMENT PROCEDURES WITH MCC,32,176868.25,51058.15625,48389.125
290001,Renown Regional Medical Center,Reno,1155 Mill Street,32,89502,NV,1.0,"Metropolitan area core: primary flow within an urbanized area of 50,000 and greater",267,ENDOVASCULAR CARDIAC VALVE REPLACEMENT AND SUPPLEMENT PROCEDURES WITHOUT MCC,63,156599.19048,40482.111111,37244.15873
290003,Sunrise Hospital And Medical Center,Las Vegas,3186 S Maryland Pkwy,32,89109,NV,1.0,"Metropolitan area core: primary flow within an urbanized area of 50,000 and greater",266,ENDOVASCULAR CARDIAC VALVE REPLACEMENT AND SUPPLEMENT PROCEDURES WITH MCC,35,570257.37143,56697.314286,55079.771429
290003,Sunrise Hospital And Medical Center,Las Vegas,3186 S Maryland Pkwy,32,89109,NV,1.0,"Metropolitan area core: primary flow within an urbanized area of 50,000 and greater",267,ENDOVASCULAR CARDIAC VALVE REPLACEMENT AND SUPPLEMENT PROCEDURES WITHOUT MCC,72,423613.375,47716.208333,41267.152778
290009,Saint Mary's Regional Medical Center,Reno,235 W 6th St,32,89503,NV,1.0,"Metropolitan area core: primary flow within an urbanized area of 50,000 and greater",266,ENDOVASCULAR CARDIAC VALVE REPLACEMENT AND SUPPLEMENT PROCEDURES WITH MCC,40,204040.375,52927.25,51643.55
290009,Saint Mary's Regional Medical Center,Reno,235 W 6th St,32,89503,NV,1.0,"Metropolitan area core: primary flow within an urbanized area of 50,000 and greater",267,ENDOVASCULAR CARDIAC VALVE REPLACEMENT AND SUPPLEMENT PROCEDURES WITHOUT MCC,28,186603.0,42415.285714,41081.571429
290039,Mountainview Hospital,Las Vegas,3100 N Tenaya Way,32,89128,NV,1.0,"Metropolitan area core: primary flow within an urbanized area of 50,000 and greater",266,ENDOVASCULAR CARDIAC VALVE REPLACEMENT AND SUPPLEMENT PROCEDURES WITH MCC,52,490416.57692,64558.442308,60691.288462
290039,Mountainview Hospital,Las Vegas,3100 N Tenaya Way,32,89128,NV,1.0,"Metropolitan area core: primary flow within an urbanized area of 50,000 and greater",267,ENDOVASCULAR CARDIAC VALVE REPLACEMENT AND SUPPLEMENT PROCEDURES WITHOUT MCC,27,353099.14815,51355.148148,42743.222222
290045,Saint Rose Dominican Hospitals - Siena Campus,Henderson,3001 St Rose Parkway,32,89052,NV,1.0,"Metropolitan area core: primary flow within an urbanized area of 50,000 and greater",266,ENDOVASCULAR CARDIAC VALVE REPLACEMENT AND SUPPLEMENT PROCEDURES WITH MCC,42,321296.2619,53502.619048,48890.238095
290045,Saint Rose Dominican Hospitals - Siena Campus,Henderson,3001 St Rose Parkway,32,89052,NV,1.0,"Metropolitan area core: primary flow within an urbanized area of 50,000 and greater",267,ENDOVASCULAR CARDIAC VALVE REPLACEMENT AND SUPPLEMENT PROCEDURES WITHOUT MCC,47,301773.76596,43348.12766,39284.957447
290046,Spring Valley Hospital Medical Center,Las Vegas,5400 South Rainbow Blvd,32,89118,NV,1.0,"Metropolitan area core: primary flow within an urbanized area of 50,000 and greater",267,ENDOVASCULAR CARDIAC VALVE REPLACEMENT AND SUPPLEMENT PROCEDURES WITHOUT MCC,32,443949.5,42853.59375,41420.40625
300001,Concord Hospital,Concord,250 Pleasant St,33,3301,NH,4.0,"Micropolitan area core: primary flow within an urban cluster of 10,000 to 49,999",266,ENDOVASCULAR CARDIAC VALVE REPLACEMENT AND SUPPLEMENT PROCEDURES WITH MCC,33,218454.57576,56846.969697,55981.666667
300001,Concord Hospital,Concord,250 Pleasant St,33,3301,NH,4.0,"Micropolitan area core: primary flow within an urban cluster of 10,000 to 49,999",267,ENDOVASCULAR CARDIAC VALVE REPLACEMENT AND SUPPLEMENT PROCEDURES WITHOUT MCC,63,170412.11111,42347.761905,41532.222222
300003,Mary Hitchcock Memorial Hospital,Lebanon,1 Medical Center Drive,33,3756,NH,4.0,"Micropolitan area core: primary flow within an urban cluster of 10,000 to 49,999",266,ENDOVASCULAR CARDIAC VALVE REPLACEMENT AND SUPPLEMENT PROCEDURES WITH MCC,45,194293.26667,76278.711111,73358.6
300003,Mary Hitchcock Memorial Hospital,Lebanon,1 Medical Center Drive,33,3756,NH,4.0,"Micropolitan area core: primary flow within an urban cluster of 10,000 to 49,999",267,ENDOVASCULAR CARDIAC VALVE REPLACEMENT AND SUPPLEMENT PROCEDURES WITHOUT MCC,127,115409.45669,55064.755906,52811.212598
300029,Portsmouth Regional Hospital,Portsmouth,333 Borthwick Ave,33,3801,NH,1.0,"Metropolitan area core: primary flow within an urbanized area of 50,000 and greater",267,ENDOVASCULAR CARDIAC VALVE REPLACEMENT AND SUPPLEMENT PROCEDURES WITHOUT MCC,38,504308.39474,44060.868421,42791.526316
300034,Catholic Medical Center,Manchester,100 Mcgregor Street,33,3102,NH,1.0,"Metropolitan area core: primary flow within an urbanized area of 50,000 and greater",266,ENDOVASCULAR CARDIAC VALVE REPLACEMENT AND SUPPLEMENT PROCEDURES WITH MCC,71,239865.35211,53939.422535,52722.549296
300034,Catholic Medical Center,Manchester,100 Mcgregor Street,33,3102,NH,1.0,"Metropolitan area core: primary flow within an urbanized area of 50,000 and greater",267,ENDOVASCULAR CARDIAC VALVE REPLACEMENT AND SUPPLEMENT PROCEDURES WITHOUT MCC,109,193237.79817,40237.146789,38878.816514
310001,Hackensack University Medical Center,Hackensack,30 Prospect Ave,34,7601,NJ,1.0,"Metropolitan area core: primary flow within an urbanized area of 50,000 and greater",266,ENDOVASCULAR CARDIAC VALVE REPLACEMENT AND SUPPLEMENT PROCEDURES WITH MCC,29,232715.7931,69516.241379,66141.655172
310001,Hackensack University Medical Center,Hackensack,30 Prospect Ave,34,7601,NJ,1.0,"Metropolitan area core: primary flow within an urbanized area of 50,000 and greater",267,ENDOVASCULAR CARDIAC VALVE REPLACEMENT AND SUPPLEMENT PROCEDURES WITHOUT MCC,85,129852.94118,54353.552941,49633.141176
310002,Newark Beth Israel Medical Center,Newark,201 Lyons Ave,34,7112,NJ,1.0,"Metropolitan area core: primary flow within an urbanized area of 50,000 and greater",266,ENDOVASCULAR CARDIAC VALVE REPLACEMENT AND SUPPLEMENT PROCEDURES WITH MCC,17,243149.64706,78802.823529,69326.411765
310002,Newark Beth Israel Medical Center,Newark,201 Lyons Ave,34,7112,NJ,1.0,"Metropolitan area core: primary flow within an urbanized area of 50,000 and greater",267,ENDOVASCULAR CARDIAC VALVE REPLACEMENT AND SUPPLEMENT PROCEDURES WITHOUT MCC,41,135557.92683,62568.95122,54925.878049
310012,Valley Hospital,Ridgewood,223 N Van Dien Avenue,34,7450,NJ,1.0,"Metropolitan area core: primary flow within an urbanized area of 50,000 and greater",266,ENDOVASCULAR CARDIAC VALVE REPLACEMENT AND SUPPLEMENT PROCEDURES WITH MCC,17,247786.0,56371.058824,55391.470588
310012,Valley Hospital,Ridgewood,223 N Van Dien Avenue,34,7450,NJ,1.0,"Metropolitan area core: primary flow within an urbanized area of 50,000 and greater",267,ENDOVASCULAR CARDIAC VALVE REPLACEMENT AND SUPPLEMENT PROCEDURES WITHOUT MCC,112,151965.03571,44050.401786,42660.705357
310014,Cooper University Hospital,Camden,1 Cooper Plaza,34,8103,NJ,1.0,"Metropolitan area core: primary flow within an urbanized area of 50,000 and greater",266,ENDOVASCULAR CARDIAC VALVE REPLACEMENT AND SUPPLEMENT PROCEDURES WITH MCC,35,389896.71429,71598.771429,66844.571429
310014,Cooper University Hospital,Camden,1 Cooper Plaza,34,8103,NJ,1.0,"Metropolitan area core: primary flow within an urbanized area of 50,000 and greater",267,ENDOVASCULAR CARDIAC VALVE REPLACEMENT AND SUPPLEMENT PROCEDURES WITHOUT MCC,102,219228.29412,51208.931373,48359.823529
310015,Morristown Medical Center,Morristown,100 Madison Ave,34,7960,NJ,1.0,"Metropolitan area core: primary flow within an urbanized area of 50,000 and greater",266,ENDOVASCULAR CARDIAC VALVE REPLACEMENT AND SUPPLEMENT PROCEDURES WITH MCC,114,440308.99123,72559.315789,65807.815789
310015,Morristown Medical Center,Morristown,100 Madison Ave,34,7960,NJ,1.0,"Metropolitan area core: primary flow within an urbanized area of 50,000 and greater",267,ENDOVASCULAR CARDIAC VALVE REPLACEMENT AND SUPPLEMENT PROCEDURES WITHOUT MCC,339,275991.28614,51396.300885,47189.153392
310019,St Joseph's University Medical Center Inc,Paterson,703 Main St,34,7503,NJ,1.0,"Metropolitan area core: primary flow within an urbanized area of 50,000 and greater",266,ENDOVASCULAR CARDIAC VALVE REPLACEMENT AND SUPPLEMENT PROCEDURES WITH MCC,11,346894.09091,70074.181818,66414.090909
310019,St Joseph's University Medical Center Inc,Paterson,703 Main St,34,7503,NJ,1.0,"Metropolitan area core: primary flow within an urbanized area of 50,000 and greater",267,ENDOVASCULAR CARDIAC VALVE REPLACEMENT AND SUPPLEMENT PROCEDURES WITHOUT MCC,18,205691.11111,54292.611111,52694.888889
310021,St Francis Medical Center,Trenton,601 Hamilton Ave,34,8629,NJ,1.0,"Metropolitan area core: primary flow within an urbanized area of 50,000 and greater",267,ENDOVASCULAR CARDIAC VALVE REPLACEMENT AND SUPPLEMENT PROCEDURES WITHOUT MCC,13,310810.15385,49765.692308,48061.769231
310029,Virtua Our Lady Of Lourdes Hospital,Camden,1600 Haddon Avenue,34,8103,NJ,1.0,"Metropolitan area core: primary flow within an urbanized area of 50,000 and greater",266,ENDOVASCULAR CARDIAC VALVE REPLACEMENT AND SUPPLEMENT PROCEDURES WITH MCC,20,653602.05,70080.05,65212.75
310029,Virtua Our Lady Of Lourdes Hospital,Camden,1600 Haddon Avenue,34,8103,NJ,1.0,"Metropolitan area core: primary flow within an urbanized area of 50,000 and greater",267,ENDOVASCULAR CARDIAC VALVE REPLACEMENT AND SUPPLEMENT PROCEDURES WITHOUT MCC,122,481605.34426,46507.95082,43531.147541
310031,Deborah Heart And Lung Center,Browns Mills,200 Trenton Road,34,8015,NJ,4.0,"Micropolitan area core: primary flow within an urban cluster of 10,000 to 49,999",266,ENDOVASCULAR CARDIAC VALVE REPLACEMENT AND SUPPLEMENT PROCEDURES WITH MCC,13,480591.0,77979.0,75568.461538
310031,Deborah Heart And Lung Center,Browns Mills,200 Trenton Road,34,8015,NJ,4.0,"Micropolitan area core: primary flow within an urban cluster of 10,000 to 49,999",267,ENDOVASCULAR CARDIAC VALVE REPLACEMENT AND SUPPLEMENT PROCEDURES WITHOUT MCC,83,284638.93976,55522.072289,54070.903614
310038,Robert Wood Johnson University Hospital,New Brunswick,One Robert Wood Johnson Place,34,8901,NJ,1.0,"Metropolitan area core: primary flow within an urbanized area of 50,000 and greater",266,ENDOVASCULAR CARDIAC VALVE REPLACEMENT AND SUPPLEMENT PROCEDURES WITH MCC,45,363541.51111,76130.266667,65197.777778
310038,Robert Wood Johnson University Hospital,New Brunswick,One Robert Wood Johnson Place,34,8901,NJ,1.0,"Metropolitan area core: primary flow within an urbanized area of 50,000 and greater",267,ENDOVASCULAR CARDIAC VALVE REPLACEMENT AND SUPPLEMENT PROCEDURES WITHOUT MCC,160,194976.6875,56613.00625,50347.18125
310045,Englewood Hospital,Englewood,350 Engle St,34,7631,NJ,1.0,"Metropolitan area core: primary flow within an urbanized area of 50,000 and greater",266,ENDOVASCULAR CARDIAC VALVE REPLACEMENT AND SUPPLEMENT PROCEDURES WITH MCC,55,733967.92727,67691.327273,66404.963636
310045,Englewood Hospital,Englewood,350 Engle St,34,7631,NJ,1.0,"Metropolitan area core: primary flow within an urbanized area of 50,000 and greater",267,ENDOVASCULAR CARDIAC VALVE REPLACEMENT AND SUPPLEMENT PROCEDURES WITHOUT MCC,104,736180.26923,61296.25,57382.230769
310064,Atlanticare Regional Medical Center - City Campus,Atlantic City,1925 Pacific Avenue,34,8401,NJ,1.0,"Metropolitan area core: primary flow within an urbanized area of 50,000 and greater",266,ENDOVASCULAR CARDIAC VALVE REPLACEMENT AND SUPPLEMENT PROCEDURES WITH MCC,16,245315.9375,55308.4375,54216.375
310064,Atlanticare Regional Medical Center - City Campus,Atlantic City,1925 Pacific Avenue,34,8401,NJ,1.0,"Metropolitan area core: primary flow within an urbanized area of 50,000 and greater",267,ENDOVASCULAR CARDIAC VALVE REPLACEMENT AND SUPPLEMENT PROCEDURES WITHOUT MCC,48,203336.0,43526.75,42133.1875
310073,Jersey Shore University Medical Center,Neptune,1945 State Route 33,34,7753,NJ,1.0,"Metropolitan area core: primary flow within an urbanized area of 50,000 and greater",266,ENDOVASCULAR CARDIAC VALVE REPLACEMENT AND SUPPLEMENT PROCEDURES WITH MCC,101,207813.53465,56964.831683,53677.445545
310073,Jersey Shore University Medical Center,Neptune,1945 State Route 33,34,7753,NJ,1.0,"Metropolitan area core: primary flow within an urbanized area of 50,000 and greater",267,ENDOVASCULAR CARDIAC VALVE REPLACEMENT AND SUPPLEMENT PROCEDURES WITHOUT MCC,163,146233.95706,47820.288344,42098.122699
310074,Jersey City Medical Center,Jersey City,355 Grand Street,34,7302,NJ,1.0,"Metropolitan area core: primary flow within an urbanized area of 50,000 and greater",267,ENDOVASCULAR CARDIAC VALVE REPLACEMENT AND SUPPLEMENT PROCEDURES WITHOUT MCC,15,167213.13333,50073.266667,48811.133333
310076,Cooperman Barnabas Medical Center,Livingston,94 Old Short Hills Road,34,7039,NJ,1.0,"Metropolitan area core: primary flow within an urbanized area of 50,000 and greater",266,ENDOVASCULAR CARDIAC VALVE REPLACEMENT AND SUPPLEMENT PROCEDURES WITH MCC,12,214210.66667,69862.25,63877.25
310076,Cooperman Barnabas Medical Center,Livingston,94 Old Short Hills Road,34,7039,NJ,1.0,"Metropolitan area core: primary flow within an urbanized area of 50,000 and greater",267,ENDOVASCULAR CARDIAC VALVE REPLACEMENT AND SUPPLEMENT PROCEDURES WITHOUT MCC,102,129924.09804,52095.617647,49972.911765
320009,Lovelace Medical Center,Albuquerque,601 Dr Martin Luther King Jr Ave Ne,35,87102,NM,1.0,"Metropolitan area core: primary flow within an urbanized area of 50,000 and greater",266,ENDOVASCULAR CARDIAC VALVE REPLACEMENT AND SUPPLEMENT PROCEDURES WITH MCC,27,278655.88889,45187.703704,44339.518519
320009,Lovelace Medical Center,Albuquerque,601 Dr Martin Luther King Jr Ave Ne,35,87102,NM,1.0,"Metropolitan area core: primary flow within an urbanized area of 50,000 and greater",267,ENDOVASCULAR CARDIAC VALVE REPLACEMENT AND SUPPLEMENT PROCEDURES WITHOUT MCC,39,219331.48718,37588.025641,33928.871795
320021,Presbyterian Hospital,Albuquerque,1100 Central Avenue Se,35,87106,NM,1.0,"Metropolitan area core: primary flow within an urbanized area of 50,000 and greater",266,ENDOVASCULAR CARDIAC VALVE REPLACEMENT AND SUPPLEMENT PROCEDURES WITH MCC,26,125425.53846,47150.769231,45562.615385
320021,Presbyterian Hospital,Albuquerque,1100 Central Avenue Se,35,87106,NM,1.0,"Metropolitan area core: primary flow within an urbanized area of 50,000 and greater",267,ENDOVASCULAR CARDIAC VALVE REPLACEMENT AND SUPPLEMENT PROCEDURES WITHOUT MCC,17,118507.76471,39195.764706,33397.529412
330005,Kaleida Health,Buffalo,100 High Street,36,14210,NY,1.0,"Metropolitan area core: primary flow within an urbanized area of 50,000 and greater",266,ENDOVASCULAR CARDIAC VALVE REPLACEMENT AND SUPPLEMENT PROCEDURES WITH MCC,66,164811.39394,64722.712121,57332.909091
330005,Kaleida Health,Buffalo,100 High Street,36,14210,NY,1.0,"Metropolitan area core: primary flow within an urbanized area of 50,000 and greater",267,ENDOVASCULAR CARDIAC VALVE REPLACEMENT AND SUPPLEMENT PROCEDURES WITHOUT MCC,194,121006.29897,47083.484536,45487.195876
330013,Albany Medical Center Hospital,Albany,"43 New Scotland Avenue, Mail Code 34",36,12208,NY,1.0,"Metropolitan area core: primary flow within an urbanized area of 50,000 and greater",266,ENDOVASCULAR CARDIAC VALVE REPLACEMENT AND SUPPLEMENT PROCEDURES WITH MCC,89,169587.58427,58055.325843,52338.348315
330013,Albany Medical Center Hospital,Albany,"43 New Scotland Avenue, Mail Code 34",36,12208,NY,1.0,"Metropolitan area core: primary flow within an urbanized area of 50,000 and greater",267,ENDOVASCULAR CARDIAC VALVE REPLACEMENT AND SUPPLEMENT PROCEDURES WITHOUT MCC,153,110481.72549,42580.72549,40336.601307
330023,Vassar Brothers Medical Center,Poughkeepsie,45 Reade Place,36,12601,NY,1.0,"Metropolitan area core: primary flow within an urbanized area of 50,000 and greater",266,ENDOVASCULAR CARDIAC VALVE REPLACEMENT AND SUPPLEMENT PROCEDURES WITH MCC,100,90381.89,60848.9,59867.11
330023,Vassar Brothers Medical Center,Poughkeepsie,45 Reade Place,36,12601,NY,1.0,"Metropolitan area core: primary flow within an urbanized area of 50,000 and greater",267,ENDOVASCULAR CARDIAC VALVE REPLACEMENT AND SUPPLEMENT PROCEDURES WITHOUT MCC,54,83236.222222,47983.62963,46641.074074
330024,Mount Sinai Hospital,New York,One Gustave L Levy Place,36,10029,NY,1.0,"Metropolitan area core: primary flow within an urbanized area of 50,000 and greater",266,ENDOVASCULAR CARDIAC VALVE REPLACEMENT AND SUPPLEMENT PROCEDURES WITH MCC,140,234406.47857,87889.985714,81709.9
330024,Mount Sinai Hospital,New York,One Gustave L Levy Place,36,10029,NY,1.0,"Metropolitan area core: primary flow within an urbanized area of 50,000 and greater",267,ENDOVASCULAR CARDIAC VALVE REPLACEMENT AND SUPPLEMENT PROCEDURES WITHOUT MCC,408,167175.22794,68588.42402,63507.453431
330043,South Shore University  Hospital,Bay Shore,301 East Main Street,36,11706,NY,1.0,"Metropolitan area core: primary flow within an urbanized area of 50,000 and greater",266,ENDOVASCULAR CARDIAC VALVE REPLACEMENT AND SUPPLEMENT PROCEDURES WITH MCC,19,340447.15789,66443.157895,65572.105263
330043,South Shore University  Hospital,Bay Shore,301 East Main Street,36,11706,NY,1.0,"Metropolitan area core: primary flow within an urbanized area of 50,000 and greater",267,ENDOVASCULAR CARDIAC VALVE REPLACEMENT AND SUPPLEMENT PROCEDURES WITHOUT MCC,79,215295.51899,47151.037975,45893.443038
330046,Mount Sinai West,New York,1000 Tenth Avenue,36,10019,NY,1.0,"Metropolitan area core: primary flow within an urbanized area of 50,000 and greater",267,ENDOVASCULAR CARDIAC VALVE REPLACEMENT AND SUPPLEMENT PROCEDURES WITHOUT MCC,15,149897.33333,63293.0,62117.266667
330057,St Peter's Hospital,Albany,315 South Manning Boulevard,36,12208,NY,1.0,"Metropolitan area core: primary flow within an urbanized area of 50,000 and greater",266,ENDOVASCULAR CARDIAC VALVE REPLACEMENT AND SUPPLEMENT PROCEDURES WITH MCC,19,164572.47368,45928.894737,44929.578947
330057,St Peter's Hospital,Albany,315 South Manning Boulevard,36,12208,NY,1.0,"Metropolitan area core: primary flow within an urbanized area of 50,000 and greater",267,ENDOVASCULAR CARDIAC VALVE REPLACEMENT AND SUPPLEMENT PROCEDURES WITHOUT MCC,72,125956.02778,36631.388889,32468.791667
330059,Montefiore Medical Center,Bronx,111 East 210th Street,36,10467,NY,1.0,"Metropolitan area core: primary flow within an urbanized area of 50,000 and greater",266,ENDOVASCULAR CARDIAC VALVE REPLACEMENT AND SUPPLEMENT PROCEDURES WITH MCC,54,273807.83333,85295.481481,77658.055556
330059,Montefiore Medical Center,Bronx,111 East 210th Street,36,10467,NY,1.0,"Metropolitan area core: primary flow within an urbanized area of 50,000 and greater",267,ENDOVASCULAR CARDIAC VALVE REPLACEMENT AND SUPPLEMENT PROCEDURES WITHOUT MCC,66,166747.75758,66275.681818,63874.833333
330101,New York-Presbyterian Hospital,New York,525 East 68th Street,36,10065,NY,1.0,"Metropolitan area core: primary flow within an urbanized area of 50,000 and greater",266,ENDOVASCULAR CARDIAC VALVE REPLACEMENT AND SUPPLEMENT PROCEDURES WITH MCC,198,345092.22222,89268.39899,83961.292929
330101,New York-Presbyterian Hospital,New York,525 East 68th Street,36,10065,NY,1.0,"Metropolitan area core: primary flow within an urbanized area of 50,000 and greater",267,ENDOVASCULAR CARDIAC VALVE REPLACEMENT AND SUPPLEMENT PROCEDURES WITHOUT MCC,304,186333.38158,62358.680921,58280.717105
330106,North Shore University Hospital,Manhasset,300 Community Drive,36,11030,NY,1.0,"Metropolitan area core: primary flow within an urbanized area of 50,000 and greater",266,ENDOVASCULAR CARDIAC VALVE REPLACEMENT AND SUPPLEMENT PROCEDURES WITH MCC,45,331995.17778,71530.866667,68655.088889
330106,North Shore University Hospital,Manhasset,300 Community Drive,36,11030,NY,1.0,"Metropolitan area core: primary flow within an urbanized area of 50,000 and greater",267,ENDOVASCULAR CARDIAC VALVE REPLACEMENT AND SUPPLEMENT PROCEDURES WITHOUT MCC,142,218330.49296,56711.007042,51984.5
330119,Lenox Hill Hospital,New York,100 East 77th Street,36,10021,NY,1.0,"Metropolitan area core: primary flow within an urbanized area of 50,000 and greater",266,ENDOVASCULAR CARDIAC VALVE REPLACEMENT AND SUPPLEMENT PROCEDURES WITH MCC,30,320316.2,73385.966667,71263.2
330119,Lenox Hill Hospital,New York,100 East 77th Street,36,10021,NY,1.0,"Metropolitan area core: primary flow within an urbanized area of 50,000 and greater",267,ENDOVASCULAR CARDIAC VALVE REPLACEMENT AND SUPPLEMENT PROCEDURES WITHOUT MCC,118,221939.19492,57270.584746,55593.050847
330125,Rochester General Hospital,Rochester,1425 Portland Avenue,36,14621,NY,1.0,"Metropolitan area core: primary flow within an urbanized area of 50,000 and greater",266,ENDOVASCULAR CARDIAC VALVE REPLACEMENT AND SUPPLEMENT PROCEDURES WITH MCC,68,175586.20588,53350.411765,50648.029412
330125,Rochester General Hospital,Rochester,1425 Portland Avenue,36,14621,NY,1.0,"Metropolitan area core: primary flow within an urbanized area of 50,000 and greater",267,ENDOVASCULAR CARDIAC VALVE REPLACEMENT AND SUPPLEMENT PROCEDURES WITHOUT MCC,68,144425.01471,41348.705882,38699.323529
330136,Mary Imogene Bassett Hospital,Cooperstown,One Atwell Road,36,13326,NY,10.0,"Rural areas: primary flow to a tract outside a urbanized area of 50,000 and greater or UC",267,ENDOVASCULAR CARDIAC VALVE REPLACEMENT AND SUPPLEMENT PROCEDURES WITHOUT MCC,39,104460.23077,56134.179487,53569.692308
330140,St Joseph's Hospital Health Center,Syracuse,301 Prospect Avenue,36,13203,NY,1.0,"Metropolitan area core: primary flow within an urbanized area of 50,000 and greater",266,ENDOVASCULAR CARDIAC VALVE REPLACEMENT AND SUPPLEMENT PROCEDURES WITH MCC,23,197793.91304,56996.304348,54526.695652
330140,St Joseph's Hospital Health Center,Syracuse,301 Prospect Avenue,36,13203,NY,1.0,"Metropolitan area core: primary flow within an urbanized area of 50,000 and greater",267,ENDOVASCULAR CARDIAC VALVE REPLACEMENT AND SUPPLEMENT PROCEDURES WITHOUT MCC,112,125087.49107,40625.553571,37030.214286
330153,Ellis Hospital,Schenectady,1101 Nott Street,36,12308,NY,1.0,"Metropolitan area core: primary flow within an urbanized area of 50,000 and greater",266,ENDOVASCULAR CARDIAC VALVE REPLACEMENT AND SUPPLEMENT PROCEDURES WITH MCC,19,250134.05263,47958.947368,46744.789474
330153,Ellis Hospital,Schenectady,1101 Nott Street,36,12308,NY,1.0,"Metropolitan area core: primary flow within an urbanized area of 50,000 and greater",267,ENDOVASCULAR CARDIAC VALVE REPLACEMENT AND SUPPLEMENT PROCEDURES WITHOUT MCC,33,242573.84848,38736.69697,37432.454545
330158,Good Samaritan Hospital Of Suffern,Suffern,255 Lafayette Avenue,36,10901,NY,1.0,"Metropolitan area core: primary flow within an urbanized area of 50,000 and greater",267,ENDOVASCULAR CARDIAC VALVE REPLACEMENT AND SUPPLEMENT PROCEDURES WITHOUT MCC,36,330069.72222,47751.166667,46843.5
330160,Staten Island University Hospital,Staten Island,475 Seaview Avenue,36,10305,NY,1.0,"Metropolitan area core: primary flow within an urbanized area of 50,000 and greater",267,ENDOVASCULAR CARDIAC VALVE REPLACEMENT AND SUPPLEMENT PROCEDURES WITHOUT MCC,32,205143.75,57226.6875,55808.1875
330182,"St Francis Hospital, Roslyn",Roslyn,100 Port Washington Boulevard,36,11576,NY,1.0,"Metropolitan area core: primary flow within an urbanized area of 50,000 and greater",266,ENDOVASCULAR CARDIAC VALVE REPLACEMENT AND SUPPLEMENT PROCEDURES WITH MCC,155,402471.43226,60167.76129,57547.051613
330182,"St Francis Hospital, Roslyn",Roslyn,100 Port Washington Boulevard,36,11576,NY,1.0,"Metropolitan area core: primary flow within an urbanized area of 50,000 and greater",267,ENDOVASCULAR CARDIAC VALVE REPLACEMENT AND SUPPLEMENT PROCEDURES WITHOUT MCC,313,320715.01597,49284.808307,41581.504792
330194,Maimonides Medical Center,Brooklyn,4802 Tenth Avenue,36,11219,NY,1.0,"Metropolitan area core: primary flow within an urbanized area of 50,000 and greater",267,ENDOVASCULAR CARDIAC VALVE REPLACEMENT AND SUPPLEMENT PROCEDURES WITHOUT MCC,51,313589.31373,66690.666667,61794.490196
330214,Nyu Langone Hospitals,New York,550 First Avenue,36,10016,NY,1.0,"Metropolitan area core: primary flow within an urbanized area of 50,000 and greater",266,ENDOVASCULAR CARDIAC VALVE REPLACEMENT AND SUPPLEMENT PROCEDURES WITH MCC,188,419045.07447,81402.553191,77756.430851
330214,Nyu Langone Hospitals,New York,550 First Avenue,36,10016,NY,1.0,"Metropolitan area core: primary flow within an urbanized area of 50,000 and greater",267,ENDOVASCULAR CARDIAC VALVE REPLACEMENT AND SUPPLEMENT PROCEDURES WITHOUT MCC,316,424616.3038,66277.844937,60941.382911
330234,Westchester Medical Center,Valhalla,100 Woods Rd,36,10595,NY,1.0,"Metropolitan area core: primary flow within an urbanized area of 50,000 and greater",266,ENDOVASCULAR CARDIAC VALVE REPLACEMENT AND SUPPLEMENT PROCEDURES WITH MCC,17,626708.29412,103263.41176,80182.176471
330234,Westchester Medical Center,Valhalla,100 Woods Rd,36,10595,NY,1.0,"Metropolitan area core: primary flow within an urbanized area of 50,000 and greater",267,ENDOVASCULAR CARDIAC VALVE REPLACEMENT AND SUPPLEMENT PROCEDURES WITHOUT MCC,40,330475.65,58324.125,56343.95
330241,University Hospital S U N Y Health Science Center,Syracuse,750 East Adams Street,36,13210,NY,1.0,"Metropolitan area core: primary flow within an urbanized area of 50,000 and greater",267,ENDOVASCULAR CARDIAC VALVE REPLACEMENT AND SUPPLEMENT PROCEDURES WITHOUT MCC,12,160562.58333,47018.833333,46100.916667
330245,St Elizabeth Medical Center,Utica,2209 Genesee Street,36,13501,NY,1.0,"Metropolitan area core: primary flow within an urbanized area of 50,000 and greater",267,ENDOVASCULAR CARDIAC VALVE REPLACEMENT AND SUPPLEMENT PROCEDURES WITHOUT MCC,35,189962.37143,37051.4,35570.142857
330279,Mercy Hospital Of Buffalo,Buffalo,565 Abbott Road,36,14220,NY,1.0,"Metropolitan area core: primary flow within an urbanized area of 50,000 and greater",267,ENDOVASCULAR CARDIAC VALVE REPLACEMENT AND SUPPLEMENT PROCEDURES WITHOUT MCC,19,116225.63158,39632.842105,38279.894737
330285,Strong Memorial Hospital,Rochester,601 Elmwood Ave,36,14642,NY,1.0,"Metropolitan area core: primary flow within an urbanized area of 50,000 and greater",266,ENDOVASCULAR CARDIAC VALVE REPLACEMENT AND SUPPLEMENT PROCEDURES WITH MCC,20,138655.1,66343.2,64035.7
330285,Strong Memorial Hospital,Rochester,601 Elmwood Ave,36,14642,NY,1.0,"Metropolitan area core: primary flow within an urbanized area of 50,000 and greater",267,ENDOVASCULAR CARDIAC VALVE REPLACEMENT AND SUPPLEMENT PROCEDURES WITHOUT MCC,42,96006.452381,52142.857143,50378.095238
330286,Good Samaritan Hospital Medical Center,West Islip,1000 Montauk Highway,36,11795,NY,1.0,"Metropolitan area core: primary flow within an urbanized area of 50,000 and greater",266,ENDOVASCULAR CARDIAC VALVE REPLACEMENT AND SUPPLEMENT PROCEDURES WITH MCC,20,309931.35,56441.85,55087.85
330286,Good Samaritan Hospital Medical Center,West Islip,1000 Montauk Highway,36,11795,NY,1.0,"Metropolitan area core: primary flow within an urbanized area of 50,000 and greater",267,ENDOVASCULAR CARDIAC VALVE REPLACEMENT AND SUPPLEMENT PROCEDURES WITHOUT MCC,73,295960.42466,46110.849315,44892.917808
330393,Stony Brook University Hospital,Stony Brook,Health Sciences Center Suny,36,11794,NY,1.0,"Metropolitan area core: primary flow within an urbanized area of 50,000 and greater",266,ENDOVASCULAR CARDIAC VALVE REPLACEMENT AND SUPPLEMENT PROCEDURES WITH MCC,29,270885.06897,79471.241379,76287.0
330393,Stony Brook University Hospital,Stony Brook,Health Sciences Center Suny,36,11794,NY,1.0,"Metropolitan area core: primary flow within an urbanized area of 50,000 and greater",267,ENDOVASCULAR CARDIAC VALVE REPLACEMENT AND SUPPLEMENT PROCEDURES WITHOUT MCC,132,128674.75758,59908.628788,53495.310606
330394,"United Health Services Hospitals, Inc",Binghamton,10-42 Mitchell Avenue,36,13903,NY,1.0,"Metropolitan area core: primary flow within an urbanized area of 50,000 and greater",266,ENDOVASCULAR CARDIAC VALVE REPLACEMENT AND SUPPLEMENT PROCEDURES WITH MCC,33,149559.33333,47647.090909,47079.848485
330394,"United Health Services Hospitals, Inc",Binghamton,10-42 Mitchell Avenue,36,13903,NY,1.0,"Metropolitan area core: primary flow within an urbanized area of 50,000 and greater",267,ENDOVASCULAR CARDIAC VALVE REPLACEMENT AND SUPPLEMENT PROCEDURES WITHOUT MCC,92,136296.28261,39148.576087,36450.413043
340001,Atrium Health Cabarrus,Concord,920 Church St N,37,28025,NC,1.0,"Metropolitan area core: primary flow within an urbanized area of 50,000 and greater",266,ENDOVASCULAR CARDIAC VALVE REPLACEMENT AND SUPPLEMENT PROCEDURES WITH MCC,17,219590.88235,48205.0,46600.352941
340001,Atrium Health Cabarrus,Concord,920 Church St N,37,28025,NC,1.0,"Metropolitan area core: primary flow within an urbanized area of 50,000 and greater",267,ENDOVASCULAR CARDIAC VALVE REPLACEMENT AND SUPPLEMENT PROCEDURES WITHOUT MCC,27,192083.77778,37901.259259,36327.444444
340002,Memorial Mission Hospital And Asheville Surgery Ce,Asheville,509 Biltmore Ave,37,28801,NC,1.0,"Metropolitan area core: primary flow within an urbanized area of 50,000 and greater",266,ENDOVASCULAR CARDIAC VALVE REPLACEMENT AND SUPPLEMENT PROCEDURES WITH MCC,46,249367.69565,47768.73913,46419.543478
340002,Memorial Mission Hospital And Asheville Surgery Ce,Asheville,509 Biltmore Ave,37,28801,NC,1.0,"Metropolitan area core: primary flow within an urbanized area of 50,000 and greater",267,ENDOVASCULAR CARDIAC VALVE REPLACEMENT AND SUPPLEMENT PROCEDURES WITHOUT MCC,50,211994.98,37736.82,36334.78
340014,Novant Health Forsyth Medical Center,Winston-Salem,3333 Silas Creek Parkway,37,27103,NC,1.0,"Metropolitan area core: primary flow within an urbanized area of 50,000 and greater",266,ENDOVASCULAR CARDIAC VALVE REPLACEMENT AND SUPPLEMENT PROCEDURES WITH MCC,12,218469.58333,57346.083333,55200.0
340014,Novant Health Forsyth Medical Center,Winston-Salem,3333 Silas Creek Parkway,37,27103,NC,1.0,"Metropolitan area core: primary flow within an urbanized area of 50,000 and greater",267,ENDOVASCULAR CARDIAC VALVE REPLACEMENT AND SUPPLEMENT PROCEDURES WITHOUT MCC,54,136476.25926,36906.203704,35453.574074
340028,Cape Fear Valley Medical Center,Fayetteville,1638 Owen Drive P O Box 2000,37,28302,NC,1.0,"Metropolitan area core: primary flow within an urbanized area of 50,000 and greater",267,ENDOVASCULAR CARDIAC VALVE REPLACEMENT AND SUPPLEMENT PROCEDURES WITHOUT MCC,22,272108.81818,42395.954545,41279.136364
340030,Duke University Hospital,Durham,Po Box 3814 Dumc  Erwin Rd,37,27710,NC,1.0,"Metropolitan area core: primary flow within an urbanized area of 50,000 and greater",266,ENDOVASCULAR CARDIAC VALVE REPLACEMENT AND SUPPLEMENT PROCEDURES WITH MCC,22,271066.31818,66088.727273,60803.045455
340030,Duke University Hospital,Durham,Po Box 3814 Dumc  Erwin Rd,37,27710,NC,1.0,"Metropolitan area core: primary flow within an urbanized area of 50,000 and greater",267,ENDOVASCULAR CARDIAC VALVE REPLACEMENT AND SUPPLEMENT PROCEDURES WITHOUT MCC,115,228173.84348,52200.452174,45013.034783
340032,Caromont Regional Medical Center,Gastonia,2525 Court Dr,37,28052,NC,1.0,"Metropolitan area core: primary flow within an urbanized area of 50,000 and greater",267,ENDOVASCULAR CARDIAC VALVE REPLACEMENT AND SUPPLEMENT PROCEDURES WITHOUT MCC,24,192014.58333,36794.125,35610.125
340040,Ecu Health Medical Center,Greenville,2100 Stantonsburg Rd,37,27834,NC,1.0,"Metropolitan area core: primary flow within an urbanized area of 50,000 and greater",266,ENDOVASCULAR CARDIAC VALVE REPLACEMENT AND SUPPLEMENT PROCEDURES WITH MCC,15,160675.26667,51422.733333,49478.933333
340040,Ecu Health Medical Center,Greenville,2100 Stantonsburg Rd,37,27834,NC,1.0,"Metropolitan area core: primary flow within an urbanized area of 50,000 and greater",267,ENDOVASCULAR CARDIAC VALVE REPLACEMENT AND SUPPLEMENT PROCEDURES WITHOUT MCC,72,148443.44444,44458.569444,37913.652778
340047,North Carolina Baptist Hospital,Winston-Salem,Medical Center Boulevard,37,27157,NC,1.0,"Metropolitan area core: primary flow within an urbanized area of 50,000 and greater",266,ENDOVASCULAR CARDIAC VALVE REPLACEMENT AND SUPPLEMENT PROCEDURES WITH MCC,26,267429.03846,66586.730769,58369.423077
340047,North Carolina Baptist Hospital,Winston-Salem,Medical Center Boulevard,37,27157,NC,1.0,"Metropolitan area core: primary flow within an urbanized area of 50,000 and greater",267,ENDOVASCULAR CARDIAC VALVE REPLACEMENT AND SUPPLEMENT PROCEDURES WITHOUT MCC,115,203799.27826,49393.817391,43009.730435
340053,Novant Health Presbyterian Medical Center,Charlotte,200 Hawthorne Lane Box 33549,37,28233,NC,1.0,"Metropolitan area core: primary flow within an urbanized area of 50,000 and greater",266,ENDOVASCULAR CARDIAC VALVE REPLACEMENT AND SUPPLEMENT PROCEDURES WITH MCC,27,152784.11111,50469.333333,44730.333333
340053,Novant Health Presbyterian Medical Center,Charlotte,200 Hawthorne Lane Box 33549,37,28233,NC,1.0,"Metropolitan area core: primary flow within an urbanized area of 50,000 and greater",267,ENDOVASCULAR CARDIAC VALVE REPLACEMENT AND SUPPLEMENT PROCEDURES WITHOUT MCC,104,130602.83654,37754.807692,36429.942308
340061,University Of North Carolina Hospital,Chapel Hill,101 Manning Drive,37,27514,NC,1.0,"Metropolitan area core: primary flow within an urbanized area of 50,000 and greater",266,ENDOVASCULAR CARDIAC VALVE REPLACEMENT AND SUPPLEMENT PROCEDURES WITH MCC,15,155454.13333,70677.533333,62626.133333
340061,University Of North Carolina Hospital,Chapel Hill,101 Manning Drive,37,27514,NC,1.0,"Metropolitan area core: primary flow within an urbanized area of 50,000 and greater",267,ENDOVASCULAR CARDIAC VALVE REPLACEMENT AND SUPPLEMENT PROCEDURES WITHOUT MCC,47,90274.255319,50233.93617,46209.255319
340069,Wakemed,Raleigh,3000 New Bern Ave,37,27610,NC,1.0,"Metropolitan area core: primary flow within an urbanized area of 50,000 and greater",266,ENDOVASCULAR CARDIAC VALVE REPLACEMENT AND SUPPLEMENT PROCEDURES WITH MCC,15,287561.33333,54229.4,52299.333333
340069,Wakemed,Raleigh,3000 New Bern Ave,37,27610,NC,1.0,"Metropolitan area core: primary flow within an urbanized area of 50,000 and greater",267,ENDOVASCULAR CARDIAC VALVE REPLACEMENT AND SUPPLEMENT PROCEDURES WITHOUT MCC,78,244465.03846,40416.935897,39639.782051
340091,The Moses H Cone Memorial Hospital,Greensboro,1200 N Elm St,37,27401,NC,1.0,"Metropolitan area core: primary flow within an urbanized area of 50,000 and greater",266,ENDOVASCULAR CARDIAC VALVE REPLACEMENT AND SUPPLEMENT PROCEDURES WITH MCC,18,183222.11111,51840.222222,49805.333333
340091,The Moses H Cone Memorial Hospital,Greensboro,1200 N Elm St,37,27401,NC,1.0,"Metropolitan area core: primary flow within an urbanized area of 50,000 and greater",267,ENDOVASCULAR CARDIAC VALVE REPLACEMENT AND SUPPLEMENT PROCEDURES WITHOUT MCC,62,165123.98387,41745.806452,36889.225806
340113,Carolinas Medical Center/Behav Health,Charlotte,1000 Blythe Blvd,37,28203,NC,1.0,"Metropolitan area core: primary flow within an urbanized area of 50,000 and greater",266,ENDOVASCULAR CARDIAC VALVE REPLACEMENT AND SUPPLEMENT PROCEDURES WITH MCC,76,209472.14474,56054.815789,49980.381579
340113,Carolinas Medical Center/Behav Health,Charlotte,1000 Blythe Blvd,37,28203,NC,1.0,"Metropolitan area core: primary flow within an urbanized area of 50,000 and greater",267,ENDOVASCULAR CARDIAC VALVE REPLACEMENT AND SUPPLEMENT PROCEDURES WITHOUT MCC,114,176735.49123,43961.894737,40072.157895
340114,Rex Hospital,Raleigh,4420 Lake Boone Trail,37,27607,NC,1.0,"Metropolitan area core: primary flow within an urbanized area of 50,000 and greater",266,ENDOVASCULAR CARDIAC VALVE REPLACEMENT AND SUPPLEMENT PROCEDURES WITH MCC,70,163451.54286,49121.485714,44564.8
340114,Rex Hospital,Raleigh,4420 Lake Boone Trail,37,27607,NC,1.0,"Metropolitan area core: primary flow within an urbanized area of 50,000 and greater",267,ENDOVASCULAR CARDIAC VALVE REPLACEMENT AND SUPPLEMENT PROCEDURES WITHOUT MCC,56,142560.48214,35832.839286,34413.339286
340115,Firsthealth Moore Regional Hospital,Pinehurst,155 Memorial Drive,37,28374,NC,4.0,"Micropolitan area core: primary flow within an urban cluster of 10,000 to 49,999",267,ENDOVASCULAR CARDIAC VALVE REPLACEMENT AND SUPPLEMENT PROCEDURES WITHOUT MCC,21,110537.09524,35652.52381,34219.142857
340131,Carolina East Medical Center,New Bern,2000 Neuse Blvd,37,28560,NC,2.0,"Metropolitan area high commuting: primary flow 30% or more to a urbanized area of 50,000 and greater",266,ENDOVASCULAR CARDIAC VALVE REPLACEMENT AND SUPPLEMENT PROCEDURES WITH MCC,13,228974.84615,54985.538462,53597.0
340131,Carolina East Medical Center,New Bern,2000 Neuse Blvd,37,28560,NC,2.0,"Metropolitan area high commuting: primary flow 30% or more to a urbanized area of 50,000 and greater",267,ENDOVASCULAR CARDIAC VALVE REPLACEMENT AND SUPPLEMENT PROCEDURES WITHOUT MCC,50,201640.78,43136.36,41670.52
340141,Novant Health New Hanover Regional Medical Center,Wilmington,2131 S 17th St Box 9000,37,28402,NC,1.0,"Metropolitan area core: primary flow within an urbanized area of 50,000 and greater",266,ENDOVASCULAR CARDIAC VALVE REPLACEMENT AND SUPPLEMENT PROCEDURES WITH MCC,27,161071.88889,54868.518519,53565.111111
340141,Novant Health New Hanover Regional Medical Center,Wilmington,2131 S 17th St Box 9000,37,28402,NC,1.0,"Metropolitan area core: primary flow within an urbanized area of 50,000 and greater",267,ENDOVASCULAR CARDIAC VALVE REPLACEMENT AND SUPPLEMENT PROCEDURES WITHOUT MCC,60,143458.78333,46467.716667,39090.933333
350011,Sanford,Fargo,801 Broadway North,38,58122,ND,1.0,"Metropolitan area core: primary flow within an urbanized area of 50,000 and greater",266,ENDOVASCULAR CARDIAC VALVE REPLACEMENT AND SUPPLEMENT PROCEDURES WITH MCC,48,176284.60417,51411.145833,50037.458333
350011,Sanford,Fargo,801 Broadway North,38,58122,ND,1.0,"Metropolitan area core: primary flow within an urbanized area of 50,000 and greater",267,ENDOVASCULAR CARDIAC VALVE REPLACEMENT AND SUPPLEMENT PROCEDURES WITHOUT MCC,166,129231.48795,40309.150602,38341.277108
350015,Sanford Medical Center Bismarck,Bismarck,300 N 7th St,38,58506,ND,1.0,"Metropolitan area core: primary flow within an urbanized area of 50,000 and greater",266,ENDOVASCULAR CARDIAC VALVE REPLACEMENT AND SUPPLEMENT PROCEDURES WITH MCC,19,175158.73684,50055.157895,48811.315789
350015,Sanford Medical Center Bismarck,Bismarck,300 N 7th St,38,58506,ND,1.0,"Metropolitan area core: primary flow within an urbanized area of 50,000 and greater",267,ENDOVASCULAR CARDIAC VALVE REPLACEMENT AND SUPPLEMENT PROCEDURES WITHOUT MCC,35,143837.65714,39254.4,37911.171429
350019,Altru Hospital,Grand Forks,1200 S Columbia Rd,38,58201,ND,1.0,"Metropolitan area core: primary flow within an urbanized area of 50,000 and greater",266,ENDOVASCULAR CARDIAC VALVE REPLACEMENT AND SUPPLEMENT PROCEDURES WITH MCC,20,204808.0,54845.9,54085.35
350019,Altru Hospital,Grand Forks,1200 S Columbia Rd,38,58201,ND,1.0,"Metropolitan area core: primary flow within an urbanized area of 50,000 and greater",267,ENDOVASCULAR CARDIAC VALVE REPLACEMENT AND SUPPLEMENT PROCEDURES WITHOUT MCC,30,188693.66667,42484.566667,41105.366667
350070,Essentia Health Fargo,Fargo,3000 32nd Ave South,38,58104,ND,1.0,"Metropolitan area core: primary flow within an urbanized area of 50,000 and greater",266,ENDOVASCULAR CARDIAC VALVE REPLACEMENT AND SUPPLEMENT PROCEDURES WITH MCC,18,150463.22222,49126.055556,47974.277778
350070,Essentia Health Fargo,Fargo,3000 32nd Ave South,38,58104,ND,1.0,"Metropolitan area core: primary flow within an urbanized area of 50,000 and greater",267,ENDOVASCULAR CARDIAC VALVE REPLACEMENT AND SUPPLEMENT PROCEDURES WITHOUT MCC,39,135890.35897,37874.589744,36625.410256
360003,"University Of Cincinnati Medical Center, Llc",Cincinnati,3188 Bellevue Avenue,39,45219,OH,1.0,"Metropolitan area core: primary flow within an urbanized area of 50,000 and greater",267,ENDOVASCULAR CARDIAC VALVE REPLACEMENT AND SUPPLEMENT PROCEDURES WITHOUT MCC,31,220469.29032,53554.709677,46430.935484
360006,Riverside Methodist Hospital,Columbus,3535 Olentangy River Rd,39,43214,OH,1.0,"Metropolitan area core: primary flow within an urbanized area of 50,000 and greater",266,ENDOVASCULAR CARDIAC VALVE REPLACEMENT AND SUPPLEMENT PROCEDURES WITH MCC,79,212143.13924,61528.303797,47236.822785
360006,Riverside Methodist Hospital,Columbus,3535 Olentangy River Rd,39,43214,OH,1.0,"Metropolitan area core: primary flow within an urbanized area of 50,000 and greater",267,ENDOVASCULAR CARDIAC VALVE REPLACEMENT AND SUPPLEMENT PROCEDURES WITHOUT MCC,146,167152.94521,41961.869863,37700.0
360009,Lima Memorial Health System,Lima,1001 Bellefontaine Avenue,39,45804,OH,1.0,"Metropolitan area core: primary flow within an urbanized area of 50,000 and greater",267,ENDOVASCULAR CARDIAC VALVE REPLACEMENT AND SUPPLEMENT PROCEDURES WITHOUT MCC,12,152709.16667,37776.083333,36590.833333
360017,Grant Medical Center,Columbus,111 South Grant Avenue,39,43215,OH,1.0,"Metropolitan area core: primary flow within an urbanized area of 50,000 and greater",267,ENDOVASCULAR CARDIAC VALVE REPLACEMENT AND SUPPLEMENT PROCEDURES WITHOUT MCC,31,233807.51613,43082.935484,41628.83871
360020,Summa Health System,Akron,525 East Market Street,39,44309,OH,1.0,"Metropolitan area core: primary flow within an urbanized area of 50,000 and greater",267,ENDOVASCULAR CARDIAC VALVE REPLACEMENT AND SUPPLEMENT PROCEDURES WITHOUT MCC,48,302005.3125,41630.479167,38734.729167
360027,Akron General Medical Center,Akron,1 Akron General Avenue,39,44307,OH,1.0,"Metropolitan area core: primary flow within an urbanized area of 50,000 and greater",267,ENDOVASCULAR CARDIAC VALVE REPLACEMENT AND SUPPLEMENT PROCEDURES WITHOUT MCC,25,243438.6,39515.08,37904.84
360035,Mount Carmel East,Columbus,6001 East Broad Street,39,43213,OH,1.0,"Metropolitan area core: primary flow within an urbanized area of 50,000 and greater",266,ENDOVASCULAR CARDIAC VALVE REPLACEMENT AND SUPPLEMENT PROCEDURES WITH MCC,17,183254.76471,61876.411765,39019.882353
360035,Mount Carmel East,Columbus,6001 East Broad Street,39,43213,OH,1.0,"Metropolitan area core: primary flow within an urbanized area of 50,000 and greater",267,ENDOVASCULAR CARDIAC VALVE REPLACEMENT AND SUPPLEMENT PROCEDURES WITHOUT MCC,46,172423.6087,40239.456522,36242.5
360039,Genesis Hospital,Zanesville,2951 Maple Avenue,39,43701,OH,4.0,"Micropolitan area core: primary flow within an urban cluster of 10,000 to 49,999",266,ENDOVASCULAR CARDIAC VALVE REPLACEMENT AND SUPPLEMENT PROCEDURES WITH MCC,14,165383.64286,55462.571429,49969.642857
360039,Genesis Hospital,Zanesville,2951 Maple Avenue,39,43701,OH,4.0,"Micropolitan area core: primary flow within an urban cluster of 10,000 to 49,999",267,ENDOVASCULAR CARDIAC VALVE REPLACEMENT AND SUPPLEMENT PROCEDURES WITHOUT MCC,53,116919.69811,42770.90566,41067.54717
360051,Miami Valley Hospital,Dayton,One Wyoming Street,39,45409,OH,1.0,"Metropolitan area core: primary flow within an urbanized area of 50,000 and greater",266,ENDOVASCULAR CARDIAC VALVE REPLACEMENT AND SUPPLEMENT PROCEDURES WITH MCC,24,196533.66667,50762.958333,49130.833333
360051,Miami Valley Hospital,Dayton,One Wyoming Street,39,45409,OH,1.0,"Metropolitan area core: primary flow within an urbanized area of 50,000 and greater",267,ENDOVASCULAR CARDIAC VALVE REPLACEMENT AND SUPPLEMENT PROCEDURES WITHOUT MCC,25,120115.08,39461.84,37974.56
360056,Mercy Health - Fairfield Hospital,Fairfield,3000 Mack Road,39,45014,OH,1.0,"Metropolitan area core: primary flow within an urbanized area of 50,000 and greater",266,ENDOVASCULAR CARDIAC VALVE REPLACEMENT AND SUPPLEMENT PROCEDURES WITH MCC,12,222551.58333,43181.916667,42378.75
360056,Mercy Health - Fairfield Hospital,Fairfield,3000 Mack Road,39,45014,OH,1.0,"Metropolitan area core: primary flow within an urbanized area of 50,000 and greater",267,ENDOVASCULAR CARDIAC VALVE REPLACEMENT AND SUPPLEMENT PROCEDURES WITHOUT MCC,14,192720.35714,35465.428571,34340.571429
360064,Mh St Elizabeth Youngstown Hospital,Youngstown,1044 Belmont Avenue,39,44501,OH,1.0,"Metropolitan area core: primary flow within an urbanized area of 50,000 and greater",267,ENDOVASCULAR CARDIAC VALVE REPLACEMENT AND SUPPLEMENT PROCEDURES WITHOUT MCC,20,258331.15,40107.35,38710.45
360066,Mercy Health-St Rita's Medical Center,Lima,730 West Market Street,39,45801,OH,1.0,"Metropolitan area core: primary flow within an urbanized area of 50,000 and greater",267,ENDOVASCULAR CARDIAC VALVE REPLACEMENT AND SUPPLEMENT PROCEDURES WITHOUT MCC,49,172330.16327,37133.653061,33594.755102
360068,Toledo Hospital The,Toledo,2142 North Cove Boulevard,39,43606,OH,1.0,"Metropolitan area core: primary flow within an urbanized area of 50,000 and greater",266,ENDOVASCULAR CARDIAC VALVE REPLACEMENT AND SUPPLEMENT PROCEDURES WITH MCC,50,222511.22,53253.94,51811.66
360068,Toledo Hospital The,Toledo,2142 North Cove Boulevard,39,43606,OH,1.0,"Metropolitan area core: primary flow within an urbanized area of 50,000 and greater",267,ENDOVASCULAR CARDIAC VALVE REPLACEMENT AND SUPPLEMENT PROCEDURES WITHOUT MCC,104,175088.04808,42047.846154,40340.884615
360072,Fairfield Medical Center,Lancaster,401 North Ewing Street,39,43130,OH,4.1,"Secondary flow 30% to <50% to a urbanized area of 50,000 and greater",267,ENDOVASCULAR CARDIAC VALVE REPLACEMENT AND SUPPLEMENT PROCEDURES WITHOUT MCC,13,134545.46154,37937.769231,36366.846154
360079,Kettering Health Main Campus,Kettering,3535 Southern Boulevard,39,45429,OH,1.0,"Metropolitan area core: primary flow within an urbanized area of 50,000 and greater",266,ENDOVASCULAR CARDIAC VALVE REPLACEMENT AND SUPPLEMENT PROCEDURES WITH MCC,21,213512.47619,50474.47619,47899.571429
360079,Kettering Health Main Campus,Kettering,3535 Southern Boulevard,39,45429,OH,1.0,"Metropolitan area core: primary flow within an urbanized area of 50,000 and greater",267,ENDOVASCULAR CARDIAC VALVE REPLACEMENT AND SUPPLEMENT PROCEDURES WITHOUT MCC,67,176331.52239,40863.552239,36494.955224
360084,Aultman Hospital,Canton,2600 Sixth Street Sw,39,44710,OH,1.0,"Metropolitan area core: primary flow within an urbanized area of 50,000 and greater",267,ENDOVASCULAR CARDIAC VALVE REPLACEMENT AND SUPPLEMENT PROCEDURES WITHOUT MCC,54,165930.68519,38348.018519,35588.62963
360085,Ohio State University Hospitals,Columbus,410 West 10th Avenue,39,43210,OH,1.0,"Metropolitan area core: primary flow within an urbanized area of 50,000 and greater",266,ENDOVASCULAR CARDIAC VALVE REPLACEMENT AND SUPPLEMENT PROCEDURES WITH MCC,21,189418.61905,62919.095238,56663.047619
360085,Ohio State University Hospitals,Columbus,410 West 10th Avenue,39,43210,OH,1.0,"Metropolitan area core: primary flow within an urbanized area of 50,000 and greater",267,ENDOVASCULAR CARDIAC VALVE REPLACEMENT AND SUPPLEMENT PROCEDURES WITHOUT MCC,58,147038.56897,44520.844828,41057.413793
360112,Mercy Health St Vincent Medical Center,Toledo,2213 Cherry Street,39,43608,OH,1.0,"Metropolitan area core: primary flow within an urbanized area of 50,000 and greater",267,ENDOVASCULAR CARDIAC VALVE REPLACEMENT AND SUPPLEMENT PROCEDURES WITHOUT MCC,11,267589.63636,45275.545455,42513.454545
360118,Ohiohealth Mansfield Hospital,Mansfield,335 Glessner Avenue,39,44903,OH,1.0,"Metropolitan area core: primary flow within an urbanized area of 50,000 and greater",267,ENDOVASCULAR CARDIAC VALVE REPLACEMENT AND SUPPLEMENT PROCEDURES WITHOUT MCC,29,172179.27586,35828.310345,34486.931034
360137,Uh Cleveland Medical Center,Cleveland,11100 Euclid Avenue,39,44106,OH,1.0,"Metropolitan area core: primary flow within an urbanized area of 50,000 and greater",266,ENDOVASCULAR CARDIAC VALVE REPLACEMENT AND SUPPLEMENT PROCEDURES WITH MCC,47,181716.53191,62611.957447,58964.106383
360137,Uh Cleveland Medical Center,Cleveland,11100 Euclid Avenue,39,44106,OH,1.0,"Metropolitan area core: primary flow within an urbanized area of 50,000 and greater",267,ENDOVASCULAR CARDIAC VALVE REPLACEMENT AND SUPPLEMENT PROCEDURES WITHOUT MCC,119,155497.15126,48935.882353,45513.983193
360155,Southwest General Health Center,Middleburg Heights,18697 Bagley Road,39,44130,OH,1.0,"Metropolitan area core: primary flow within an urbanized area of 50,000 and greater",267,ENDOVASCULAR CARDIAC VALVE REPLACEMENT AND SUPPLEMENT PROCEDURES WITHOUT MCC,25,147367.56,35988.84,30724.08
360163,Christ Hospital,Cincinnati,2139 Auburn Avenue,39,45219,OH,1.0,"Metropolitan area core: primary flow within an urbanized area of 50,000 and greater",266,ENDOVASCULAR CARDIAC VALVE REPLACEMENT AND SUPPLEMENT PROCEDURES WITH MCC,54,211624.72222,51473.12963,49017.240741
360163,Christ Hospital,Cincinnati,2139 Auburn Avenue,39,45219,OH,1.0,"Metropolitan area core: primary flow within an urbanized area of 50,000 and greater",267,ENDOVASCULAR CARDIAC VALVE REPLACEMENT AND SUPPLEMENT PROCEDURES WITHOUT MCC,99,177164.83838,39684.444444,36801.979798
360179,Bethesda North,Cincinnati,10500 Montgomery Road,39,45242,OH,1.0,"Metropolitan area core: primary flow within an urbanized area of 50,000 and greater",267,ENDOVASCULAR CARDIAC VALVE REPLACEMENT AND SUPPLEMENT PROCEDURES WITHOUT MCC,30,125005.0,40345.166667,33134.433333
360180,Cleveland Clinic,Cleveland,9500 Euclid Avenue,39,44195,OH,1.0,"Metropolitan area core: primary flow within an urbanized area of 50,000 and greater",266,ENDOVASCULAR CARDIAC VALVE REPLACEMENT AND SUPPLEMENT PROCEDURES WITH MCC,199,147356.80905,61682.81407,53741.316583
360180,Cleveland Clinic,Cleveland,9500 Euclid Avenue,39,44195,OH,1.0,"Metropolitan area core: primary flow within an urbanized area of 50,000 and greater",267,ENDOVASCULAR CARDIAC VALVE REPLACEMENT AND SUPPLEMENT PROCEDURES WITHOUT MCC,206,110609.6068,46848.334951,41303.917476
360211,Trinity Medical Ctr East &trinity Medical Ctr West,Steubenville,380 Summit Avenue,39,43952,OH,1.0,"Metropolitan area core: primary flow within an urbanized area of 50,000 and greater",266,ENDOVASCULAR CARDIAC VALVE REPLACEMENT AND SUPPLEMENT PROCEDURES WITH MCC,17,80914.235294,42423.0,40928.823529
370001,Hillcrest Medical Center,Tulsa,1120 South Utica Avenue,40,74104,OK,1.0,"Metropolitan area core: primary flow within an urbanized area of 50,000 and greater",266,ENDOVASCULAR CARDIAC VALVE REPLACEMENT AND SUPPLEMENT PROCEDURES WITH MCC,45,303638.0,48369.755556,46946.466667
370001,Hillcrest Medical Center,Tulsa,1120 South Utica Avenue,40,74104,OK,1.0,"Metropolitan area core: primary flow within an urbanized area of 50,000 and greater",267,ENDOVASCULAR CARDIAC VALVE REPLACEMENT AND SUPPLEMENT PROCEDURES WITHOUT MCC,53,222268.54717,38779.90566,34395.188679
370008,Norman Regional,Norman,901 N Porter,40,73070,OK,1.1,"Secondary flow 30% to <50% to a larger urbanized area of 50,000 and greater",267,ENDOVASCULAR CARDIAC VALVE REPLACEMENT AND SUPPLEMENT PROCEDURES WITHOUT MCC,21,331182.0,39837.761905,34828.857143
370028,"Integris Baptist Medical Center, Inc",Oklahoma City,3300 Northwest Expressway,40,73112,OK,1.0,"Metropolitan area core: primary flow within an urbanized area of 50,000 and greater",266,ENDOVASCULAR CARDIAC VALVE REPLACEMENT AND SUPPLEMENT PROCEDURES WITH MCC,13,288842.61538,47993.538462,44740.846154
370028,"Integris Baptist Medical Center, Inc",Oklahoma City,3300 Northwest Expressway,40,73112,OK,1.0,"Metropolitan area core: primary flow within an urbanized area of 50,000 and greater",267,ENDOVASCULAR CARDIAC VALVE REPLACEMENT AND SUPPLEMENT PROCEDURES WITHOUT MCC,122,201311.14754,36174.5,34582.155738
370037,Ssm Health St Anthony Hospital - Oklahoma City,Oklahoma City,1000 North Lee Avenue,40,73101,OK,1.0,"Metropolitan area core: primary flow within an urbanized area of 50,000 and greater",266,ENDOVASCULAR CARDIAC VALVE REPLACEMENT AND SUPPLEMENT PROCEDURES WITH MCC,20,214468.25,48879.0,47840.55
370037,Ssm Health St Anthony Hospital - Oklahoma City,Oklahoma City,1000 North Lee Avenue,40,73101,OK,1.0,"Metropolitan area core: primary flow within an urbanized area of 50,000 and greater",267,ENDOVASCULAR CARDIAC VALVE REPLACEMENT AND SUPPLEMENT PROCEDURES WITHOUT MCC,37,137349.10811,37299.567568,35843.486486
370091,"Saint Francis Hospital, Inc",Tulsa,6161 South Yale,40,74136,OK,1.0,"Metropolitan area core: primary flow within an urbanized area of 50,000 and greater",266,ENDOVASCULAR CARDIAC VALVE REPLACEMENT AND SUPPLEMENT PROCEDURES WITH MCC,18,218382.61111,45638.333333,44108.777778
370091,"Saint Francis Hospital, Inc",Tulsa,6161 South Yale,40,74136,OK,1.0,"Metropolitan area core: primary flow within an urbanized area of 50,000 and greater",267,ENDOVASCULAR CARDIAC VALVE REPLACEMENT AND SUPPLEMENT PROCEDURES WITHOUT MCC,64,156431.34375,36043.578125,33323.4375
370114,Ascension St John Medical Center,Tulsa,1923 South Utica Avenue,40,74104,OK,1.0,"Metropolitan area core: primary flow within an urbanized area of 50,000 and greater",266,ENDOVASCULAR CARDIAC VALVE REPLACEMENT AND SUPPLEMENT PROCEDURES WITH MCC,11,262816.27273,50609.636364,44506.909091
370114,Ascension St John Medical Center,Tulsa,1923 South Utica Avenue,40,74104,OK,1.0,"Metropolitan area core: primary flow within an urbanized area of 50,000 and greater",267,ENDOVASCULAR CARDIAC VALVE REPLACEMENT AND SUPPLEMENT PROCEDURES WITHOUT MCC,43,224636.81395,36631.139535,35337.697674
370215,"Oklahoma Heart Hospital, Llc",Oklahoma City,4050 West Memorial Road,40,73120,OK,1.0,"Metropolitan area core: primary flow within an urbanized area of 50,000 and greater",266,ENDOVASCULAR CARDIAC VALVE REPLACEMENT AND SUPPLEMENT PROCEDURES WITH MCC,45,204949.66667,42179.266667,39048.355556
370215,"Oklahoma Heart Hospital, Llc",Oklahoma City,4050 West Memorial Road,40,73120,OK,1.0,"Metropolitan area core: primary flow within an urbanized area of 50,000 and greater",267,ENDOVASCULAR CARDIAC VALVE REPLACEMENT AND SUPPLEMENT PROCEDURES WITHOUT MCC,108,187288.94444,33688.546296,31226.759259
370234,"Oklahoma Heart Hospital South, Llc",Oklahoma City,5200 East I-240 Service Road,40,73135,OK,1.0,"Metropolitan area core: primary flow within an urbanized area of 50,000 and greater",267,ENDOVASCULAR CARDIAC VALVE REPLACEMENT AND SUPPLEMENT PROCEDURES WITHOUT MCC,51,197302.76471,34993.901961,32545.784314
380004,Providence St Vincent Medical Center,Portland,9205 Sw Barnes Road,41,97225,OR,1.0,"Metropolitan area core: primary flow within an urbanized area of 50,000 and greater",266,ENDOVASCULAR CARDIAC VALVE REPLACEMENT AND SUPPLEMENT PROCEDURES WITH MCC,86,191807.16279,64192.883721,56918.395349
380004,Providence St Vincent Medical Center,Portland,9205 Sw Barnes Road,41,97225,OR,1.0,"Metropolitan area core: primary flow within an urbanized area of 50,000 and greater",267,ENDOVASCULAR CARDIAC VALVE REPLACEMENT AND SUPPLEMENT PROCEDURES WITHOUT MCC,87,171349.4023,48171.666667,45187.632184
380007,Legacy Emanuel Medical Center,Portland,2801 N Gantenbein Avenue,41,97227,OR,1.0,"Metropolitan area core: primary flow within an urbanized area of 50,000 and greater",266,ENDOVASCULAR CARDIAC VALVE REPLACEMENT AND SUPPLEMENT PROCEDURES WITH MCC,24,216815.625,78208.583333,75083.5
380007,Legacy Emanuel Medical Center,Portland,2801 N Gantenbein Avenue,41,97227,OR,1.0,"Metropolitan area core: primary flow within an urbanized area of 50,000 and greater",267,ENDOVASCULAR CARDIAC VALVE REPLACEMENT AND SUPPLEMENT PROCEDURES WITHOUT MCC,48,117233.72917,51252.895833,47940.770833
380009,Ohsu Hospital And Clinics,Portland,3181 Sw Sam Jackson Park Road,41,97239,OR,1.0,"Metropolitan area core: primary flow within an urbanized area of 50,000 and greater",266,ENDOVASCULAR CARDIAC VALVE REPLACEMENT AND SUPPLEMENT PROCEDURES WITH MCC,35,171709.31429,68137.457143,64509.314286
380009,Ohsu Hospital And Clinics,Portland,3181 Sw Sam Jackson Park Road,41,97239,OR,1.0,"Metropolitan area core: primary flow within an urbanized area of 50,000 and greater",267,ENDOVASCULAR CARDIAC VALVE REPLACEMENT AND SUPPLEMENT PROCEDURES WITHOUT MCC,91,143262.34066,53393.681319,51212.901099
380014,Good Samaritan Regional Medical Center,Corvallis,3600 Nw Samaritan Drive,41,97330,OR,1.0,"Metropolitan area core: primary flow within an urbanized area of 50,000 and greater",266,ENDOVASCULAR CARDIAC VALVE REPLACEMENT AND SUPPLEMENT PROCEDURES WITH MCC,12,117324.91667,65413.416667,63667.25
380018,Asante Rogue Regional Medical Center,Medford,2825 E Barnett Road,41,97504,OR,1.0,"Metropolitan area core: primary flow within an urbanized area of 50,000 and greater",266,ENDOVASCULAR CARDIAC VALVE REPLACEMENT AND SUPPLEMENT PROCEDURES WITH MCC,20,292297.25,67548.6,66122.45
380018,Asante Rogue Regional Medical Center,Medford,2825 E Barnett Road,41,97504,OR,1.0,"Metropolitan area core: primary flow within an urbanized area of 50,000 and greater",267,ENDOVASCULAR CARDIAC VALVE REPLACEMENT AND SUPPLEMENT PROCEDURES WITHOUT MCC,50,205220.82,45638.3,44305.2
380047,St. Charles Bend Campus,Bend,2500 Ne Neff Road,41,97701,OR,1.0,"Metropolitan area core: primary flow within an urbanized area of 50,000 and greater",266,ENDOVASCULAR CARDIAC VALVE REPLACEMENT AND SUPPLEMENT PROCEDURES WITH MCC,93,131866.87097,61917.989247,61295.075269
380047,St. Charles Bend Campus,Bend,2500 Ne Neff Road,41,97701,OR,1.0,"Metropolitan area core: primary flow within an urbanized area of 50,000 and greater",267,ENDOVASCULAR CARDIAC VALVE REPLACEMENT AND SUPPLEMENT PROCEDURES WITHOUT MCC,49,112425.69388,48693.77551,46317.265306
380051,Salem Hospital,Salem,"890 Oak Street, Se",41,97301,OR,1.0,"Metropolitan area core: primary flow within an urbanized area of 50,000 and greater",266,ENDOVASCULAR CARDIAC VALVE REPLACEMENT AND SUPPLEMENT PROCEDURES WITH MCC,15,133364.2,62165.0,60816.466667
380051,Salem Hospital,Salem,"890 Oak Street, Se",41,97301,OR,1.0,"Metropolitan area core: primary flow within an urbanized area of 50,000 and greater",267,ENDOVASCULAR CARDIAC VALVE REPLACEMENT AND SUPPLEMENT PROCEDURES WITHOUT MCC,28,134732.60714,48861.357143,47416.464286
380060,Adventist Health Portland,Portland,10123 Se Market Street,41,97216,OR,1.0,"Metropolitan area core: primary flow within an urbanized area of 50,000 and greater",267,ENDOVASCULAR CARDIAC VALVE REPLACEMENT AND SUPPLEMENT PROCEDURES WITHOUT MCC,25,158577.04,44785.48,40105.2
380102,Sacred Heart Medical Center - Riverbend,Springfield,3333 Riverbend Drive,41,97477,OR,1.0,"Metropolitan area core: primary flow within an urbanized area of 50,000 and greater",266,ENDOVASCULAR CARDIAC VALVE REPLACEMENT AND SUPPLEMENT PROCEDURES WITH MCC,45,163305.55556,55022.533333,53674.0
380102,Sacred Heart Medical Center - Riverbend,Springfield,3333 Riverbend Drive,41,97477,OR,1.0,"Metropolitan area core: primary flow within an urbanized area of 50,000 and greater",267,ENDOVASCULAR CARDIAC VALVE REPLACEMENT AND SUPPLEMENT PROCEDURES WITHOUT MCC,53,142563.69811,42528.981132,41091.773585
390001,Geisinger-Community Medical Center,Scranton,1822 Mulberry Street,42,18510,PA,1.0,"Metropolitan area core: primary flow within an urbanized area of 50,000 and greater",266,ENDOVASCULAR CARDIAC VALVE REPLACEMENT AND SUPPLEMENT PROCEDURES WITH MCC,18,295410.94444,49623.5,48534.444444
390001,Geisinger-Community Medical Center,Scranton,1822 Mulberry Street,42,18510,PA,1.0,"Metropolitan area core: primary flow within an urbanized area of 50,000 and greater",267,ENDOVASCULAR CARDIAC VALVE REPLACEMENT AND SUPPLEMENT PROCEDURES WITHOUT MCC,27,284407.55556,40651.222222,36587.777778
390004,Penn State Health Holy Spirit Medical Center,Camp Hill,503 North 21st Street,42,17011,PA,1.0,"Metropolitan area core: primary flow within an urbanized area of 50,000 and greater",267,ENDOVASCULAR CARDIAC VALVE REPLACEMENT AND SUPPLEMENT PROCEDURES WITHOUT MCC,21,116477.0,36736.666667,35610.952381
390006,Geisinger Medical Center,Danville,100 North Academy Avenue,42,17822,PA,1.0,"Metropolitan area core: primary flow within an urbanized area of 50,000 and greater",266,ENDOVASCULAR CARDIAC VALVE REPLACEMENT AND SUPPLEMENT PROCEDURES WITH MCC,31,360306.67742,64777.516129,53922.096774
390006,Geisinger Medical Center,Danville,100 North Academy Avenue,42,17822,PA,1.0,"Metropolitan area core: primary flow within an urbanized area of 50,000 and greater",267,ENDOVASCULAR CARDIAC VALVE REPLACEMENT AND SUPPLEMENT PROCEDURES WITHOUT MCC,59,285514.9661,51273.898305,44479.949153
390009,Saint Vincent Hospital,Erie,232 West 25th Street,42,16544,PA,1.0,"Metropolitan area core: primary flow within an urbanized area of 50,000 and greater",266,ENDOVASCULAR CARDIAC VALVE REPLACEMENT AND SUPPLEMENT PROCEDURES WITH MCC,14,408585.5,54763.214286,53046.642857
390027,Temple University Hospital,Philadelphia,3401 North Broad Street,42,19140,PA,1.0,"Metropolitan area core: primary flow within an urbanized area of 50,000 and greater",267,ENDOVASCULAR CARDIAC VALVE REPLACEMENT AND SUPPLEMENT PROCEDURES WITHOUT MCC,49,384894.61224,59021.857143,56392.795918
390044,Reading Hospital,West Reading,420 S 5th Avenue,42,19611,PA,1.0,"Metropolitan area core: primary flow within an urbanized area of 50,000 and greater",267,ENDOVASCULAR CARDIAC VALVE REPLACEMENT AND SUPPLEMENT PROCEDURES WITHOUT MCC,44,165332.09091,42427.818182,40788.363636
390046,Wellspan York Hospital,York,1001 South George Street,42,17403,PA,1.0,"Metropolitan area core: primary flow within an urbanized area of 50,000 and greater",266,ENDOVASCULAR CARDIAC VALVE REPLACEMENT AND SUPPLEMENT PROCEDURES WITH MCC,34,180911.70588,59518.0,52305.411765
390046,Wellspan York Hospital,York,1001 South George Street,42,17403,PA,1.0,"Metropolitan area core: primary flow within an urbanized area of 50,000 and greater",267,ENDOVASCULAR CARDIAC VALVE REPLACEMENT AND SUPPLEMENT PROCEDURES WITHOUT MCC,99,139801.62626,44855.080808,40448.939394
390049,St Luke's Hospital Bethlehem,Bethlehem,801 Ostrum Street,42,18015,PA,1.0,"Metropolitan area core: primary flow within an urbanized area of 50,000 and greater",266,ENDOVASCULAR CARDIAC VALVE REPLACEMENT AND SUPPLEMENT PROCEDURES WITH MCC,71,468674.07042,59344.535211,55500.422535
390049,St Luke's Hospital Bethlehem,Bethlehem,801 Ostrum Street,42,18015,PA,1.0,"Metropolitan area core: primary flow within an urbanized area of 50,000 and greater",267,ENDOVASCULAR CARDIAC VALVE REPLACEMENT AND SUPPLEMENT PROCEDURES WITHOUT MCC,163,427187.88344,47056.503067,43847.96319
390050,Allegheny General Hospital,Pittsburgh,320 East North Avenue,42,15212,PA,1.0,"Metropolitan area core: primary flow within an urbanized area of 50,000 and greater",266,ENDOVASCULAR CARDIAC VALVE REPLACEMENT AND SUPPLEMENT PROCEDURES WITH MCC,52,214261.23077,61727.711538,53092.076923
390050,Allegheny General Hospital,Pittsburgh,320 East North Avenue,42,15212,PA,1.0,"Metropolitan area core: primary flow within an urbanized area of 50,000 and greater",267,ENDOVASCULAR CARDIAC VALVE REPLACEMENT AND SUPPLEMENT PROCEDURES WITHOUT MCC,50,151381.52,44466.58,41263.98
390063,Upmc Hamot,Erie,201 State Street,42,16550,PA,1.0,"Metropolitan area core: primary flow within an urbanized area of 50,000 and greater",266,ENDOVASCULAR CARDIAC VALVE REPLACEMENT AND SUPPLEMENT PROCEDURES WITH MCC,38,240101.34211,45837.789474,44387.210526
390063,Upmc Hamot,Erie,201 State Street,42,16550,PA,1.0,"Metropolitan area core: primary flow within an urbanized area of 50,000 and greater",267,ENDOVASCULAR CARDIAC VALVE REPLACEMENT AND SUPPLEMENT PROCEDURES WITHOUT MCC,29,197343.82759,36330.551724,34756.448276
390067,Upmc Pinnacle Hospitals,Harrisburg,409 South Second Street,42,17105,PA,1.0,"Metropolitan area core: primary flow within an urbanized area of 50,000 and greater",266,ENDOVASCULAR CARDIAC VALVE REPLACEMENT AND SUPPLEMENT PROCEDURES WITH MCC,109,141308.99083,52155.669725,49632.357798
390067,Upmc Pinnacle Hospitals,Harrisburg,409 South Second Street,42,17105,PA,1.0,"Metropolitan area core: primary flow within an urbanized area of 50,000 and greater",267,ENDOVASCULAR CARDIAC VALVE REPLACEMENT AND SUPPLEMENT PROCEDURES WITHOUT MCC,75,133738.41333,41069.866667,37272.88
390073,Upmc Altoona,Altoona,620 Howard Avenue,42,16601,PA,1.0,"Metropolitan area core: primary flow within an urbanized area of 50,000 and greater",266,ENDOVASCULAR CARDIAC VALVE REPLACEMENT AND SUPPLEMENT PROCEDURES WITH MCC,12,161617.41667,50378.583333,49289.583333
390079,Robert Packer Hospital,Sayre,One Guthrie Square,42,18840,PA,4.0,"Micropolitan area core: primary flow within an urban cluster of 10,000 to 49,999",266,ENDOVASCULAR CARDIAC VALVE REPLACEMENT AND SUPPLEMENT PROCEDURES WITH MCC,20,190087.05,51144.35,49920.65
390079,Robert Packer Hospital,Sayre,One Guthrie Square,42,18840,PA,4.0,"Micropolitan area core: primary flow within an urban cluster of 10,000 to 49,999",267,ENDOVASCULAR CARDIAC VALVE REPLACEMENT AND SUPPLEMENT PROCEDURES WITHOUT MCC,56,141711.60714,41556.089286,37352.946429
390086,Penn Highlands Dubois,Dubois,100 Hospital Avenue,42,15801,PA,4.0,"Micropolitan area core: primary flow within an urban cluster of 10,000 to 49,999",267,ENDOVASCULAR CARDIAC VALVE REPLACEMENT AND SUPPLEMENT PROCEDURES WITHOUT MCC,11,111536.72727,35871.545455,34203.909091
390096,Penn State Health St. Joseph,Reading,2500 Bernville Road,42,19605,PA,1.0,"Metropolitan area core: primary flow within an urbanized area of 50,000 and greater",267,ENDOVASCULAR CARDIAC VALVE REPLACEMENT AND SUPPLEMENT PROCEDURES WITHOUT MCC,14,193560.64286,40129.214286,38390.214286
390100,Lancaster General Hospital,Lancaster,555 North Duke Street,42,17602,PA,1.0,"Metropolitan area core: primary flow within an urbanized area of 50,000 and greater",266,ENDOVASCULAR CARDIAC VALVE REPLACEMENT AND SUPPLEMENT PROCEDURES WITH MCC,33,190248.54545,51418.454545,49765.424242
390100,Lancaster General Hospital,Lancaster,555 North Duke Street,42,17602,PA,1.0,"Metropolitan area core: primary flow within an urbanized area of 50,000 and greater",267,ENDOVASCULAR CARDIAC VALVE REPLACEMENT AND SUPPLEMENT PROCEDURES WITHOUT MCC,52,135215.42308,41399.153846,37535.673077
390110,Conemaugh Memorial Medical Center,Johnstown,1086 Franklin Street,42,15905,PA,1.0,"Metropolitan area core: primary flow within an urbanized area of 50,000 and greater",267,ENDOVASCULAR CARDIAC VALVE REPLACEMENT AND SUPPLEMENT PROCEDURES WITHOUT MCC,17,210167.88235,38237.176471,36322.882353
390111,Hospital Of Univ Of Pennsylvania,Philadelphia,34th & Spruce Sts,42,19104,PA,1.0,"Metropolitan area core: primary flow within an urbanized area of 50,000 and greater",266,ENDOVASCULAR CARDIAC VALVE REPLACEMENT AND SUPPLEMENT PROCEDURES WITH MCC,39,535063.48718,90714.692308,78969.820513
390111,Hospital Of Univ Of Pennsylvania,Philadelphia,34th & Spruce Sts,42,19104,PA,1.0,"Metropolitan area core: primary flow within an urbanized area of 50,000 and greater",267,ENDOVASCULAR CARDIAC VALVE REPLACEMENT AND SUPPLEMENT PROCEDURES WITHOUT MCC,161,345027.49068,63233.695652,56376.192547
390133,Lehigh Valley Hospital,Allentown,1200 South Cedar Crest Boulevard,42,18103,PA,1.0,"Metropolitan area core: primary flow within an urbanized area of 50,000 and greater",266,ENDOVASCULAR CARDIAC VALVE REPLACEMENT AND SUPPLEMENT PROCEDURES WITH MCC,54,519321.72222,57282.351852,55564.796296
390133,Lehigh Valley Hospital,Allentown,1200 South Cedar Crest Boulevard,42,18103,PA,1.0,"Metropolitan area core: primary flow within an urbanized area of 50,000 and greater",267,ENDOVASCULAR CARDIAC VALVE REPLACEMENT AND SUPPLEMENT PROCEDURES WITHOUT MCC,190,453913.08421,43398.336842,42236.005263
390142,Albert Einstein Medical Center,Philadelphia,5501 Old York Road,42,19141,PA,1.0,"Metropolitan area core: primary flow within an urbanized area of 50,000 and greater",267,ENDOVASCULAR CARDIAC VALVE REPLACEMENT AND SUPPLEMENT PROCEDURES WITHOUT MCC,20,177742.8,57643.4,55271.1
390145,Excela Health Westmoreland Hospital,Greensburg,532 West Pittsburgh Street,42,15601,PA,1.0,"Metropolitan area core: primary flow within an urbanized area of 50,000 and greater",266,ENDOVASCULAR CARDIAC VALVE REPLACEMENT AND SUPPLEMENT PROCEDURES WITH MCC,19,104946.57895,40727.789474,39745.052632
390164,Upmc Presbyterian Shadyside,Pittsburgh,200 Lothrop Street,42,15213,PA,1.0,"Metropolitan area core: primary flow within an urbanized area of 50,000 and greater",266,ENDOVASCULAR CARDIAC VALVE REPLACEMENT AND SUPPLEMENT PROCEDURES WITH MCC,75,330919.52,58737.773333,53734.293333
390164,Upmc Presbyterian Shadyside,Pittsburgh,200 Lothrop Street,42,15213,PA,1.0,"Metropolitan area core: primary flow within an urbanized area of 50,000 and greater",267,ENDOVASCULAR CARDIAC VALVE REPLACEMENT AND SUPPLEMENT PROCEDURES WITHOUT MCC,29,253342.62069,44940.793103,42383.793103
390168,Butler Memorial Hospital,Butler,One Hospital Way,42,16001,PA,4.0,"Micropolitan area core: primary flow within an urban cluster of 10,000 to 49,999",267,ENDOVASCULAR CARDIAC VALVE REPLACEMENT AND SUPPLEMENT PROCEDURES WITHOUT MCC,25,146070.32,34474.04,33104.76
390174,Thomas Jefferson University Hospital,Philadelphia,111 South 11th Street,42,19107,PA,1.0,"Metropolitan area core: primary flow within an urbanized area of 50,000 and greater",266,ENDOVASCULAR CARDIAC VALVE REPLACEMENT AND SUPPLEMENT PROCEDURES WITH MCC,30,264939.0,81101.0,65715.1
390174,Thomas Jefferson University Hospital,Philadelphia,111 South 11th Street,42,19107,PA,1.0,"Metropolitan area core: primary flow within an urbanized area of 50,000 and greater",267,ENDOVASCULAR CARDIAC VALVE REPLACEMENT AND SUPPLEMENT PROCEDURES WITHOUT MCC,32,198270.90625,60586.21875,51481.3125
390179,Chester County Hospital,West Chester,701 East Marshall Street,42,19380,PA,1.0,"Metropolitan area core: primary flow within an urbanized area of 50,000 and greater",267,ENDOVASCULAR CARDIAC VALVE REPLACEMENT AND SUPPLEMENT PROCEDURES WITHOUT MCC,29,173816.2069,40826.62069,35579.482759
390195,Lankenau Medical Center,Wynnewood,100 Lancaster Ave,42,19096,PA,1.0,"Metropolitan area core: primary flow within an urbanized area of 50,000 and greater",266,ENDOVASCULAR CARDIAC VALVE REPLACEMENT AND SUPPLEMENT PROCEDURES WITH MCC,151,190060.18543,59770.15894,55510.86755
390195,Lankenau Medical Center,Wynnewood,100 Lancaster Ave,42,19096,PA,1.0,"Metropolitan area core: primary flow within an urbanized area of 50,000 and greater",267,ENDOVASCULAR CARDIAC VALVE REPLACEMENT AND SUPPLEMENT PROCEDURES WITHOUT MCC,70,147135.6,46428.271429,43304.271429
390203,Doylestown Hospital,Doylestown,595 West State St,42,18901,PA,1.0,"Metropolitan area core: primary flow within an urbanized area of 50,000 and greater",266,ENDOVASCULAR CARDIAC VALVE REPLACEMENT AND SUPPLEMENT PROCEDURES WITH MCC,16,243862.125,48024.125,47250.5625
390203,Doylestown Hospital,Doylestown,595 West State St,42,18901,PA,1.0,"Metropolitan area core: primary flow within an urbanized area of 50,000 and greater",267,ENDOVASCULAR CARDIAC VALVE REPLACEMENT AND SUPPLEMENT PROCEDURES WITHOUT MCC,64,208514.03125,38102.1875,35636.5625
390223,Penn Presbyterian Medical Center,Philadelphia,51 North 39th Street,42,19104,PA,1.0,"Metropolitan area core: primary flow within an urbanized area of 50,000 and greater",266,ENDOVASCULAR CARDIAC VALVE REPLACEMENT AND SUPPLEMENT PROCEDURES WITH MCC,54,324663.0,69037.037037,64862.018519
390223,Penn Presbyterian Medical Center,Philadelphia,51 North 39th Street,42,19104,PA,1.0,"Metropolitan area core: primary flow within an urbanized area of 50,000 and greater",267,ENDOVASCULAR CARDIAC VALVE REPLACEMENT AND SUPPLEMENT PROCEDURES WITHOUT MCC,81,297118.54321,57199.308642,54441.061728
390228,St Clair Hospital,Pittsburgh,1000 Bower Hill Road,42,15243,PA,1.0,"Metropolitan area core: primary flow within an urbanized area of 50,000 and greater",266,ENDOVASCULAR CARDIAC VALVE REPLACEMENT AND SUPPLEMENT PROCEDURES WITH MCC,14,162560.07143,39609.142857,39053.428571
390231,Abington Memorial Hospital,Abington,1200 Old York Road,42,19001,PA,1.0,"Metropolitan area core: primary flow within an urbanized area of 50,000 and greater",266,ENDOVASCULAR CARDIAC VALVE REPLACEMENT AND SUPPLEMENT PROCEDURES WITH MCC,20,195093.35,54893.65,53812.25
390231,Abington Memorial Hospital,Abington,1200 Old York Road,42,19001,PA,1.0,"Metropolitan area core: primary flow within an urbanized area of 50,000 and greater",267,ENDOVASCULAR CARDIAC VALVE REPLACEMENT AND SUPPLEMENT PROCEDURES WITHOUT MCC,73,156288.26027,42663.60274,40764.643836
390237,Regional Hospital Of Scranton,Scranton,746 Jefferson Avenue,42,18501,PA,1.0,"Metropolitan area core: primary flow within an urbanized area of 50,000 and greater",266,ENDOVASCULAR CARDIAC VALVE REPLACEMENT AND SUPPLEMENT PROCEDURES WITH MCC,24,437971.5,50281.75,49022.791667
390237,Regional Hospital Of Scranton,Scranton,746 Jefferson Avenue,42,18501,PA,1.0,"Metropolitan area core: primary flow within an urbanized area of 50,000 and greater",267,ENDOVASCULAR CARDIAC VALVE REPLACEMENT AND SUPPLEMENT PROCEDURES WITHOUT MCC,121,330803.23967,37792.487603,35071.099174
390256,Milton S Hershey Medical Center,Hershey,500 University Drive,42,17033,PA,1.0,"Metropolitan area core: primary flow within an urbanized area of 50,000 and greater",266,ENDOVASCULAR CARDIAC VALVE REPLACEMENT AND SUPPLEMENT PROCEDURES WITH MCC,13,340285.92308,69023.538462,64805.461538
390256,Milton S Hershey Medical Center,Hershey,500 University Drive,42,17033,PA,1.0,"Metropolitan area core: primary flow within an urbanized area of 50,000 and greater",267,ENDOVASCULAR CARDIAC VALVE REPLACEMENT AND SUPPLEMENT PROCEDURES WITHOUT MCC,66,272421.68182,54993.742424,48027.045455
390258,St Mary Medical Center,Langhorne,Langhorne-Newtown Rd,42,19047,PA,1.0,"Metropolitan area core: primary flow within an urbanized area of 50,000 and greater",266,ENDOVASCULAR CARDIAC VALVE REPLACEMENT AND SUPPLEMENT PROCEDURES WITH MCC,20,270088.3,51486.85,50259.65
390258,St Mary Medical Center,Langhorne,Langhorne-Newtown Rd,42,19047,PA,1.0,"Metropolitan area core: primary flow within an urbanized area of 50,000 and greater",267,ENDOVASCULAR CARDIAC VALVE REPLACEMENT AND SUPPLEMENT PROCEDURES WITHOUT MCC,49,234190.42857,40100.734694,38703.816327
390267,Forbes Hospital,Monroeville,2570 Haymaker Road,42,15146,PA,1.0,"Metropolitan area core: primary flow within an urbanized area of 50,000 and greater",267,ENDOVASCULAR CARDIAC VALVE REPLACEMENT AND SUPPLEMENT PROCEDURES WITHOUT MCC,15,121868.46667,35725.6,34183.666667
390270,Geisinger Wyoming Valley Medical Center,Wilkes Barre,1000 East Mountain Boulevard,42,18711,PA,1.0,"Metropolitan area core: primary flow within an urbanized area of 50,000 and greater",266,ENDOVASCULAR CARDIAC VALVE REPLACEMENT AND SUPPLEMENT PROCEDURES WITH MCC,18,293058.22222,53523.666667,46574.666667
390270,Geisinger Wyoming Valley Medical Center,Wilkes Barre,1000 East Mountain Boulevard,42,18711,PA,1.0,"Metropolitan area core: primary flow within an urbanized area of 50,000 and greater",267,ENDOVASCULAR CARDIAC VALVE REPLACEMENT AND SUPPLEMENT PROCEDURES WITHOUT MCC,33,278966.24242,40686.363636,39349.818182
390329,Einstein Medical Center Montgomery,East Norriton,559 West Germantown Pike,42,19403,PA,1.0,"Metropolitan area core: primary flow within an urbanized area of 50,000 and greater",266,ENDOVASCULAR CARDIAC VALVE REPLACEMENT AND SUPPLEMENT PROCEDURES WITH MCC,11,187200.0,51984.181818,50904.545455
390329,Einstein Medical Center Montgomery,East Norriton,559 West Germantown Pike,42,19403,PA,1.0,"Metropolitan area core: primary flow within an urbanized area of 50,000 and greater",267,ENDOVASCULAR CARDIAC VALVE REPLACEMENT AND SUPPLEMENT PROCEDURES WITHOUT MCC,28,171761.71429,40738.392857,39489.107143
410007,Rhode Island Hospital,Providence,593 Eddy Street,44,2903,RI,1.0,"Metropolitan area core: primary flow within an urbanized area of 50,000 and greater",266,ENDOVASCULAR CARDIAC VALVE REPLACEMENT AND SUPPLEMENT PROCEDURES WITH MCC,40,159106.825,65236.525,63325.45
410007,Rhode Island Hospital,Providence,593 Eddy Street,44,2903,RI,1.0,"Metropolitan area core: primary flow within an urbanized area of 50,000 and greater",267,ENDOVASCULAR CARDIAC VALVE REPLACEMENT AND SUPPLEMENT PROCEDURES WITHOUT MCC,128,112574.5,52590.578125,49281.4375
420004,Musc Medical Center,Charleston,169 Ashley Ave,45,29425,SC,1.0,"Metropolitan area core: primary flow within an urbanized area of 50,000 and greater",266,ENDOVASCULAR CARDIAC VALVE REPLACEMENT AND SUPPLEMENT PROCEDURES WITH MCC,29,248920.41379,77408.793103,61314.37931
420004,Musc Medical Center,Charleston,169 Ashley Ave,45,29425,SC,1.0,"Metropolitan area core: primary flow within an urbanized area of 50,000 and greater",267,ENDOVASCULAR CARDIAC VALVE REPLACEMENT AND SUPPLEMENT PROCEDURES WITHOUT MCC,89,182650.1236,48608.640449,43811.022472
420007,Spartanburg Medical Center,Spartanburg,101 E Wood St,45,29303,SC,1.0,"Metropolitan area core: primary flow within an urbanized area of 50,000 and greater",266,ENDOVASCULAR CARDIAC VALVE REPLACEMENT AND SUPPLEMENT PROCEDURES WITH MCC,13,278354.23077,71158.769231,52603.384615
420007,Spartanburg Medical Center,Spartanburg,101 E Wood St,45,29303,SC,1.0,"Metropolitan area core: primary flow within an urbanized area of 50,000 and greater",267,ENDOVASCULAR CARDIAC VALVE REPLACEMENT AND SUPPLEMENT PROCEDURES WITHOUT MCC,52,239177.86538,45226.192308,43839.903846
420018,Prisma Health Richland Hospital,Columbia,5 Medical Park,45,29203,SC,1.0,"Metropolitan area core: primary flow within an urbanized area of 50,000 and greater",266,ENDOVASCULAR CARDIAC VALVE REPLACEMENT AND SUPPLEMENT PROCEDURES WITH MCC,70,160990.72857,52225.1,50702.485714
420018,Prisma Health Richland Hospital,Columbia,5 Medical Park,45,29203,SC,1.0,"Metropolitan area core: primary flow within an urbanized area of 50,000 and greater",267,ENDOVASCULAR CARDIAC VALVE REPLACEMENT AND SUPPLEMENT PROCEDURES WITHOUT MCC,16,146466.5625,46214.5625,34884.6875
420023,St Francis-Downtown,Greenville,One St Francis Dr,45,29601,SC,1.0,"Metropolitan area core: primary flow within an urbanized area of 50,000 and greater",267,ENDOVASCULAR CARDIAC VALVE REPLACEMENT AND SUPPLEMENT PROCEDURES WITHOUT MCC,35,418606.42857,41175.285714,36425.085714
420026,Musc Health Columbia Medical Center Downtown,Columbia,2435 Forest Drive,45,29204,SC,1.0,"Metropolitan area core: primary flow within an urbanized area of 50,000 and greater",266,ENDOVASCULAR CARDIAC VALVE REPLACEMENT AND SUPPLEMENT PROCEDURES WITH MCC,37,186462.13514,43651.648649,39841.324324
420026,Musc Health Columbia Medical Center Downtown,Columbia,2435 Forest Drive,45,29204,SC,1.0,"Metropolitan area core: primary flow within an urbanized area of 50,000 and greater",267,ENDOVASCULAR CARDIAC VALVE REPLACEMENT AND SUPPLEMENT PROCEDURES WITHOUT MCC,36,177728.38889,33576.5,30911.944444
420027,Anmed Health,Anderson,800 N Fant St,45,29621,SC,1.0,"Metropolitan area core: primary flow within an urbanized area of 50,000 and greater",267,ENDOVASCULAR CARDIAC VALVE REPLACEMENT AND SUPPLEMENT PROCEDURES WITHOUT MCC,18,286865.55556,36498.555556,35043.444444
420051,Mcleod Regional Medical Center-Pee Dee,Florence,555 E Cheves St Box 8700,45,29506,SC,1.0,"Metropolitan area core: primary flow within an urbanized area of 50,000 and greater",266,ENDOVASCULAR CARDIAC VALVE REPLACEMENT AND SUPPLEMENT PROCEDURES WITH MCC,48,209568.66667,47278.270833,42610.1875
420071,Self Regional Healthcare,Greenwood,1325 Spring Street,45,29646,SC,4.0,"Micropolitan area core: primary flow within an urban cluster of 10,000 to 49,999",267,ENDOVASCULAR CARDIAC VALVE REPLACEMENT AND SUPPLEMENT PROCEDURES WITHOUT MCC,27,218415.77778,51134.185185,49688.481481
420073,Lexington Medical Center,West Columbia,2720 Sunset Blvd,45,29169,SC,1.0,"Metropolitan area core: primary flow within an urbanized area of 50,000 and greater",266,ENDOVASCULAR CARDIAC VALVE REPLACEMENT AND SUPPLEMENT PROCEDURES WITH MCC,127,206789.95276,46374.425197,41211.03937
420073,Lexington Medical Center,West Columbia,2720 Sunset Blvd,45,29169,SC,1.0,"Metropolitan area core: primary flow within an urbanized area of 50,000 and greater",267,ENDOVASCULAR CARDIAC VALVE REPLACEMENT AND SUPPLEMENT PROCEDURES WITHOUT MCC,65,177471.49231,35448.107692,32400.923077
420078,Prisma Health Greenville Memorial Hospital,Greenville,701 Grove Road,45,29605,SC,1.0,"Metropolitan area core: primary flow within an urbanized area of 50,000 and greater",266,ENDOVASCULAR CARDIAC VALVE REPLACEMENT AND SUPPLEMENT PROCEDURES WITH MCC,15,151407.6,50049.733333,48520.333333
420078,Prisma Health Greenville Memorial Hospital,Greenville,701 Grove Road,45,29605,SC,1.0,"Metropolitan area core: primary flow within an urbanized area of 50,000 and greater",267,ENDOVASCULAR CARDIAC VALVE REPLACEMENT AND SUPPLEMENT PROCEDURES WITHOUT MCC,69,139483.95652,40540.550725,38982.26087
420079,Trident Medical Center,Charleston,9330 Medical Plaza Dr,45,29406,SC,1.0,"Metropolitan area core: primary flow within an urbanized area of 50,000 and greater",266,ENDOVASCULAR CARDIAC VALVE REPLACEMENT AND SUPPLEMENT PROCEDURES WITH MCC,26,374262.88462,49029.730769,43604.307692
420085,Grand Strand Regional Medical Center,Myrtle Beach,809 82nd Parkway,45,29572,SC,1.0,"Metropolitan area core: primary flow within an urbanized area of 50,000 and greater",266,ENDOVASCULAR CARDIAC VALVE REPLACEMENT AND SUPPLEMENT PROCEDURES WITH MCC,39,345755.48718,48802.153846,47565.333333
420085,Grand Strand Regional Medical Center,Myrtle Beach,809 82nd Parkway,45,29572,SC,1.0,"Metropolitan area core: primary flow within an urbanized area of 50,000 and greater",267,ENDOVASCULAR CARDIAC VALVE REPLACEMENT AND SUPPLEMENT PROCEDURES WITHOUT MCC,32,334911.0,39855.625,36597.28125
420087,Roper Hospital,Charleston,316 Calhoun St,45,29401,SC,1.0,"Metropolitan area core: primary flow within an urbanized area of 50,000 and greater",266,ENDOVASCULAR CARDIAC VALVE REPLACEMENT AND SUPPLEMENT PROCEDURES WITH MCC,37,188074.78378,47946.432432,43822.27027
420087,Roper Hospital,Charleston,316 Calhoun St,45,29401,SC,1.0,"Metropolitan area core: primary flow within an urbanized area of 50,000 and greater",267,ENDOVASCULAR CARDIAC VALVE REPLACEMENT AND SUPPLEMENT PROCEDURES WITHOUT MCC,66,161694.21212,34198.757576,33076.530303
430027,Sanford Usd Medical Center,Sioux Falls,1305 W 18th St  Post Office Box 5039,46,57117,SD,99.0,Unknown,267,ENDOVASCULAR CARDIAC VALVE REPLACEMENT AND SUPPLEMENT PROCEDURES WITHOUT MCC,107,148857.65421,40074.990654,38861.299065
430077,Monument Health Rapid City Hospital,Rapid City,353 Fairmont Blvd  Post Office Box 6000,46,57701,SD,1.0,"Metropolitan area core: primary flow within an urbanized area of 50,000 and greater",266,ENDOVASCULAR CARDIAC VALVE REPLACEMENT AND SUPPLEMENT PROCEDURES WITH MCC,42,238846.78571,65675.571429,62351.238095
430077,Monument Health Rapid City Hospital,Rapid City,353 Fairmont Blvd  Post Office Box 6000,46,57701,SD,1.0,"Metropolitan area core: primary flow within an urbanized area of 50,000 and greater",267,ENDOVASCULAR CARDIAC VALVE REPLACEMENT AND SUPPLEMENT PROCEDURES WITHOUT MCC,38,197003.89474,49292.026316,47831.0
430095,Avera Heart Hospital Of South Dakota,Sioux Falls,4500 W 69th St,46,57108,SD,1.0,"Metropolitan area core: primary flow within an urbanized area of 50,000 and greater",266,ENDOVASCULAR CARDIAC VALVE REPLACEMENT AND SUPPLEMENT PROCEDURES WITH MCC,28,205133.85714,45514.357143,44402.928571
430095,Avera Heart Hospital Of South Dakota,Sioux Falls,4500 W 69th St,46,57108,SD,1.0,"Metropolitan area core: primary flow within an urbanized area of 50,000 and greater",267,ENDOVASCULAR CARDIAC VALVE REPLACEMENT AND SUPPLEMENT PROCEDURES WITHOUT MCC,120,186864.125,36187.008333,34838.475
440002,Jackson-Madison County General Hospital,Jackson,620 Skyline Drive,47,38301,TN,1.0,"Metropolitan area core: primary flow within an urbanized area of 50,000 and greater",267,ENDOVASCULAR CARDIAC VALVE REPLACEMENT AND SUPPLEMENT PROCEDURES WITHOUT MCC,52,112330.92308,37443.903846,36452.980769
440015,University Of Tn Medical Center (The),Knoxville,1924 Alcoa Highway,47,37920,TN,1.0,"Metropolitan area core: primary flow within an urbanized area of 50,000 and greater",267,ENDOVASCULAR CARDIAC VALVE REPLACEMENT AND SUPPLEMENT PROCEDURES WITHOUT MCC,53,200858.41509,39257.90566,36084.641509
440017,Holston Valley Medical Center,Kingsport,130 West Ravine Road,47,37662,TN,1.0,"Metropolitan area core: primary flow within an urbanized area of 50,000 and greater",266,ENDOVASCULAR CARDIAC VALVE REPLACEMENT AND SUPPLEMENT PROCEDURES WITH MCC,15,310013.06667,57286.333333,48873.8
440017,Holston Valley Medical Center,Kingsport,130 West Ravine Road,47,37662,TN,1.0,"Metropolitan area core: primary flow within an urbanized area of 50,000 and greater",267,ENDOVASCULAR CARDIAC VALVE REPLACEMENT AND SUPPLEMENT PROCEDURES WITHOUT MCC,34,270276.47059,45299.117647,38841.705882
440039,Vanderbilt University Medical Center,Nashville,1211 Medical Center Drive,47,37232,TN,1.0,"Metropolitan area core: primary flow within an urbanized area of 50,000 and greater",266,ENDOVASCULAR CARDIAC VALVE REPLACEMENT AND SUPPLEMENT PROCEDURES WITH MCC,68,263308.16176,67835.955882,55751.794118
440039,Vanderbilt University Medical Center,Nashville,1211 Medical Center Drive,47,37232,TN,1.0,"Metropolitan area core: primary flow within an urbanized area of 50,000 and greater",267,ENDOVASCULAR CARDIAC VALVE REPLACEMENT AND SUPPLEMENT PROCEDURES WITHOUT MCC,111,134579.79279,47488.657658,41282.882883
440048,Baptist Memorial Hospital,Memphis,6019 Walnut Grove Road,47,38120,TN,1.0,"Metropolitan area core: primary flow within an urbanized area of 50,000 and greater",266,ENDOVASCULAR CARDIAC VALVE REPLACEMENT AND SUPPLEMENT PROCEDURES WITH MCC,25,210146.4,48316.64,46270.76
440048,Baptist Memorial Hospital,Memphis,6019 Walnut Grove Road,47,38120,TN,1.0,"Metropolitan area core: primary flow within an urbanized area of 50,000 and greater",267,ENDOVASCULAR CARDIAC VALVE REPLACEMENT AND SUPPLEMENT PROCEDURES WITHOUT MCC,128,130592.82813,36723.578125,32705.484375
440049,Methodist Hospitals Of Memphis,Memphis,1265 Union Ave Suite 700,47,38104,TN,1.0,"Metropolitan area core: primary flow within an urbanized area of 50,000 and greater",266,ENDOVASCULAR CARDIAC VALVE REPLACEMENT AND SUPPLEMENT PROCEDURES WITH MCC,13,203936.38462,50121.692308,43506.923077
440049,Methodist Hospitals Of Memphis,Memphis,1265 Union Ave Suite 700,47,38104,TN,1.0,"Metropolitan area core: primary flow within an urbanized area of 50,000 and greater",267,ENDOVASCULAR CARDIAC VALVE REPLACEMENT AND SUPPLEMENT PROCEDURES WITHOUT MCC,44,188368.11364,41280.840909,34562.022727
440059,Cookeville Regional Medical Center,Cookeville,1 Medical Center Boulevard,47,38501,TN,4.0,"Micropolitan area core: primary flow within an urban cluster of 10,000 to 49,999",266,ENDOVASCULAR CARDIAC VALVE REPLACEMENT AND SUPPLEMENT PROCEDURES WITH MCC,27,97141.962963,48196.074074,41097.111111
440059,Cookeville Regional Medical Center,Cookeville,1 Medical Center Boulevard,47,38501,TN,4.0,"Micropolitan area core: primary flow within an urban cluster of 10,000 to 49,999",267,ENDOVASCULAR CARDIAC VALVE REPLACEMENT AND SUPPLEMENT PROCEDURES WITHOUT MCC,46,92067.217391,39091.652174,32221.608696
440063,Johnson City Medical Center,Johnson City,400 N State Of Franklin Rd,47,37604,TN,1.0,"Metropolitan area core: primary flow within an urbanized area of 50,000 and greater",267,ENDOVASCULAR CARDIAC VALVE REPLACEMENT AND SUPPLEMENT PROCEDURES WITHOUT MCC,20,383066.0,37439.85,36115.75
440082,Ascension Saint Thomas Hospital,Nashville,"4220 Harding Rd, Po Box 380",47,37205,TN,1.0,"Metropolitan area core: primary flow within an urbanized area of 50,000 and greater",266,ENDOVASCULAR CARDIAC VALVE REPLACEMENT AND SUPPLEMENT PROCEDURES WITH MCC,63,368494.49206,49255.936508,46992.015873
440082,Ascension Saint Thomas Hospital,Nashville,"4220 Harding Rd, Po Box 380",47,37205,TN,1.0,"Metropolitan area core: primary flow within an urbanized area of 50,000 and greater",267,ENDOVASCULAR CARDIAC VALVE REPLACEMENT AND SUPPLEMENT PROCEDURES WITHOUT MCC,150,293342.97333,37160.746667,34466.593333
440091,"Memorial Healthcare System, Inc",Chattanooga,2525 Desales Ave,47,37404,TN,1.0,"Metropolitan area core: primary flow within an urbanized area of 50,000 and greater",266,ENDOVASCULAR CARDIAC VALVE REPLACEMENT AND SUPPLEMENT PROCEDURES WITH MCC,53,142824.49057,43128.056604,39799.566038
440104,Erlanger Medical Center,Chattanooga,975 E 3rd St,47,37403,TN,1.0,"Metropolitan area core: primary flow within an urbanized area of 50,000 and greater",267,ENDOVASCULAR CARDIAC VALVE REPLACEMENT AND SUPPLEMENT PROCEDURES WITHOUT MCC,29,106469.72414,39180.482759,37444.448276
440120,Tennova Healthcare North Knoxville Medical Center,Powell,7565 Dannaher Way Powell,47,37849,TN,1.0,"Metropolitan area core: primary flow within an urbanized area of 50,000 and greater",266,ENDOVASCULAR CARDIAC VALVE REPLACEMENT AND SUPPLEMENT PROCEDURES WITH MCC,25,413049.8,42079.08,41068.52
440120,Tennova Healthcare North Knoxville Medical Center,Powell,7565 Dannaher Way Powell,47,37849,TN,1.0,"Metropolitan area core: primary flow within an urbanized area of 50,000 and greater",267,ENDOVASCULAR CARDIAC VALVE REPLACEMENT AND SUPPLEMENT PROCEDURES WITHOUT MCC,16,398298.9375,34600.5625,30405.6875
440161,Tristar Centennial Medical Center,Nashville,2300 Patterson Street,47,37203,TN,1.0,"Metropolitan area core: primary flow within an urbanized area of 50,000 and greater",266,ENDOVASCULAR CARDIAC VALVE REPLACEMENT AND SUPPLEMENT PROCEDURES WITH MCC,58,333971.81034,47624.103448,45078.672414
440161,Tristar Centennial Medical Center,Nashville,2300 Patterson Street,47,37203,TN,1.0,"Metropolitan area core: primary flow within an urbanized area of 50,000 and greater",267,ENDOVASCULAR CARDIAC VALVE REPLACEMENT AND SUPPLEMENT PROCEDURES WITHOUT MCC,61,243491.42623,35738.295082,34484.688525
440173,Parkwest Medical Center,Knoxville,9352 Park West Blvd,47,37923,TN,1.0,"Metropolitan area core: primary flow within an urbanized area of 50,000 and greater",266,ENDOVASCULAR CARDIAC VALVE REPLACEMENT AND SUPPLEMENT PROCEDURES WITH MCC,56,244559.10714,44930.714286,38544.482143
440173,Parkwest Medical Center,Knoxville,9352 Park West Blvd,47,37923,TN,1.0,"Metropolitan area core: primary flow within an urbanized area of 50,000 and greater",267,ENDOVASCULAR CARDIAC VALVE REPLACEMENT AND SUPPLEMENT PROCEDURES WITHOUT MCC,114,238142.73684,37287.982456,32547.385965
440183,St Francis Hospital,Memphis,5959 Park Ave,47,38119,TN,1.0,"Metropolitan area core: primary flow within an urbanized area of 50,000 and greater",266,ENDOVASCULAR CARDIAC VALVE REPLACEMENT AND SUPPLEMENT PROCEDURES WITH MCC,15,444147.73333,45658.4,44256.533333
450010,United Regional Health Care System,Wichita Falls,1600 11th Street,48,76301,TX,1.0,"Metropolitan area core: primary flow within an urbanized area of 50,000 and greater",267,ENDOVASCULAR CARDIAC VALVE REPLACEMENT AND SUPPLEMENT PROCEDURES WITHOUT MCC,17,178864.76471,43408.117647,41943.647059
450018,University Of Texas Medical Branch,Galveston,301 University Boulevard,48,77555,TX,4.0,"Micropolitan area core: primary flow within an urban cluster of 10,000 to 49,999",267,ENDOVASCULAR CARDIAC VALVE REPLACEMENT AND SUPPLEMENT PROCEDURES WITHOUT MCC,13,188440.23077,49294.076923,46751.923077
450042,Ascension Providence Depaul,Waco,6901 Medical Parkway,48,76712,TX,1.0,"Metropolitan area core: primary flow within an urbanized area of 50,000 and greater",267,ENDOVASCULAR CARDIAC VALVE REPLACEMENT AND SUPPLEMENT PROCEDURES WITHOUT MCC,21,314869.95238,48317.857143,47044.190476
450044,Ut Southwestern University Hospital,Dallas,6201 Harry Hines Blvd,48,75390,TX,1.0,"Metropolitan area core: primary flow within an urbanized area of 50,000 and greater",266,ENDOVASCULAR CARDIAC VALVE REPLACEMENT AND SUPPLEMENT PROCEDURES WITH MCC,88,226885.25,59354.375,56015.534091
450044,Ut Southwestern University Hospital,Dallas,6201 Harry Hines Blvd,48,75390,TX,1.0,"Metropolitan area core: primary flow within an urbanized area of 50,000 and greater",267,ENDOVASCULAR CARDIAC VALVE REPLACEMENT AND SUPPLEMENT PROCEDURES WITHOUT MCC,59,177532.25424,41502.20339,39749.847458
450051,Methodist Dallas Medical Center,Dallas,1441 North Beckley Avenue,48,75203,TX,1.0,"Metropolitan area core: primary flow within an urbanized area of 50,000 and greater",267,ENDOVASCULAR CARDIAC VALVE REPLACEMENT AND SUPPLEMENT PROCEDURES WITHOUT MCC,12,103933.41667,48876.083333,37633.333333
450054,Baylor Scott & White Medical  Center - Temple,Temple,2401 S  31st St,48,76508,TX,1.0,"Metropolitan area core: primary flow within an urbanized area of 50,000 and greater",266,ENDOVASCULAR CARDIAC VALVE REPLACEMENT AND SUPPLEMENT PROCEDURES WITH MCC,28,202365.60714,54100.821429,52795.892857
450054,Baylor Scott & White Medical  Center - Temple,Temple,2401 S  31st St,48,76508,TX,1.0,"Metropolitan area core: primary flow within an urbanized area of 50,000 and greater",267,ENDOVASCULAR CARDIAC VALVE REPLACEMENT AND SUPPLEMENT PROCEDURES WITHOUT MCC,45,182608.64444,45060.111111,40137.888889
450056,Ascension Seton Medical Center Austin,Austin,1201 W 38th St,48,78705,TX,1.0,"Metropolitan area core: primary flow within an urbanized area of 50,000 and greater",266,ENDOVASCULAR CARDIAC VALVE REPLACEMENT AND SUPPLEMENT PROCEDURES WITH MCC,22,405078.22727,59507.590909,58390.863636
450056,Ascension Seton Medical Center Austin,Austin,1201 W 38th St,48,78705,TX,1.0,"Metropolitan area core: primary flow within an urbanized area of 50,000 and greater",267,ENDOVASCULAR CARDIAC VALVE REPLACEMENT AND SUPPLEMENT PROCEDURES WITHOUT MCC,38,312039.57895,46454.815789,37334.342105
450058,Baptist Medical Center,San Antonio,111 Dallas Street,48,78205,TX,1.0,"Metropolitan area core: primary flow within an urbanized area of 50,000 and greater",266,ENDOVASCULAR CARDIAC VALVE REPLACEMENT AND SUPPLEMENT PROCEDURES WITH MCC,16,493431.9375,51804.3125,40943.125
450058,Baptist Medical Center,San Antonio,111 Dallas Street,48,78205,TX,1.0,"Metropolitan area core: primary flow within an urbanized area of 50,000 and greater",267,ENDOVASCULAR CARDIAC VALVE REPLACEMENT AND SUPPLEMENT PROCEDURES WITHOUT MCC,42,466890.5,38456.857143,33597.238095
450068,Memorial Hermann Texas Medical Center,Houston,6411 Fannin,48,77030,TX,1.0,"Metropolitan area core: primary flow within an urbanized area of 50,000 and greater",266,ENDOVASCULAR CARDIAC VALVE REPLACEMENT AND SUPPLEMENT PROCEDURES WITH MCC,60,292260.88333,70348.316667,61102.733333
450068,Memorial Hermann Texas Medical Center,Houston,6411 Fannin,48,77030,TX,1.0,"Metropolitan area core: primary flow within an urbanized area of 50,000 and greater",267,ENDOVASCULAR CARDIAC VALVE REPLACEMENT AND SUPPLEMENT PROCEDURES WITHOUT MCC,73,180638.36986,48485.178082,43703.739726
450083,Ut Health East Texas Tyler Regional Hospital,Tyler,1000 South Beckham Ave,48,75701,TX,1.0,"Metropolitan area core: primary flow within an urbanized area of 50,000 and greater",267,ENDOVASCULAR CARDIAC VALVE REPLACEMENT AND SUPPLEMENT PROCEDURES WITHOUT MCC,27,218336.37037,36778.148148,35457.925926
450102,Christus Mother Frances Hospital,Tyler,800 East Dawson,48,75701,TX,1.0,"Metropolitan area core: primary flow within an urbanized area of 50,000 and greater",266,ENDOVASCULAR CARDIAC VALVE REPLACEMENT AND SUPPLEMENT PROCEDURES WITH MCC,15,348258.4,44897.133333,43392.333333
450102,Christus Mother Frances Hospital,Tyler,800 East Dawson,48,75701,TX,1.0,"Metropolitan area core: primary flow within an urbanized area of 50,000 and greater",267,ENDOVASCULAR CARDIAC VALVE REPLACEMENT AND SUPPLEMENT PROCEDURES WITHOUT MCC,52,321255.07692,35508.346154,34241.673077
450119,South Texas Health System Behavioral,Edinburg,1102 W Trenton Road,48,78539,TX,1.0,"Metropolitan area core: primary flow within an urbanized area of 50,000 and greater",266,ENDOVASCULAR CARDIAC VALVE REPLACEMENT AND SUPPLEMENT PROCEDURES WITH MCC,25,382290.08,46424.04,45260.08
450135,Texas Health Harris Methodist Fort Worth,Fort Worth,1301 Pennsylvania Avenue,48,76104,TX,1.0,"Metropolitan area core: primary flow within an urbanized area of 50,000 and greater",266,ENDOVASCULAR CARDIAC VALVE REPLACEMENT AND SUPPLEMENT PROCEDURES WITH MCC,36,223308.94444,48375.722222,47028.555556
450135,Texas Health Harris Methodist Fort Worth,Fort Worth,1301 Pennsylvania Avenue,48,76104,TX,1.0,"Metropolitan area core: primary flow within an urbanized area of 50,000 and greater",267,ENDOVASCULAR CARDIAC VALVE REPLACEMENT AND SUPPLEMENT PROCEDURES WITHOUT MCC,102,141664.68627,37753.382353,36975.401961
450137,Baylor Scott And White All Saints Medical Center,Fort Worth,1400 Eighth Ave,48,76104,TX,1.0,"Metropolitan area core: primary flow within an urbanized area of 50,000 and greater",266,ENDOVASCULAR CARDIAC VALVE REPLACEMENT AND SUPPLEMENT PROCEDURES WITH MCC,14,200716.0,49297.285714,47492.642857
450137,Baylor Scott And White All Saints Medical Center,Fort Worth,1400 Eighth Ave,48,76104,TX,1.0,"Metropolitan area core: primary flow within an urbanized area of 50,000 and greater",267,ENDOVASCULAR CARDIAC VALVE REPLACEMENT AND SUPPLEMENT PROCEDURES WITHOUT MCC,66,179861.22727,38621.545455,37392.484848
450184,Memorial Hermann Hospital System,Houston,1635  North Loop West,48,77008,TX,1.0,"Metropolitan area core: primary flow within an urbanized area of 50,000 and greater",266,ENDOVASCULAR CARDIAC VALVE REPLACEMENT AND SUPPLEMENT PROCEDURES WITH MCC,25,173218.6,50451.48,49346.76
450184,Memorial Hermann Hospital System,Houston,1635  North Loop West,48,77008,TX,1.0,"Metropolitan area core: primary flow within an urbanized area of 50,000 and greater",267,ENDOVASCULAR CARDIAC VALVE REPLACEMENT AND SUPPLEMENT PROCEDURES WITHOUT MCC,57,151713.75439,43415.719298,37692.982456
450193,Chi St Luke's Health Baylor College Of Medicine Me,Houston,"6720 Bertner Ave, Ste Mc1-266",48,77030,TX,1.0,"Metropolitan area core: primary flow within an urbanized area of 50,000 and greater",266,ENDOVASCULAR CARDIAC VALVE REPLACEMENT AND SUPPLEMENT PROCEDURES WITH MCC,47,303881.82979,68923.319149,55289.425532
450193,Chi St Luke's Health Baylor College Of Medicine Me,Houston,"6720 Bertner Ave, Ste Mc1-266",48,77030,TX,1.0,"Metropolitan area core: primary flow within an urbanized area of 50,000 and greater",267,ENDOVASCULAR CARDIAC VALVE REPLACEMENT AND SUPPLEMENT PROCEDURES WITHOUT MCC,59,248985.28814,44322.677966,39561.050847
450213,University Health System,San Antonio,4502 Medical Dr,48,78229,TX,1.0,"Metropolitan area core: primary flow within an urbanized area of 50,000 and greater",266,ENDOVASCULAR CARDIAC VALVE REPLACEMENT AND SUPPLEMENT PROCEDURES WITH MCC,15,154883.4,76694.133333,70432.533333
450213,University Health System,San Antonio,4502 Medical Dr,48,78229,TX,1.0,"Metropolitan area core: primary flow within an urbanized area of 50,000 and greater",267,ENDOVASCULAR CARDIAC VALVE REPLACEMENT AND SUPPLEMENT PROCEDURES WITHOUT MCC,28,126358.21429,61293.178571,58140.071429
450229,Hendrick Medical Center,Abilene,1900 Pine,48,79601,TX,1.0,"Metropolitan area core: primary flow within an urbanized area of 50,000 and greater",266,ENDOVASCULAR CARDIAC VALVE REPLACEMENT AND SUPPLEMENT PROCEDURES WITH MCC,26,429908.0,54440.038462,48429.807692
450229,Hendrick Medical Center,Abilene,1900 Pine,48,79601,TX,1.0,"Metropolitan area core: primary flow within an urbanized area of 50,000 and greater",267,ENDOVASCULAR CARDIAC VALVE REPLACEMENT AND SUPPLEMENT PROCEDURES WITHOUT MCC,39,409132.33333,40211.820513,38880.820513
450231,Baptist St Anthony's Hospital,Amarillo,1600 Wallace Blvd,48,79106,TX,1.0,"Metropolitan area core: primary flow within an urbanized area of 50,000 and greater",266,ENDOVASCULAR CARDIAC VALVE REPLACEMENT AND SUPPLEMENT PROCEDURES WITH MCC,14,215041.92857,42492.857143,41001.142857
450231,Baptist St Anthony's Hospital,Amarillo,1600 Wallace Blvd,48,79106,TX,1.0,"Metropolitan area core: primary flow within an urbanized area of 50,000 and greater",267,ENDOVASCULAR CARDIAC VALVE REPLACEMENT AND SUPPLEMENT PROCEDURES WITHOUT MCC,34,199451.20588,37365.911765,29532.117647
450346,Baptist Beaumont Hospital,Beaumont,3080 College Street,48,77701,TX,1.0,"Metropolitan area core: primary flow within an urbanized area of 50,000 and greater",267,ENDOVASCULAR CARDIAC VALVE REPLACEMENT AND SUPPLEMENT PROCEDURES WITHOUT MCC,21,248793.95238,38965.571429,37604.761905
450358,Houston Methodist Hospital,Houston,6565 Fannin,48,77030,TX,1.0,"Metropolitan area core: primary flow within an urbanized area of 50,000 and greater",266,ENDOVASCULAR CARDIAC VALVE REPLACEMENT AND SUPPLEMENT PROCEDURES WITH MCC,67,352104.31343,57985.716418,51056.149254
450358,Houston Methodist Hospital,Houston,6565 Fannin,48,77030,TX,1.0,"Metropolitan area core: primary flow within an urbanized area of 50,000 and greater",267,ENDOVASCULAR CARDIAC VALVE REPLACEMENT AND SUPPLEMENT PROCEDURES WITHOUT MCC,103,311505.31068,44883.223301,39466.747573
450388,Methodist Hospital,San Antonio,7700 Floyd Curl Dr,48,78229,TX,1.0,"Metropolitan area core: primary flow within an urbanized area of 50,000 and greater",266,ENDOVASCULAR CARDIAC VALVE REPLACEMENT AND SUPPLEMENT PROCEDURES WITH MCC,114,558821.36842,52137.885965,45547.377193
450388,Methodist Hospital,San Antonio,7700 Floyd Curl Dr,48,78229,TX,1.0,"Metropolitan area core: primary flow within an urbanized area of 50,000 and greater",267,ENDOVASCULAR CARDIAC VALVE REPLACEMENT AND SUPPLEMENT PROCEDURES WITHOUT MCC,121,513005.85124,38683.694215,35227.561983
450431,St David's Medical Center,Austin,919 E 32nd St,48,78705,TX,1.0,"Metropolitan area core: primary flow within an urbanized area of 50,000 and greater",266,ENDOVASCULAR CARDIAC VALVE REPLACEMENT AND SUPPLEMENT PROCEDURES WITH MCC,224,355089.77232,47819.035714,45472.03125
450431,St David's Medical Center,Austin,919 E 32nd St,48,78705,TX,1.0,"Metropolitan area core: primary flow within an urbanized area of 50,000 and greater",267,ENDOVASCULAR CARDIAC VALVE REPLACEMENT AND SUPPLEMENT PROCEDURES WITHOUT MCC,12,405247.75,37094.666667,36446.333333
450462,Texas Health Presbyterian Hospital  Dallas,Dallas,8200 Walnut Hill Lane,48,75231,TX,1.0,"Metropolitan area core: primary flow within an urbanized area of 50,000 and greater",266,ENDOVASCULAR CARDIAC VALVE REPLACEMENT AND SUPPLEMENT PROCEDURES WITH MCC,33,183328.54545,50414.181818,49676.848485
450462,Texas Health Presbyterian Hospital  Dallas,Dallas,8200 Walnut Hill Lane,48,75231,TX,1.0,"Metropolitan area core: primary flow within an urbanized area of 50,000 and greater",267,ENDOVASCULAR CARDIAC VALVE REPLACEMENT AND SUPPLEMENT PROCEDURES WITHOUT MCC,125,131675.768,39103.12,38353.6
450571,Shannon Medical Center,San Angelo,120 E Harris Ave.,48,76903,TX,1.0,"Metropolitan area core: primary flow within an urbanized area of 50,000 and greater",267,ENDOVASCULAR CARDIAC VALVE REPLACEMENT AND SUPPLEMENT PROCEDURES WITHOUT MCC,15,191835.4,34516.666667,33162.866667
450610,Memorial Hermann Memorial City Medical Center,Houston,921 Gessner,48,77024,TX,1.0,"Metropolitan area core: primary flow within an urbanized area of 50,000 and greater",266,ENDOVASCULAR CARDIAC VALVE REPLACEMENT AND SUPPLEMENT PROCEDURES WITH MCC,48,146692.54167,52384.729167,45075.833333
450610,Memorial Hermann Memorial City Medical Center,Houston,921 Gessner,48,77024,TX,1.0,"Metropolitan area core: primary flow within an urbanized area of 50,000 and greater",267,ENDOVASCULAR CARDIAC VALVE REPLACEMENT AND SUPPLEMENT PROCEDURES WITHOUT MCC,25,125125.24,38411.68,37208.48
450617,Hca Houston Healthcare Clear Lake,Webster,500 Medical Center Blvd,48,77598,TX,1.0,"Metropolitan area core: primary flow within an urbanized area of 50,000 and greater",266,ENDOVASCULAR CARDIAC VALVE REPLACEMENT AND SUPPLEMENT PROCEDURES WITH MCC,20,396358.8,48850.1,41269.75
450617,Hca Houston Healthcare Clear Lake,Webster,500 Medical Center Blvd,48,77598,TX,1.0,"Metropolitan area core: primary flow within an urbanized area of 50,000 and greater",267,ENDOVASCULAR CARDIAC VALVE REPLACEMENT AND SUPPLEMENT PROCEDURES WITHOUT MCC,30,343628.46667,44265.5,31553.066667
450647,Medical City Dallas,Dallas,7777 Forest Lane,48,75230,TX,1.0,"Metropolitan area core: primary flow within an urbanized area of 50,000 and greater",266,ENDOVASCULAR CARDIAC VALVE REPLACEMENT AND SUPPLEMENT PROCEDURES WITH MCC,45,614502.11111,49921.111111,48510.2
450659,Hca Houston Healthcare Medical Center,Houston,1313 Hermann Dr,48,77004,TX,1.0,"Metropolitan area core: primary flow within an urbanized area of 50,000 and greater",266,ENDOVASCULAR CARDIAC VALVE REPLACEMENT AND SUPPLEMENT PROCEDURES WITH MCC,34,448430.14706,48414.588235,47817.058824
450659,Hca Houston Healthcare Medical Center,Houston,1313 Hermann Dr,48,77004,TX,1.0,"Metropolitan area core: primary flow within an urbanized area of 50,000 and greater",267,ENDOVASCULAR CARDIAC VALVE REPLACEMENT AND SUPPLEMENT PROCEDURES WITHOUT MCC,40,325847.575,39285.525,35104.55
450668,Sierra Medical Center,El Paso,1625 Medical Center Dr,48,79902,TX,1.0,"Metropolitan area core: primary flow within an urbanized area of 50,000 and greater",266,ENDOVASCULAR CARDIAC VALVE REPLACEMENT AND SUPPLEMENT PROCEDURES WITH MCC,32,622589.4375,44184.0625,43017.0625
450672,Medical City Fort Worth,Fort Worth,900 Eighth Avenue,48,76104,TX,1.0,"Metropolitan area core: primary flow within an urbanized area of 50,000 and greater",267,ENDOVASCULAR CARDIAC VALVE REPLACEMENT AND SUPPLEMENT PROCEDURES WITHOUT MCC,19,645893.68421,42597.947368,40616.526316
450686,University Medical Center,Lubbock,602 Indiana Avenue,48,79415,TX,1.0,"Metropolitan area core: primary flow within an urbanized area of 50,000 and greater",267,ENDOVASCULAR CARDIAC VALVE REPLACEMENT AND SUPPLEMENT PROCEDURES WITHOUT MCC,17,258520.94118,43087.117647,42121.411765
450702,Longview Regional Medical Center,Longview,2901 N Fourth St,48,75605,TX,1.0,"Metropolitan area core: primary flow within an urbanized area of 50,000 and greater",266,ENDOVASCULAR CARDIAC VALVE REPLACEMENT AND SUPPLEMENT PROCEDURES WITH MCC,36,418707.13889,44166.083333,42912.638889
450702,Longview Regional Medical Center,Longview,2901 N Fourth St,48,75605,TX,1.0,"Metropolitan area core: primary flow within an urbanized area of 50,000 and greater",267,ENDOVASCULAR CARDIAC VALVE REPLACEMENT AND SUPPLEMENT PROCEDURES WITHOUT MCC,20,379753.05,34352.15,32951.75
450713,St David's South Austin Medical Center,Austin,901 West Ben White Blvd,48,78704,TX,1.0,"Metropolitan area core: primary flow within an urbanized area of 50,000 and greater",266,ENDOVASCULAR CARDIAC VALVE REPLACEMENT AND SUPPLEMENT PROCEDURES WITH MCC,22,638979.5,53126.5,44736.954545
450713,St David's South Austin Medical Center,Austin,901 West Ben White Blvd,48,78704,TX,1.0,"Metropolitan area core: primary flow within an urbanized area of 50,000 and greater",267,ENDOVASCULAR CARDIAC VALVE REPLACEMENT AND SUPPLEMENT PROCEDURES WITHOUT MCC,40,582952.7,42087.675,34133.025
450775,Hca Houston Healthcare Kingwood,Kingwood,22999 Us Hwy 59,48,77325,TX,1.0,"Metropolitan area core: primary flow within an urbanized area of 50,000 and greater",267,ENDOVASCULAR CARDIAC VALVE REPLACEMENT AND SUPPLEMENT PROCEDURES WITHOUT MCC,11,365628.54545,45060.181818,35267.545455
450788,"Corpus Christi Medical Center,the",Corpus Christi,6629 Woodridge Road,48,78414,TX,1.0,"Metropolitan area core: primary flow within an urbanized area of 50,000 and greater",267,ENDOVASCULAR CARDIAC VALVE REPLACEMENT AND SUPPLEMENT PROCEDURES WITHOUT MCC,23,362399.17391,39228.521739,37829.478261
450801,Christus St Michael Health System,Texarkana,2600 St Michael Dr,48,75503,TX,1.0,"Metropolitan area core: primary flow within an urbanized area of 50,000 and greater",267,ENDOVASCULAR CARDIAC VALVE REPLACEMENT AND SUPPLEMENT PROCEDURES WITHOUT MCC,12,292607.08333,36633.583333,35564.333333
450820,Houston Methodist Sugarland Hospital,Sugar Land,16655 Southwest Freeway,48,77479,TX,1.0,"Metropolitan area core: primary flow within an urbanized area of 50,000 and greater",267,ENDOVASCULAR CARDIAC VALVE REPLACEMENT AND SUPPLEMENT PROCEDURES WITHOUT MCC,13,338673.76923,38336.538462,37259.384615
450851,Baylor Scott And White Heart And Vascular Hospital,Dallas,621 North Hall Street,48,75226,TX,1.0,"Metropolitan area core: primary flow within an urbanized area of 50,000 and greater",266,ENDOVASCULAR CARDIAC VALVE REPLACEMENT AND SUPPLEMENT PROCEDURES WITH MCC,41,202325.65854,45607.756098,44886.707317
450851,Baylor Scott And White Heart And Vascular Hospital,Dallas,621 North Hall Street,48,75226,TX,1.0,"Metropolitan area core: primary flow within an urbanized area of 50,000 and greater",267,ENDOVASCULAR CARDIAC VALVE REPLACEMENT AND SUPPLEMENT PROCEDURES WITHOUT MCC,110,189856.37273,37139.954545,35412.536364
450862,St Luke's The Woodlands Hospital,The Woodlands,17200 St Luke's Way,48,77384,TX,1.1,"Secondary flow 30% to <50% to a larger urbanized area of 50,000 and greater",266,ENDOVASCULAR CARDIAC VALVE REPLACEMENT AND SUPPLEMENT PROCEDURES WITH MCC,18,251825.88889,44892.611111,43768.833333
450862,St Luke's The Woodlands Hospital,The Woodlands,17200 St Luke's Way,48,77384,TX,1.1,"Secondary flow 30% to <50% to a larger urbanized area of 50,000 and greater",267,ENDOVASCULAR CARDIAC VALVE REPLACEMENT AND SUPPLEMENT PROCEDURES WITHOUT MCC,16,252493.75,36254.0,34989.75
450869,Doctors Hospital At Renaissance,Edinburg,5501 South Mccoll,48,78539,TX,1.0,"Metropolitan area core: primary flow within an urbanized area of 50,000 and greater",266,ENDOVASCULAR CARDIAC VALVE REPLACEMENT AND SUPPLEMENT PROCEDURES WITH MCC,11,203335.36364,54020.090909,49717.545455
450869,Doctors Hospital At Renaissance,Edinburg,5501 South Mccoll,48,78539,TX,1.0,"Metropolitan area core: primary flow within an urbanized area of 50,000 and greater",267,ENDOVASCULAR CARDIAC VALVE REPLACEMENT AND SUPPLEMENT PROCEDURES WITHOUT MCC,11,167089.18182,46687.636364,35399.454545
450876,Lubbock Heart Hospital Lp,Lubbock,4810 North Loop 289,48,79416,TX,1.0,"Metropolitan area core: primary flow within an urbanized area of 50,000 and greater",266,ENDOVASCULAR CARDIAC VALVE REPLACEMENT AND SUPPLEMENT PROCEDURES WITH MCC,19,314935.89474,60274.947368,59292.421053
450876,Lubbock Heart Hospital Lp,Lubbock,4810 North Loop 289,48,79416,TX,1.0,"Metropolitan area core: primary flow within an urbanized area of 50,000 and greater",267,ENDOVASCULAR CARDIAC VALVE REPLACEMENT AND SUPPLEMENT PROCEDURES WITHOUT MCC,17,272430.0,49733.882353,45257.235294
460001,Utah Valley Hospital,Provo,1034 North 500 West,49,84604,UT,1.0,"Metropolitan area core: primary flow within an urbanized area of 50,000 and greater",266,ENDOVASCULAR CARDIAC VALVE REPLACEMENT AND SUPPLEMENT PROCEDURES WITH MCC,44,131225.81818,48616.704545,47455.113636
460001,Utah Valley Hospital,Provo,1034 North 500 West,49,84604,UT,1.0,"Metropolitan area core: primary flow within an urbanized area of 50,000 and greater",267,ENDOVASCULAR CARDIAC VALVE REPLACEMENT AND SUPPLEMENT PROCEDURES WITHOUT MCC,24,129815.08333,38894.5,37770.166667
460004,Mckay Dee Hospital,Ogden,4401 Harrison Boulevard,49,84403,UT,1.0,"Metropolitan area core: primary flow within an urbanized area of 50,000 and greater",266,ENDOVASCULAR CARDIAC VALVE REPLACEMENT AND SUPPLEMENT PROCEDURES WITH MCC,22,140265.68182,50854.0,46033.363636
460004,Mckay Dee Hospital,Ogden,4401 Harrison Boulevard,49,84403,UT,1.0,"Metropolitan area core: primary flow within an urbanized area of 50,000 and greater",267,ENDOVASCULAR CARDIAC VALVE REPLACEMENT AND SUPPLEMENT PROCEDURES WITHOUT MCC,14,125739.21429,39687.071429,38439.0
460009,University Of Utah Hospitals And Clinics,Salt Lake City,50 North Medical Drive,49,84132,UT,1.0,"Metropolitan area core: primary flow within an urbanized area of 50,000 and greater",266,ENDOVASCULAR CARDIAC VALVE REPLACEMENT AND SUPPLEMENT PROCEDURES WITH MCC,19,184758.15789,66825.947368,61952.157895
460009,University Of Utah Hospitals And Clinics,Salt Lake City,50 North Medical Drive,49,84132,UT,1.0,"Metropolitan area core: primary flow within an urbanized area of 50,000 and greater",267,ENDOVASCULAR CARDIAC VALVE REPLACEMENT AND SUPPLEMENT PROCEDURES WITHOUT MCC,58,141230.34483,50669.948276,45867.172414
460010,Intermountain Medical Center,Murray,5121 South Cottonwood Street,49,84107,UT,1.0,"Metropolitan area core: primary flow within an urbanized area of 50,000 and greater",266,ENDOVASCULAR CARDIAC VALVE REPLACEMENT AND SUPPLEMENT PROCEDURES WITH MCC,63,176186.11111,59185.634921,50174.063492
460010,Intermountain Medical Center,Murray,5121 South Cottonwood Street,49,84107,UT,1.0,"Metropolitan area core: primary flow within an urbanized area of 50,000 and greater",267,ENDOVASCULAR CARDIAC VALVE REPLACEMENT AND SUPPLEMENT PROCEDURES WITHOUT MCC,121,118679.78512,42967.0,39606.355372
460021,St George Regional Hospital,St George,1380 East Medical Center Drive,49,84790,UT,1.0,"Metropolitan area core: primary flow within an urbanized area of 50,000 and greater",266,ENDOVASCULAR CARDIAC VALVE REPLACEMENT AND SUPPLEMENT PROCEDURES WITH MCC,13,157691.07692,53161.923077,52084.615385
460021,St George Regional Hospital,St George,1380 East Medical Center Drive,49,84790,UT,1.0,"Metropolitan area core: primary flow within an urbanized area of 50,000 and greater",267,ENDOVASCULAR CARDIAC VALVE REPLACEMENT AND SUPPLEMENT PROCEDURES WITHOUT MCC,87,114120.5977,41285.701149,40105.275862
460047,St Mark's Hospital,Salt Lake City,1200 East 3900 South,49,84124,UT,1.0,"Metropolitan area core: primary flow within an urbanized area of 50,000 and greater",266,ENDOVASCULAR CARDIAC VALVE REPLACEMENT AND SUPPLEMENT PROCEDURES WITH MCC,17,359758.52941,62848.176471,40300.588235
460047,St Mark's Hospital,Salt Lake City,1200 East 3900 South,49,84124,UT,1.0,"Metropolitan area core: primary flow within an urbanized area of 50,000 and greater",267,ENDOVASCULAR CARDIAC VALVE REPLACEMENT AND SUPPLEMENT PROCEDURES WITHOUT MCC,63,223288.34921,39409.285714,36781.714286
470003,University Of Vermont Medical Center,Burlington,111 Colchester Ave,50,5401,VT,1.0,"Metropolitan area core: primary flow within an urbanized area of 50,000 and greater",266,ENDOVASCULAR CARDIAC VALVE REPLACEMENT AND SUPPLEMENT PROCEDURES WITH MCC,51,202371.78431,42308.254902,37597.823529
470003,University Of Vermont Medical Center,Burlington,111 Colchester Ave,50,5401,VT,1.0,"Metropolitan area core: primary flow within an urbanized area of 50,000 and greater",267,ENDOVASCULAR CARDIAC VALVE REPLACEMENT AND SUPPLEMENT PROCEDURES WITHOUT MCC,150,147194.4,35985.666667,31117.32
490004,Sentara Rmh Medical Center,Harrisonburg,2010 Health Campus Drive,51,22801,VA,1.0,"Metropolitan area core: primary flow within an urbanized area of 50,000 and greater",266,ENDOVASCULAR CARDIAC VALVE REPLACEMENT AND SUPPLEMENT PROCEDURES WITH MCC,24,104684.95833,54699.166667,53691.666667
490004,Sentara Rmh Medical Center,Harrisonburg,2010 Health Campus Drive,51,22801,VA,1.0,"Metropolitan area core: primary flow within an urbanized area of 50,000 and greater",267,ENDOVASCULAR CARDIAC VALVE REPLACEMENT AND SUPPLEMENT PROCEDURES WITHOUT MCC,42,93902.047619,43306.761905,42077.452381
490005,Winchester Medical Center,Winchester,1840 Amherst St,51,22601,VA,1.0,"Metropolitan area core: primary flow within an urbanized area of 50,000 and greater",267,ENDOVASCULAR CARDIAC VALVE REPLACEMENT AND SUPPLEMENT PROCEDURES WITHOUT MCC,79,166449.97468,44400.607595,40094.240506
490007,Sentara Norfolk General Hospital,Norfolk,600 Gresham Dr,51,23507,VA,1.0,"Metropolitan area core: primary flow within an urbanized area of 50,000 and greater",266,ENDOVASCULAR CARDIAC VALVE REPLACEMENT AND SUPPLEMENT PROCEDURES WITH MCC,114,190700.58772,55803.096491,52098.429825
490007,Sentara Norfolk General Hospital,Norfolk,600 Gresham Dr,51,23507,VA,1.0,"Metropolitan area core: primary flow within an urbanized area of 50,000 and greater",267,ENDOVASCULAR CARDIAC VALVE REPLACEMENT AND SUPPLEMENT PROCEDURES WITHOUT MCC,430,106515.47674,42359.423256,39263.972093
490009,University Of Virginia Medical Center,Charlottesville,1215 Lee Street,51,22908,VA,1.0,"Metropolitan area core: primary flow within an urbanized area of 50,000 and greater",266,ENDOVASCULAR CARDIAC VALVE REPLACEMENT AND SUPPLEMENT PROCEDURES WITH MCC,145,191098.2,71900.37931,65954.0
490009,University Of Virginia Medical Center,Charlottesville,1215 Lee Street,51,22908,VA,1.0,"Metropolitan area core: primary flow within an urbanized area of 50,000 and greater",267,ENDOVASCULAR CARDIAC VALVE REPLACEMENT AND SUPPLEMENT PROCEDURES WITHOUT MCC,74,168555.72973,57663.175676,50627.918919
490021,"Centra  Health, Inc",Lynchburg,1901 Tate Springs Road,51,24501,VA,1.0,"Metropolitan area core: primary flow within an urbanized area of 50,000 and greater",266,ENDOVASCULAR CARDIAC VALVE REPLACEMENT AND SUPPLEMENT PROCEDURES WITH MCC,29,177510.89655,47730.0,46307.586207
490021,"Centra  Health, Inc",Lynchburg,1901 Tate Springs Road,51,24501,VA,1.0,"Metropolitan area core: primary flow within an urbanized area of 50,000 and greater",267,ENDOVASCULAR CARDIAC VALVE REPLACEMENT AND SUPPLEMENT PROCEDURES WITHOUT MCC,106,131939.07547,37241.169811,35821.273585
490022,"Mary Washington Hospital, Inc",Fredericksburg,1001 Sam Perry Boulevard,51,22401,VA,1.1,"Secondary flow 30% to <50% to a larger urbanized area of 50,000 and greater",266,ENDOVASCULAR CARDIAC VALVE REPLACEMENT AND SUPPLEMENT PROCEDURES WITH MCC,62,181897.91935,48269.983871,45282.290323
490022,"Mary Washington Hospital, Inc",Fredericksburg,1001 Sam Perry Boulevard,51,22401,VA,1.1,"Secondary flow 30% to <50% to a larger urbanized area of 50,000 and greater",267,ENDOVASCULAR CARDIAC VALVE REPLACEMENT AND SUPPLEMENT PROCEDURES WITHOUT MCC,19,179507.78947,37435.052632,35926.263158
490024,Carilion Roanoke Memorial Hospital,Roanoke,"1906 Belleview Avenue, Se",51,24014,VA,1.0,"Metropolitan area core: primary flow within an urbanized area of 50,000 and greater",266,ENDOVASCULAR CARDIAC VALVE REPLACEMENT AND SUPPLEMENT PROCEDURES WITH MCC,38,220480.86842,56028.526316,46511.894737
490024,Carilion Roanoke Memorial Hospital,Roanoke,"1906 Belleview Avenue, Se",51,24014,VA,1.0,"Metropolitan area core: primary flow within an urbanized area of 50,000 and greater",267,ENDOVASCULAR CARDIAC VALVE REPLACEMENT AND SUPPLEMENT PROCEDURES WITHOUT MCC,105,164108.85714,39907.419048,35263.057143
490032,Medical College Of Virginia Hospitals,Richmond,Post Office Box 980510   1250 East Marshall Street,51,23298,VA,1.0,"Metropolitan area core: primary flow within an urbanized area of 50,000 and greater",266,ENDOVASCULAR CARDIAC VALVE REPLACEMENT AND SUPPLEMENT PROCEDURES WITH MCC,19,264822.31579,70244.842105,61869.368421
490032,Medical College Of Virginia Hospitals,Richmond,Post Office Box 980510   1250 East Marshall Street,51,23298,VA,1.0,"Metropolitan area core: primary flow within an urbanized area of 50,000 and greater",267,ENDOVASCULAR CARDIAC VALVE REPLACEMENT AND SUPPLEMENT PROCEDURES WITHOUT MCC,83,141415.55422,47595.939759,43884.493976
490048,Lewisgale Medical Center,Salem,1900 Electric Road,51,24153,VA,1.0,"Metropolitan area core: primary flow within an urbanized area of 50,000 and greater",267,ENDOVASCULAR CARDIAC VALVE REPLACEMENT AND SUPPLEMENT PROCEDURES WITHOUT MCC,18,480850.88889,38260.555556,37102.0
490050,Virginia Hospital Center,Arlington,1701 North George Mason Drive,51,22205,VA,1.0,"Metropolitan area core: primary flow within an urbanized area of 50,000 and greater",266,ENDOVASCULAR CARDIAC VALVE REPLACEMENT AND SUPPLEMENT PROCEDURES WITH MCC,22,277354.54545,53838.5,52503.409091
490050,Virginia Hospital Center,Arlington,1701 North George Mason Drive,51,22205,VA,1.0,"Metropolitan area core: primary flow within an urbanized area of 50,000 and greater",267,ENDOVASCULAR CARDIAC VALVE REPLACEMENT AND SUPPLEMENT PROCEDURES WITHOUT MCC,14,250014.5,44858.357143,43562.142857
490059,Bon Secours St Marys Hospital,Richmond,5801 Bremo Rd,51,23226,VA,1.0,"Metropolitan area core: primary flow within an urbanized area of 50,000 and greater",266,ENDOVASCULAR CARDIAC VALVE REPLACEMENT AND SUPPLEMENT PROCEDURES WITH MCC,23,293741.04348,50351.913043,49179.782609
490059,Bon Secours St Marys Hospital,Richmond,5801 Bremo Rd,51,23226,VA,1.0,"Metropolitan area core: primary flow within an urbanized area of 50,000 and greater",267,ENDOVASCULAR CARDIAC VALVE REPLACEMENT AND SUPPLEMENT PROCEDURES WITHOUT MCC,20,257636.05,40208.1,38820.1
490063,Inova Fairfax Hospital,Falls Church,3300 Gallows Road,51,22042,VA,1.0,"Metropolitan area core: primary flow within an urbanized area of 50,000 and greater",266,ENDOVASCULAR CARDIAC VALVE REPLACEMENT AND SUPPLEMENT PROCEDURES WITH MCC,103,167235.18447,63777.990291,55993.893204
490063,Inova Fairfax Hospital,Falls Church,3300 Gallows Road,51,22042,VA,1.0,"Metropolitan area core: primary flow within an urbanized area of 50,000 and greater",267,ENDOVASCULAR CARDIAC VALVE REPLACEMENT AND SUPPLEMENT PROCEDURES WITHOUT MCC,223,132049.90583,46375.255605,39351.901345
490069,Bon Secours Memorial Regional Medical Center,Mechanicsville,8260 Atlee Road,51,23116,VA,1.0,"Metropolitan area core: primary flow within an urbanized area of 50,000 and greater",267,ENDOVASCULAR CARDIAC VALVE REPLACEMENT AND SUPPLEMENT PROCEDURES WITHOUT MCC,29,233364.41379,36976.034483,35423.862069
490112,Cjw Medical Center,Richmond,7101 Jahnke Road,51,23235,VA,1.0,"Metropolitan area core: primary flow within an urbanized area of 50,000 and greater",266,ENDOVASCULAR CARDIAC VALVE REPLACEMENT AND SUPPLEMENT PROCEDURES WITH MCC,27,661060.74074,51284.333333,41610.666667
490112,Cjw Medical Center,Richmond,7101 Jahnke Road,51,23235,VA,1.0,"Metropolitan area core: primary flow within an urbanized area of 50,000 and greater",267,ENDOVASCULAR CARDIAC VALVE REPLACEMENT AND SUPPLEMENT PROCEDURES WITHOUT MCC,60,517958.71667,36838.383333,33751.333333
490118,Henrico Doctors' Hospital,Richmond,1602 Skipwith Road,51,23229,VA,1.0,"Metropolitan area core: primary flow within an urbanized area of 50,000 and greater",266,ENDOVASCULAR CARDIAC VALVE REPLACEMENT AND SUPPLEMENT PROCEDURES WITH MCC,30,557815.16667,53974.466667,41325.066667
490118,Henrico Doctors' Hospital,Richmond,1602 Skipwith Road,51,23229,VA,1.0,"Metropolitan area core: primary flow within an urbanized area of 50,000 and greater",267,ENDOVASCULAR CARDIAC VALVE REPLACEMENT AND SUPPLEMENT PROCEDURES WITHOUT MCC,37,500341.02703,35711.27027,34151.297297
500005,Virginia Mason Medical Center,Seattle,925 Seneca St,53,98101,WA,1.0,"Metropolitan area core: primary flow within an urbanized area of 50,000 and greater",266,ENDOVASCULAR CARDIAC VALVE REPLACEMENT AND SUPPLEMENT PROCEDURES WITH MCC,46,179859.41304,68444.695652,62973.695652
500005,Virginia Mason Medical Center,Seattle,925 Seneca St,53,98101,WA,1.0,"Metropolitan area core: primary flow within an urbanized area of 50,000 and greater",267,ENDOVASCULAR CARDIAC VALVE REPLACEMENT AND SUPPLEMENT PROCEDURES WITHOUT MCC,101,183107.63366,54156.326733,46950.217822
500008,University Of Washington Medical Ctr,Seattle,1959 Ne Pacific St  Box 356151,53,98195,WA,1.0,"Metropolitan area core: primary flow within an urbanized area of 50,000 and greater",266,ENDOVASCULAR CARDIAC VALVE REPLACEMENT AND SUPPLEMENT PROCEDURES WITH MCC,101,289374.0,82988.475248,72840.306931
500008,University Of Washington Medical Ctr,Seattle,1959 Ne Pacific St  Box 356151,53,98195,WA,1.0,"Metropolitan area core: primary flow within an urbanized area of 50,000 and greater",267,ENDOVASCULAR CARDIAC VALVE REPLACEMENT AND SUPPLEMENT PROCEDURES WITHOUT MCC,229,170656.77293,53343.724891,50842.091703
500014,Providence Regional Medical Center Everett,Everett,1321 Colby Avenue,53,98201,WA,1.0,"Metropolitan area core: primary flow within an urbanized area of 50,000 and greater",266,ENDOVASCULAR CARDIAC VALVE REPLACEMENT AND SUPPLEMENT PROCEDURES WITH MCC,47,167874.87234,54352.446809,53073.638298
500014,Providence Regional Medical Center Everett,Everett,1321 Colby Avenue,53,98201,WA,1.0,"Metropolitan area core: primary flow within an urbanized area of 50,000 and greater",267,ENDOVASCULAR CARDIAC VALVE REPLACEMENT AND SUPPLEMENT PROCEDURES WITHOUT MCC,29,164989.2069,43410.103448,40040.310345
500016,Central Washington Hospital,Wenatchee,1201 South Miller Street,53,98807,WA,1.0,"Metropolitan area core: primary flow within an urbanized area of 50,000 and greater",267,ENDOVASCULAR CARDIAC VALVE REPLACEMENT AND SUPPLEMENT PROCEDURES WITHOUT MCC,34,125127.55882,42753.352941,37899.411765
500024,Providence St Peter Hospital,Olympia,413 Lilly Road Ne,53,98506,WA,1.0,"Metropolitan area core: primary flow within an urbanized area of 50,000 and greater",266,ENDOVASCULAR CARDIAC VALVE REPLACEMENT AND SUPPLEMENT PROCEDURES WITH MCC,65,173758.30769,57836.461538,51654.215385
500024,Providence St Peter Hospital,Olympia,413 Lilly Road Ne,53,98506,WA,1.0,"Metropolitan area core: primary flow within an urbanized area of 50,000 and greater",267,ENDOVASCULAR CARDIAC VALVE REPLACEMENT AND SUPPLEMENT PROCEDURES WITHOUT MCC,35,162815.22857,45340.2,40815.914286
500025,Swedish Medical Center / Cherry Hill,Seattle,500 17th Avenue,53,98122,WA,1.0,"Metropolitan area core: primary flow within an urbanized area of 50,000 and greater",266,ENDOVASCULAR CARDIAC VALVE REPLACEMENT AND SUPPLEMENT PROCEDURES WITH MCC,163,263617.64417,60968.306748,57436.871166
500025,Swedish Medical Center / Cherry Hill,Seattle,500 17th Avenue,53,98122,WA,1.0,"Metropolitan area core: primary flow within an urbanized area of 50,000 and greater",267,ENDOVASCULAR CARDIAC VALVE REPLACEMENT AND SUPPLEMENT PROCEDURES WITHOUT MCC,19,221398.57895,47142.052632,42873.421053
500030,St Joseph Hospital,Bellingham,2901 Squalicum Parkway,53,98225,WA,1.0,"Metropolitan area core: primary flow within an urbanized area of 50,000 and greater",266,ENDOVASCULAR CARDIAC VALVE REPLACEMENT AND SUPPLEMENT PROCEDURES WITH MCC,16,164971.4375,64810.6875,56010.3125
500030,St Joseph Hospital,Bellingham,2901 Squalicum Parkway,53,98225,WA,1.0,"Metropolitan area core: primary flow within an urbanized area of 50,000 and greater",267,ENDOVASCULAR CARDIAC VALVE REPLACEMENT AND SUPPLEMENT PROCEDURES WITHOUT MCC,37,116278.78378,47844.0,46414.162162
500039,Harrison Memorial Hospital,Bremerton,2520 Cherry Avenue,53,98310,WA,1.0,"Metropolitan area core: primary flow within an urbanized area of 50,000 and greater",266,ENDOVASCULAR CARDIAC VALVE REPLACEMENT AND SUPPLEMENT PROCEDURES WITH MCC,35,515171.57143,88589.771429,87385.657143
500039,Harrison Memorial Hospital,Bremerton,2520 Cherry Avenue,53,98310,WA,1.0,"Metropolitan area core: primary flow within an urbanized area of 50,000 and greater",267,ENDOVASCULAR CARDIAC VALVE REPLACEMENT AND SUPPLEMENT PROCEDURES WITHOUT MCC,110,342361.88182,50649.045455,49412.481818
500044,Multicare Deaconess Hospital,Spokane,W 800 Fifth Avenue,53,99210,WA,1.0,"Metropolitan area core: primary flow within an urbanized area of 50,000 and greater",266,ENDOVASCULAR CARDIAC VALVE REPLACEMENT AND SUPPLEMENT PROCEDURES WITH MCC,41,173919.95122,51823.609756,50457.390244
500044,Multicare Deaconess Hospital,Spokane,W 800 Fifth Avenue,53,99210,WA,1.0,"Metropolitan area core: primary flow within an urbanized area of 50,000 and greater",267,ENDOVASCULAR CARDIAC VALVE REPLACEMENT AND SUPPLEMENT PROCEDURES WITHOUT MCC,34,145463.55882,42812.852941,38735.294118
500050,Peacehealth Southwest Medical Cente,Vancouver,400 Ne Mother Joseph Place,53,98668,WA,1.0,"Metropolitan area core: primary flow within an urbanized area of 50,000 and greater",266,ENDOVASCULAR CARDIAC VALVE REPLACEMENT AND SUPPLEMENT PROCEDURES WITH MCC,44,168170.45455,62382.613636,51121.659091
500050,Peacehealth Southwest Medical Cente,Vancouver,400 Ne Mother Joseph Place,53,98668,WA,1.0,"Metropolitan area core: primary flow within an urbanized area of 50,000 and greater",267,ENDOVASCULAR CARDIAC VALVE REPLACEMENT AND SUPPLEMENT PROCEDURES WITHOUT MCC,24,151402.375,44028.5,42703.25
500051,Overlake Hospital Medical Center,Bellevue,1035-116th Ave Ne,53,98004,WA,1.0,"Metropolitan area core: primary flow within an urbanized area of 50,000 and greater",266,ENDOVASCULAR CARDIAC VALVE REPLACEMENT AND SUPPLEMENT PROCEDURES WITH MCC,16,204072.5625,58362.25,48765.0
500051,Overlake Hospital Medical Center,Bellevue,1035-116th Ave Ne,53,98004,WA,1.0,"Metropolitan area core: primary flow within an urbanized area of 50,000 and greater",267,ENDOVASCULAR CARDIAC VALVE REPLACEMENT AND SUPPLEMENT PROCEDURES WITHOUT MCC,30,179931.2,43655.4,38382.333333
500054,Prov Sacred Hrt Med Ctr & Childs Hosp.,Spokane,101 West 8th Avenue,53,99204,WA,1.0,"Metropolitan area core: primary flow within an urbanized area of 50,000 and greater",266,ENDOVASCULAR CARDIAC VALVE REPLACEMENT AND SUPPLEMENT PROCEDURES WITH MCC,128,133967.34375,56467.101563,48907.664063
500054,Prov Sacred Hrt Med Ctr & Childs Hosp.,Spokane,101 West 8th Avenue,53,99204,WA,1.0,"Metropolitan area core: primary flow within an urbanized area of 50,000 and greater",267,ENDOVASCULAR CARDIAC VALVE REPLACEMENT AND SUPPLEMENT PROCEDURES WITHOUT MCC,60,116431.55,44146.416667,39561.466667
500058,Kadlec Regional Medical Center,Richland,888 Swift Blvd,53,99352,WA,1.0,"Metropolitan area core: primary flow within an urbanized area of 50,000 and greater",266,ENDOVASCULAR CARDIAC VALVE REPLACEMENT AND SUPPLEMENT PROCEDURES WITH MCC,43,121128.44186,52871.627907,49540.465116
500058,Kadlec Regional Medical Center,Richland,888 Swift Blvd,53,99352,WA,1.0,"Metropolitan area core: primary flow within an urbanized area of 50,000 and greater",267,ENDOVASCULAR CARDIAC VALVE REPLACEMENT AND SUPPLEMENT PROCEDURES WITHOUT MCC,35,120065.85714,43048.342857,39695.228571
500108,St Joseph Medical Center,Tacoma,1717 South J Street,53,98405,WA,1.0,"Metropolitan area core: primary flow within an urbanized area of 50,000 and greater",266,ENDOVASCULAR CARDIAC VALVE REPLACEMENT AND SUPPLEMENT PROCEDURES WITH MCC,43,381087.88372,59978.976744,59322.697674
500108,St Joseph Medical Center,Tacoma,1717 South J Street,53,98405,WA,1.0,"Metropolitan area core: primary flow within an urbanized area of 50,000 and greater",267,ENDOVASCULAR CARDIAC VALVE REPLACEMENT AND SUPPLEMENT PROCEDURES WITHOUT MCC,73,315036.09589,45949.547945,40741.383562
500129,Tacoma General Allenmore Hospital,Tacoma,315 S Mlk Jr Way,53,98405,WA,1.0,"Metropolitan area core: primary flow within an urbanized area of 50,000 and greater",266,ENDOVASCULAR CARDIAC VALVE REPLACEMENT AND SUPPLEMENT PROCEDURES WITH MCC,78,249631.16667,58055.423077,55143.717949
500129,Tacoma General Allenmore Hospital,Tacoma,315 S Mlk Jr Way,53,98405,WA,1.0,"Metropolitan area core: primary flow within an urbanized area of 50,000 and greater",267,ENDOVASCULAR CARDIAC VALVE REPLACEMENT AND SUPPLEMENT PROCEDURES WITHOUT MCC,73,221421.42466,50698.246575,42408.178082
510001,"West Virginia University Hospitals, Inc",Morgantown,1 Medical Center Drive,54,26506,WV,1.0,"Metropolitan area core: primary flow within an urbanized area of 50,000 and greater",266,ENDOVASCULAR CARDIAC VALVE REPLACEMENT AND SUPPLEMENT PROCEDURES WITH MCC,13,196855.61538,57760.769231,55202.384615
510001,"West Virginia University Hospitals, Inc",Morgantown,1 Medical Center Drive,54,26506,WV,1.0,"Metropolitan area core: primary flow within an urbanized area of 50,000 and greater",267,ENDOVASCULAR CARDIAC VALVE REPLACEMENT AND SUPPLEMENT PROCEDURES WITHOUT MCC,97,108766.54639,42606.824742,39448.845361
510007,St Mary's Medical Center,Huntington,2900 1st Avenue,54,25702,WV,1.0,"Metropolitan area core: primary flow within an urbanized area of 50,000 and greater",266,ENDOVASCULAR CARDIAC VALVE REPLACEMENT AND SUPPLEMENT PROCEDURES WITH MCC,17,198903.88235,46679.411765,45559.705882
510007,St Mary's Medical Center,Huntington,2900 1st Avenue,54,25702,WV,1.0,"Metropolitan area core: primary flow within an urbanized area of 50,000 and greater",267,ENDOVASCULAR CARDIAC VALVE REPLACEMENT AND SUPPLEMENT PROCEDURES WITHOUT MCC,58,141222.86207,35578.775862,34610.844828
510022,Charleston Area Medical Center,Charleston,501 Morris Street,54,25301,WV,1.0,"Metropolitan area core: primary flow within an urbanized area of 50,000 and greater",266,ENDOVASCULAR CARDIAC VALVE REPLACEMENT AND SUPPLEMENT PROCEDURES WITH MCC,24,341116.91667,62421.875,59561.541667
510022,Charleston Area Medical Center,Charleston,501 Morris Street,54,25301,WV,1.0,"Metropolitan area core: primary flow within an urbanized area of 50,000 and greater",267,ENDOVASCULAR CARDIAC VALVE REPLACEMENT AND SUPPLEMENT PROCEDURES WITHOUT MCC,58,231664.67241,39138.086207,37970.775862
510024,Mon Health Medical Center,Morgantown,1200 Jd Anderson Drive,54,26505,WV,1.0,"Metropolitan area core: primary flow within an urbanized area of 50,000 and greater",267,ENDOVASCULAR CARDIAC VALVE REPLACEMENT AND SUPPLEMENT PROCEDURES WITHOUT MCC,32,168957.78125,38085.25,36839.625
510050,"Wheeling Hospital, Inc",Wheeling,1 Medical Park,54,26003,WV,1.0,"Metropolitan area core: primary flow within an urbanized area of 50,000 and greater",266,ENDOVASCULAR CARDIAC VALVE REPLACEMENT AND SUPPLEMENT PROCEDURES WITH MCC,15,93339.466667,42526.466667,41285.533333
520008,Prohealth Waukesha Memorial Hospital,Waukesha,725 American Ave,55,53188,WI,1.0,"Metropolitan area core: primary flow within an urbanized area of 50,000 and greater",267,ENDOVASCULAR CARDIAC VALVE REPLACEMENT AND SUPPLEMENT PROCEDURES WITHOUT MCC,29,209921.06897,37882.862069,36406.758621
520009,Ascension Ne Wisconsin - St Elizabeth Campus,Appleton,1506 S Oneida St,55,54915,WI,1.0,"Metropolitan area core: primary flow within an urbanized area of 50,000 and greater",267,ENDOVASCULAR CARDIAC VALVE REPLACEMENT AND SUPPLEMENT PROCEDURES WITHOUT MCC,16,91812.875,36618.4375,35140.0625
520013,Sacred Heart Hospital,Eau Claire,900 W Clairemont Ave,55,54701,WI,1.0,"Metropolitan area core: primary flow within an urbanized area of 50,000 and greater",267,ENDOVASCULAR CARDIAC VALVE REPLACEMENT AND SUPPLEMENT PROCEDURES WITHOUT MCC,14,87619.0,39072.642857,38053.285714
520030,Aspirus Wausau Hospital,Wausau,333 Pine Ridge Blvd,55,54401,WI,1.0,"Metropolitan area core: primary flow within an urbanized area of 50,000 and greater",266,ENDOVASCULAR CARDIAC VALVE REPLACEMENT AND SUPPLEMENT PROCEDURES WITH MCC,161,118375.99379,47020.329193,45518.279503
520030,Aspirus Wausau Hospital,Wausau,333 Pine Ridge Blvd,55,54401,WI,1.0,"Metropolitan area core: primary flow within an urbanized area of 50,000 and greater",267,ENDOVASCULAR CARDIAC VALVE REPLACEMENT AND SUPPLEMENT PROCEDURES WITHOUT MCC,30,102959.0,37096.033333,36709.333333
520037,Marshfield Medical Center,Marshfield,611 St Joseph Ave,55,54449,WI,4.0,"Micropolitan area core: primary flow within an urban cluster of 10,000 to 49,999",267,ENDOVASCULAR CARDIAC VALVE REPLACEMENT AND SUPPLEMENT PROCEDURES WITHOUT MCC,38,130447.07895,44127.973684,42743.184211
520049,Bellin Memorial Hospital,Green Bay,744 S Webster Ave,55,54305,WI,1.0,"Metropolitan area core: primary flow within an urbanized area of 50,000 and greater",266,ENDOVASCULAR CARDIAC VALVE REPLACEMENT AND SUPPLEMENT PROCEDURES WITH MCC,27,101999.62963,44429.259259,44141.111111
520049,Bellin Memorial Hospital,Green Bay,744 S Webster Ave,55,54305,WI,1.0,"Metropolitan area core: primary flow within an urbanized area of 50,000 and greater",267,ENDOVASCULAR CARDIAC VALVE REPLACEMENT AND SUPPLEMENT PROCEDURES WITHOUT MCC,81,81867.209877,36143.641975,35663.395062
520051,Ascension Columbia St Mary's Hospital Milwaukee Ca,Milwaukee,2323 N Lake Dr,55,53211,WI,1.0,"Metropolitan area core: primary flow within an urbanized area of 50,000 and greater",266,ENDOVASCULAR CARDIAC VALVE REPLACEMENT AND SUPPLEMENT PROCEDURES WITH MCC,41,179664.17073,55474.414634,51477.780488
520066,Mercy Health System Corp,Janesville,1000 Mineral Point Ave,55,53548,WI,1.0,"Metropolitan area core: primary flow within an urbanized area of 50,000 and greater",267,ENDOVASCULAR CARDIAC VALVE REPLACEMENT AND SUPPLEMENT PROCEDURES WITHOUT MCC,23,163966.34783,38175.434783,36756.826087
520070,Mayo Clinic Health System In Eau Claire,Eau Claire,1221 Whipple St,55,54703,WI,1.0,"Metropolitan area core: primary flow within an urbanized area of 50,000 and greater",266,ENDOVASCULAR CARDIAC VALVE REPLACEMENT AND SUPPLEMENT PROCEDURES WITH MCC,20,104996.25,48817.4,47616.5
520070,Mayo Clinic Health System In Eau Claire,Eau Claire,1221 Whipple St,55,54703,WI,1.0,"Metropolitan area core: primary flow within an urbanized area of 50,000 and greater",267,ENDOVASCULAR CARDIAC VALVE REPLACEMENT AND SUPPLEMENT PROCEDURES WITHOUT MCC,47,99624.234043,39360.06383,37973.638298
520075,St Vincent Hospital,Green Bay,835 S Van Buren St,55,54301,WI,1.0,"Metropolitan area core: primary flow within an urbanized area of 50,000 and greater",267,ENDOVASCULAR CARDIAC VALVE REPLACEMENT AND SUPPLEMENT PROCEDURES WITHOUT MCC,11,97198.818182,36159.272727,34744.727273
520083,Ssm Health St Mary's Hospital - Madison,Madison,700 South Park St,55,53715,WI,1.0,"Metropolitan area core: primary flow within an urbanized area of 50,000 and greater",266,ENDOVASCULAR CARDIAC VALVE REPLACEMENT AND SUPPLEMENT PROCEDURES WITH MCC,22,223776.95455,53289.272727,52007.590909
520083,Ssm Health St Mary's Hospital - Madison,Madison,700 South Park St,55,53715,WI,1.0,"Metropolitan area core: primary flow within an urbanized area of 50,000 and greater",267,ENDOVASCULAR CARDIAC VALVE REPLACEMENT AND SUPPLEMENT PROCEDURES WITHOUT MCC,82,142131.9878,39767.195122,38378.097561
520087,Gundersen Lutheran Medical Center,La Crosse,1910 South Ave,55,54601,WI,1.0,"Metropolitan area core: primary flow within an urbanized area of 50,000 and greater",266,ENDOVASCULAR CARDIAC VALVE REPLACEMENT AND SUPPLEMENT PROCEDURES WITH MCC,13,130809.92308,53389.461538,52406.846154
520087,Gundersen Lutheran Medical Center,La Crosse,1910 South Ave,55,54601,WI,1.0,"Metropolitan area core: primary flow within an urbanized area of 50,000 and greater",267,ENDOVASCULAR CARDIAC VALVE REPLACEMENT AND SUPPLEMENT PROCEDURES WITHOUT MCC,54,120218.48148,42269.833333,40921.907407
520088,Ssm Health St Agnes Hospital-Fond Du Lac,Fond Du Lac,430 E Division St,55,54935,WI,1.0,"Metropolitan area core: primary flow within an urbanized area of 50,000 and greater",267,ENDOVASCULAR CARDIAC VALVE REPLACEMENT AND SUPPLEMENT PROCEDURES WITHOUT MCC,11,134977.0,38868.090909,37595.0
520098,University Of Wi  Hospitals & Clinics Authority,Madison,600 Highland Avenue,55,53792,WI,1.0,"Metropolitan area core: primary flow within an urbanized area of 50,000 and greater",266,ENDOVASCULAR CARDIAC VALVE REPLACEMENT AND SUPPLEMENT PROCEDURES WITH MCC,49,182782.81633,65899.428571,58723.408163
520098,University Of Wi  Hospitals & Clinics Authority,Madison,600 Highland Avenue,55,53792,WI,1.0,"Metropolitan area core: primary flow within an urbanized area of 50,000 and greater",267,ENDOVASCULAR CARDIAC VALVE REPLACEMENT AND SUPPLEMENT PROCEDURES WITHOUT MCC,159,122870.52201,50254.981132,46905.402516
520138,Aurora St Lukes Medical Center,Milwaukee,2900 W Oklahoma Ave,55,53215,WI,1.0,"Metropolitan area core: primary flow within an urbanized area of 50,000 and greater",266,ENDOVASCULAR CARDIAC VALVE REPLACEMENT AND SUPPLEMENT PROCEDURES WITH MCC,59,331301.0339,59088.864407,54127.254237
520138,Aurora St Lukes Medical Center,Milwaukee,2900 W Oklahoma Ave,55,53215,WI,1.0,"Metropolitan area core: primary flow within an urbanized area of 50,000 and greater",267,ENDOVASCULAR CARDIAC VALVE REPLACEMENT AND SUPPLEMENT PROCEDURES WITHOUT MCC,193,261444.79793,44862.056995,41419.590674
520177,Froedtert Memorial Lutheran Hospital,Milwaukee,9200 W Wisconsin Ave,55,53226,WI,1.0,"Metropolitan area core: primary flow within an urbanized area of 50,000 and greater",266,ENDOVASCULAR CARDIAC VALVE REPLACEMENT AND SUPPLEMENT PROCEDURES WITH MCC,32,155411.9375,63179.84375,56994.03125
520177,Froedtert Memorial Lutheran Hospital,Milwaukee,9200 W Wisconsin Ave,55,53226,WI,1.0,"Metropolitan area core: primary flow within an urbanized area of 50,000 and greater",267,ENDOVASCULAR CARDIAC VALVE REPLACEMENT AND SUPPLEMENT PROCEDURES WITHOUT MCC,40,143685.95,49713.075,44929.8
530012,Wyoming Medical Center,Casper,1233 East 2nd St,56,82601,WY,1.0,"Metropolitan area core: primary flow within an urbanized area of 50,000 and greater",266,ENDOVASCULAR CARDIAC VALVE REPLACEMENT AND SUPPLEMENT PROCEDURES WITH MCC,16,160956.375,60233.4375,59244.3125
530012,Wyoming Medical Center,Casper,1233 East 2nd St,56,82601,WY,1.0,"Metropolitan area core: primary flow within an urbanized area of 50,000 and greater",267,ENDOVASCULAR CARDIAC VALVE REPLACEMENT AND SUPPLEMENT PROCEDURES WITHOUT MCC,17,130670.64706,48221.823529,46745.764706
670025,Baylor Sott & White The Heart Hospital Plano,Plano,1100 Allied Drive,48,75093,TX,1.0,"Metropolitan area core: primary flow within an urbanized area of 50,000 and greater",266,ENDOVASCULAR CARDIAC VALVE REPLACEMENT AND SUPPLEMENT PROCEDURES WITH MCC,113,218723.25664,46463.185841,45804.132743
670025,Baylor Sott & White The Heart Hospital Plano,Plano,1100 Allied Drive,48,75093,TX,1.0,"Metropolitan area core: primary flow within an urbanized area of 50,000 and greater",267,ENDOVASCULAR CARDIAC VALVE REPLACEMENT AND SUPPLEMENT PROCEDURES WITHOUT MCC,304,167158.18092,35418.049342,34608.805921
670034,Scott & White Hospital-Round Rock,Round Rock,300 University Blvd,48,78664,TX,1.0,"Metropolitan area core: primary flow within an urbanized area of 50,000 and greater",266,ENDOVASCULAR CARDIAC VALVE REPLACEMENT AND SUPPLEMENT PROCEDURES WITH MCC,62,233701.8871,50593.274194,47478.854839
670034,Scott & White Hospital-Round Rock,Round Rock,300 University Blvd,48,78664,TX,1.0,"Metropolitan area core: primary flow within an urbanized area of 50,000 and greater",267,ENDOVASCULAR CARDIAC VALVE REPLACEMENT AND SUPPLEMENT PROCEDURES WITHOUT MCC,47,208131.04255,38066.340426,37321.234043
670071,Texas Health Heart & Vascular Hospital Arlington,Arlington,811 Wright Street,48,76012,TX,1.0,"Metropolitan area core: primary flow within an urbanized area of 50,000 and greater",266,ENDOVASCULAR CARDIAC VALVE REPLACEMENT AND SUPPLEMENT PROCEDURES WITH MCC,22,175626.77273,46994.772727,46287.454545
670071,Texas Health Heart & Vascular Hospital Arlington,Arlington,811 Wright Street,48,76012,TX,1.0,"Metropolitan area core: primary flow within an urbanized area of 50,000 and greater",267,ENDOVASCULAR CARDIAC VALVE REPLACEMENT AND SUPPLEMENT PROCEDURES WITHOUT MCC,38,139612.73684,35006.736842,34474.421053
670077,Houston Methodist West Hospital,Houston,18500 Katy Freeway,48,77094,TX,1.0,"Metropolitan area core: primary flow within an urbanized area of 50,000 and greater",267,ENDOVASCULAR CARDIAC VALVE REPLACEMENT AND SUPPLEMENT PROCEDURES WITHOUT MCC,14,354994.78571,43437.142857,42103.357143
670088,Baylor Scott & White Medical Center- College Stati,College Station,700 Scott & White Drive,48,77845,TX,1.0,"Metropolitan area core: primary flow within an urbanized area of 50,000 and greater",266,ENDOVASCULAR CARDIAC VALVE REPLACEMENT AND SUPPLEMENT PROCEDURES WITH MCC,23,170454.56522,46279.869565,45806.304348
670088,Baylor Scott & White Medical Center- College Stati,College Station,700 Scott & White Drive,48,77845,TX,1.0,"Metropolitan area core: primary flow within an urbanized area of 50,000 and greater",267,ENDOVASCULAR CARDIAC VALVE REPLACEMENT AND SUPPLEMENT PROCEDURES WITHOUT MCC,21,164287.33333,36927.428571,35964.190476
670122,Houston Methodist The Woodlands Hospital,The Woodlands,17201 Interstate 45 South,48,77385,TX,1.1,"Secondary flow 30% to <50% to a larger urbanized area of 50,000 and greater",266,ENDOVASCULAR CARDIAC VALVE REPLACEMENT AND SUPPLEMENT PROCEDURES WITH MCC,15,349624.66667,46356.666667,45423.133333
670122,Houston Methodist The Woodlands Hospital,The Woodlands,17201 Interstate 45 South,48,77385,TX,1.1,"Secondary flow 30% to <50% to a larger urbanized area of 50,000 and greater",267,ENDOVASCULAR CARDIAC VALVE REPLACEMENT AND SUPPLEMENT PROCEDURES WITHOUT MCC,18,339225.72222,38800.777778,37504.111111
