Rndrng_Prvdr_CCN,Rndrng_Prvdr_Org_Name,Rndrng_Prvdr_City,Rndrng_Prvdr_St,Rndrng_Prvdr_State_FIPS,Rndrng_Prvdr_Zip5,Rndrng_Prvdr_State_Abrvtn,Rndrng_Prvdr_RUCA,Rndrng_Prvdr_RUCA_Desc,DRG_Cd,DRG_Desc,Tot_Dschrgs,Avg_Submtd_Cvrd_Chrg,Avg_Tot_Pymt_Amt,Avg_Mdcr_Pymt_Amt
010001,Southeast Health Medical Center,Dothan,1108 Ross Clark Circle,1,36301,AL,1.0,"Metropolitan area core: primary flow within an urbanized area of 50,000 and greater",267,ENDOVASCULAR CARDIAC VALVE REPLACEMENT AND SUPPLEMENT PROCEDURES WITHOUT MCC,34,143155.0,35442.617647,33837.205882
010016,Shelby Baptist Medical Center,Alabaster,1000 First Street North,1,35007,AL,1.0,"Metropolitan area core: primary flow within an urbanized area of 50,000 and greater",266,ENDOVASCULAR CARDIAC VALVE REPLACEMENT AND SUPPLEMENT PROCEDURES WITH MCC,22,167989.68182,38484.590909,36647.272727
010023,Baptist Medical Center South,Montgomery,2105 East South Boulevard,1,36116,AL,1.0,"Metropolitan area core: primary flow within an urbanized area of 50,000 and greater",267,ENDOVASCULAR CARDIAC VALVE REPLACEMENT AND SUPPLEMENT PROCEDURES WITHOUT MCC,18,136508.38889,35025.055556,33221.833333
010029,East Alabama Medical Center,Opelika,2000 Pepperell Parkway,1,36801,AL,1.0,"Metropolitan area core: primary flow within an urbanized area of 50,000 and greater",266,ENDOVASCULAR CARDIAC VALVE REPLACEMENT AND SUPPLEMENT PROCEDURES WITH MCC,11,93768.181818,46500.636364,45282.818182
010033,University Of Alabama Hospital,Birmingham,619 South 19th Street,1,35233,AL,1.0,"Metropolitan area core: primary flow within an urbanized area of 50,000 and greater",266,ENDOVASCULAR CARDIAC VALVE REPLACEMENT AND SUPPLEMENT PROCEDURES WITH MCC,29,194246.93103,54817.827586,50415.689655
010033,University Of Alabama Hospital,Birmingham,619 South 19th Street,1,35233,AL,1.0,"Metropolitan area core: primary flow within an urbanized area of 50,000 and greater",267,ENDOVASCULAR CARDIAC VALVE REPLACEMENT AND SUPPLEMENT PROCEDURES WITHOUT MCC,178,141162.52247,41287.050562,39029.511236
010039,Huntsville Hospital,Huntsville,101 Sivley Rd,1,35801,AL,1.0,"Metropolitan area core: primary flow within an urbanized area of 50,000 and greater",266,ENDOVASCULAR CARDIAC VALVE REPLACEMENT AND SUPPLEMENT PROCEDURES WITH MCC,34,265727.85294,46388.735294,45125.470588
010039,Huntsville Hospital,Huntsville,101 Sivley Rd,1,35801,AL,1.0,"Metropolitan area core: primary flow within an urbanized area of 50,000 and greater",267,ENDOVASCULAR CARDIAC VALVE REPLACEMENT AND SUPPLEMENT PROCEDURES WITHOUT MCC,100,230828.47,36509.92,33557.53
010056,St Vincent's Birmingham,Birmingham,810 St Vincent's Drive,1,35205,AL,1.0,"Metropolitan area core: primary flow within an urbanized area of 50,000 and greater",266,ENDOVASCULAR CARDIAC VALVE REPLACEMENT AND SUPPLEMENT PROCEDURES WITH MCC,13,179089.07692,40377.307692,38443.846154
010056,St Vincent's Birmingham,Birmingham,810 St Vincent's Drive,1,35205,AL,1.0,"Metropolitan area core: primary flow within an urbanized area of 50,000 and greater",267,ENDOVASCULAR CARDIAC VALVE REPLACEMENT AND SUPPLEMENT PROCEDURES WITHOUT MCC,12,125540.5,33663.666667,29851.083333
010090,Providence Hospital,Mobile,6801 Airport Boulevard,1,36608,AL,1.0,"Metropolitan area core: primary flow within an urbanized area of 50,000 and greater",266,ENDOVASCULAR CARDIAC VALVE REPLACEMENT AND SUPPLEMENT PROCEDURES WITH MCC,22,140247.36364,41330.363636,36970.045455
010100,Thomas Hospital,Fairhope,750 Morphy Avenue,1,36532,AL,1.1,"Secondary flow 30% to <50% to a larger urbanized area of 50,000 and greater",266,ENDOVASCULAR CARDIAC VALVE REPLACEMENT AND SUPPLEMENT PROCEDURES WITH MCC,13,127830.30769,44815.384615,43312.615385
010104,Grandview Medical Center,Birmingham,3690 Grandview Parkway,1,35243,AL,1.0,"Metropolitan area core: primary flow within an urbanized area of 50,000 and greater",266,ENDOVASCULAR CARDIAC VALVE REPLACEMENT AND SUPPLEMENT PROCEDURES WITH MCC,35,428333.11429,45153.828571,39381.514286
010104,Grandview Medical Center,Birmingham,3690 Grandview Parkway,1,35243,AL,1.0,"Metropolitan area core: primary flow within an urbanized area of 50,000 and greater",267,ENDOVASCULAR CARDIAC VALVE REPLACEMENT AND SUPPLEMENT PROCEDURES WITHOUT MCC,12,345516.83333,31411.75,27363.333333
010113,Mobile Infirmary Medical Center,Mobile,5 Mobile Infirmary Circle,1,36607,AL,1.0,"Metropolitan area core: primary flow within an urbanized area of 50,000 and greater",266,ENDOVASCULAR CARDIAC VALVE REPLACEMENT AND SUPPLEMENT PROCEDURES WITH MCC,66,105422.87879,41630.863636,40145.666667
010113,Mobile Infirmary Medical Center,Mobile,5 Mobile Infirmary Circle,1,36607,AL,1.0,"Metropolitan area core: primary flow within an urbanized area of 50,000 and greater",267,ENDOVASCULAR CARDIAC VALVE REPLACEMENT AND SUPPLEMENT PROCEDURES WITHOUT MCC,34,87544.647059,33640.764706,32394.970588
010139,Brookwood Baptist Medical Center,Birmingham,2010 Brookwood Medical Center Drive,1,35209,AL,1.0,"Metropolitan area core: primary flow within an urbanized area of 50,000 and greater",267,ENDOVASCULAR CARDIAC VALVE REPLACEMENT AND SUPPLEMENT PROCEDURES WITHOUT MCC,28,596627.03571,35233.5,33511.785714
010144,Springhill Memorial Hospital,Mobile,3719 Dauphin Street,1,36608,AL,1.0,"Metropolitan area core: primary flow within an urbanized area of 50,000 and greater",266,ENDOVASCULAR CARDIAC VALVE REPLACEMENT AND SUPPLEMENT PROCEDURES WITH MCC,110,116134.0,40766.281818,40402.027273
010144,Springhill Memorial Hospital,Mobile,3719 Dauphin Street,1,36608,AL,1.0,"Metropolitan area core: primary flow within an urbanized area of 50,000 and greater",267,ENDOVASCULAR CARDIAC VALVE REPLACEMENT AND SUPPLEMENT PROCEDURES WITHOUT MCC,18,121966.77778,33013.5,32353.944444
020001,Providence Alaska Medical Center,Anchorage,3200 Providence Drive,2,99508,AK,1.0,"Metropolitan area core: primary flow within an urbanized area of 50,000 and greater",266,ENDOVASCULAR CARDIAC VALVE REPLACEMENT AND SUPPLEMENT PROCEDURES WITH MCC,48,218631.6875,70155.708333,59531.458333
020001,Providence Alaska Medical Center,Anchorage,3200 Providence Drive,2,99508,AK,1.0,"Metropolitan area core: primary flow within an urbanized area of 50,000 and greater",267,ENDOVASCULAR CARDIAC VALVE REPLACEMENT AND SUPPLEMENT PROCEDURES WITHOUT MCC,86,144851.5814,51211.023256,47209.988372
020017,Alaska Regional Hospital,Anchorage,2801 Debarr Road,2,99508,AK,1.0,"Metropolitan area core: primary flow within an urbanized area of 50,000 and greater",266,ENDOVASCULAR CARDIAC VALVE REPLACEMENT AND SUPPLEMENT PROCEDURES WITH MCC,17,306215.41176,81322.470588,55509.235294
030002,Banner - University Medical Center Phoenix,Phoenix,1111 East Mcdowell Road,4,85006,AZ,1.0,"Metropolitan area core: primary flow within an urbanized area of 50,000 and greater",266,ENDOVASCULAR CARDIAC VALVE REPLACEMENT AND SUPPLEMENT PROCEDURES WITH MCC,49,333590.73469,61354.367347,56462.44898
030002,Banner - University Medical Center Phoenix,Phoenix,1111 East Mcdowell Road,4,85006,AZ,1.0,"Metropolitan area core: primary flow within an urbanized area of 50,000 and greater",267,ENDOVASCULAR CARDIAC VALVE REPLACEMENT AND SUPPLEMENT PROCEDURES WITHOUT MCC,65,197809.66154,44096.230769,41400.0
030006,Tucson Medical Center,Tucson,5301 East Grant Road,4,85712,AZ,1.0,"Metropolitan area core: primary flow within an urbanized area of 50,000 and greater",266,ENDOVASCULAR CARDIAC VALVE REPLACEMENT AND SUPPLEMENT PROCEDURES WITH MCC,44,181453.0,50413.159091,49328.363636
030006,Tucson Medical Center,Tucson,5301 East Grant Road,4,85712,AZ,1.0,"Metropolitan area core: primary flow within an urbanized area of 50,000 and greater",267,ENDOVASCULAR CARDIAC VALVE REPLACEMENT AND SUPPLEMENT PROCEDURES WITHOUT MCC,111,157516.40541,39466.234234,37815.27027
030010,St. Mary's Hospital,Tucson,1601 West St Mary's Road,4,85745,AZ,1.0,"Metropolitan area core: primary flow within an urbanized area of 50,000 and greater",266,ENDOVASCULAR CARDIAC VALVE REPLACEMENT AND SUPPLEMENT PROCEDURES WITH MCC,15,372803.2,46232.6,45639.0
030010,St. Mary's Hospital,Tucson,1601 West St Mary's Road,4,85745,AZ,1.0,"Metropolitan area core: primary flow within an urbanized area of 50,000 and greater",267,ENDOVASCULAR CARDIAC VALVE REPLACEMENT AND SUPPLEMENT PROCEDURES WITHOUT MCC,25,305384.88,37105.72,35621.72
030012,Yavapai Regional Medical Center,Prescott,1003 Willow Creek Road,4,86301,AZ,1.0,"Metropolitan area core: primary flow within an urbanized area of 50,000 and greater",266,ENDOVASCULAR CARDIAC VALVE REPLACEMENT AND SUPPLEMENT PROCEDURES WITH MCC,23,222592.43478,55792.521739,54627.782609
030012,Yavapai Regional Medical Center,Prescott,1003 Willow Creek Road,4,86301,AZ,1.0,"Metropolitan area core: primary flow within an urbanized area of 50,000 and greater",267,ENDOVASCULAR CARDIAC VALVE REPLACEMENT AND SUPPLEMENT PROCEDURES WITHOUT MCC,26,192126.69231,44417.038462,43102.653846
030013,Yuma Regional Medical Center,Yuma,2400 South Avenue A,4,85364,AZ,1.0,"Metropolitan area core: primary flow within an urbanized area of 50,000 and greater",267,ENDOVASCULAR CARDIAC VALVE REPLACEMENT AND SUPPLEMENT PROCEDURES WITHOUT MCC,40,135136.8,44395.95,43244.3
030024,St. Joseph's Hospital And Medical Center,Phoenix,350 West Thomas Road,4,85013,AZ,1.0,"Metropolitan area core: primary flow within an urbanized area of 50,000 and greater",266,ENDOVASCULAR CARDIAC VALVE REPLACEMENT AND SUPPLEMENT PROCEDURES WITH MCC,28,219668.10714,60620.035714,56930.25
030024,St. Joseph's Hospital And Medical Center,Phoenix,350 West Thomas Road,4,85013,AZ,1.0,"Metropolitan area core: primary flow within an urbanized area of 50,000 and greater",267,ENDOVASCULAR CARDIAC VALVE REPLACEMENT AND SUPPLEMENT PROCEDURES WITHOUT MCC,66,163379.92424,46148.045455,42487.257576
030036,Chandler Regional Medical Center,Chandler,1955 West Frye Road,4,85224,AZ,1.0,"Metropolitan area core: primary flow within an urbanized area of 50,000 and greater",266,ENDOVASCULAR CARDIAC VALVE REPLACEMENT AND SUPPLEMENT PROCEDURES WITH MCC,13,388866.92308,50804.384615,50344.0
030036,Chandler Regional Medical Center,Chandler,1955 West Frye Road,4,85224,AZ,1.0,"Metropolitan area core: primary flow within an urbanized area of 50,000 and greater",267,ENDOVASCULAR CARDIAC VALVE REPLACEMENT AND SUPPLEMENT PROCEDURES WITHOUT MCC,52,327127.46154,40343.057692,36638.25
030061,Banner Boswell Medical Center,Sun City,10401 West Thunderbird Boulevard,4,85351,AZ,1.0,"Metropolitan area core: primary flow within an urbanized area of 50,000 and greater",266,ENDOVASCULAR CARDIAC VALVE REPLACEMENT AND SUPPLEMENT PROCEDURES WITH MCC,20,232812.15,45475.75,44937.75
030061,Banner Boswell Medical Center,Sun City,10401 West Thunderbird Boulevard,4,85351,AZ,1.0,"Metropolitan area core: primary flow within an urbanized area of 50,000 and greater",267,ENDOVASCULAR CARDIAC VALVE REPLACEMENT AND SUPPLEMENT PROCEDURES WITHOUT MCC,106,201420.36792,35870.650943,35108.330189
030064,Banner - University Medical Center Tucson Campus,Tucson,1625 North Campbell Avenue,4,85719,AZ,1.0,"Metropolitan area core: primary flow within an urbanized area of 50,000 and greater",266,ENDOVASCULAR CARDIAC VALVE REPLACEMENT AND SUPPLEMENT PROCEDURES WITH MCC,40,270266.125,63245.175,61158.575
030065,Banner Desert Medical Center,Mesa,1400 South  Dobson Road,4,85202,AZ,1.0,"Metropolitan area core: primary flow within an urbanized area of 50,000 and greater",266,ENDOVASCULAR CARDIAC VALVE REPLACEMENT AND SUPPLEMENT PROCEDURES WITH MCC,16,258052.3125,48101.5625,47545.0625
030065,Banner Desert Medical Center,Mesa,1400 South  Dobson Road,4,85202,AZ,1.0,"Metropolitan area core: primary flow within an urbanized area of 50,000 and greater",267,ENDOVASCULAR CARDIAC VALVE REPLACEMENT AND SUPPLEMENT PROCEDURES WITHOUT MCC,57,218805.89474,38296.77193,37619.859649
030085,Northwest Medical Center,Tucson,6200 North La Cholla Boulevard,4,85741,AZ,1.0,"Metropolitan area core: primary flow within an urbanized area of 50,000 and greater",266,ENDOVASCULAR CARDIAC VALVE REPLACEMENT AND SUPPLEMENT PROCEDURES WITH MCC,14,247923.21429,45423.285714,44257.285714
030085,Northwest Medical Center,Tucson,6200 North La Cholla Boulevard,4,85741,AZ,1.0,"Metropolitan area core: primary flow within an urbanized area of 50,000 and greater",267,ENDOVASCULAR CARDIAC VALVE REPLACEMENT AND SUPPLEMENT PROCEDURES WITHOUT MCC,13,225542.92308,37996.0,32169.538462
030087,Honorhealth Scottsdale Shea Medical Center,Scottsdale,9003 East Shea Boulevard,4,85260,AZ,1.0,"Metropolitan area core: primary flow within an urbanized area of 50,000 and greater",266,ENDOVASCULAR CARDIAC VALVE REPLACEMENT AND SUPPLEMENT PROCEDURES WITH MCC,16,336909.875,46463.6875,45588.8125
030087,Honorhealth Scottsdale Shea Medical Center,Scottsdale,9003 East Shea Boulevard,4,85260,AZ,1.0,"Metropolitan area core: primary flow within an urbanized area of 50,000 and greater",267,ENDOVASCULAR CARDIAC VALVE REPLACEMENT AND SUPPLEMENT PROCEDURES WITHOUT MCC,98,270961.87755,35750.010204,34516.367347
030089,Banner Thunderbird Medical Center,Glendale,5555 West Thunderbird Road,4,85306,AZ,1.0,"Metropolitan area core: primary flow within an urbanized area of 50,000 and greater",266,ENDOVASCULAR CARDIAC VALVE REPLACEMENT AND SUPPLEMENT PROCEDURES WITH MCC,13,290100.15385,49635.692308,49064.923077
030089,Banner Thunderbird Medical Center,Glendale,5555 West Thunderbird Road,4,85306,AZ,1.0,"Metropolitan area core: primary flow within an urbanized area of 50,000 and greater",267,ENDOVASCULAR CARDIAC VALVE REPLACEMENT AND SUPPLEMENT PROCEDURES WITHOUT MCC,38,216751.92105,37898.605263,37195.657895
030092,Honorhealth Deer Valley Medical Center,Phoenix,19829 North 27th Avenue,4,85027,AZ,1.0,"Metropolitan area core: primary flow within an urbanized area of 50,000 and greater",267,ENDOVASCULAR CARDIAC VALVE REPLACEMENT AND SUPPLEMENT PROCEDURES WITHOUT MCC,24,250543.20833,37088.041667,35850.208333
030094,Abrazo Arrowhead Campus,Glendale,18701 North 67th Avenue,4,85308,AZ,1.0,"Metropolitan area core: primary flow within an urbanized area of 50,000 and greater",266,ENDOVASCULAR CARDIAC VALVE REPLACEMENT AND SUPPLEMENT PROCEDURES WITH MCC,46,523810.30435,51084.543478,50407.108696
030094,Abrazo Arrowhead Campus,Glendale,18701 North 67th Avenue,4,85308,AZ,1.0,"Metropolitan area core: primary flow within an urbanized area of 50,000 and greater",267,ENDOVASCULAR CARDIAC VALVE REPLACEMENT AND SUPPLEMENT PROCEDURES WITHOUT MCC,112,453671.41071,38842.008929,36609.526786
030103,Mayo Clinic Hospital,Phoenix,5777 East Mayo Boulevard,4,85054,AZ,1.0,"Metropolitan area core: primary flow within an urbanized area of 50,000 and greater",266,ENDOVASCULAR CARDIAC VALVE REPLACEMENT AND SUPPLEMENT PROCEDURES WITH MCC,21,179605.85714,63390.666667,52058.333333
030103,Mayo Clinic Hospital,Phoenix,5777 East Mayo Boulevard,4,85054,AZ,1.0,"Metropolitan area core: primary flow within an urbanized area of 50,000 and greater",267,ENDOVASCULAR CARDIAC VALVE REPLACEMENT AND SUPPLEMENT PROCEDURES WITHOUT MCC,102,122633.09804,43093.862745,37504.666667
030105,Banner Heart Hospital,Mesa,6750 East Baywood Avenue,4,85206,AZ,1.0,"Metropolitan area core: primary flow within an urbanized area of 50,000 and greater",266,ENDOVASCULAR CARDIAC VALVE REPLACEMENT AND SUPPLEMENT PROCEDURES WITH MCC,52,257295.05769,44939.403846,43452.25
030105,Banner Heart Hospital,Mesa,6750 East Baywood Avenue,4,85206,AZ,1.0,"Metropolitan area core: primary flow within an urbanized area of 50,000 and greater",267,ENDOVASCULAR CARDIAC VALVE REPLACEMENT AND SUPPLEMENT PROCEDURES WITHOUT MCC,156,205560.83333,36454.814103,34478.615385
040004,Washington Regional Medical Center,Fayetteville,3215 N North Hills Boulevard,5,72703,AR,1.0,"Metropolitan area core: primary flow within an urbanized area of 50,000 and greater",266,ENDOVASCULAR CARDIAC VALVE REPLACEMENT AND SUPPLEMENT PROCEDURES WITH MCC,20,210795.6,42169.2,41226.0
040004,Washington Regional Medical Center,Fayetteville,3215 N North Hills Boulevard,5,72703,AR,1.0,"Metropolitan area core: primary flow within an urbanized area of 50,000 and greater",267,ENDOVASCULAR CARDIAC VALVE REPLACEMENT AND SUPPLEMENT PROCEDURES WITHOUT MCC,32,177957.8125,33572.3125,32273.96875
040007,Chi-St Vincent Infirmary,Little Rock,Two St Vincent Circle,5,72205,AR,1.0,"Metropolitan area core: primary flow within an urbanized area of 50,000 and greater",266,ENDOVASCULAR CARDIAC VALVE REPLACEMENT AND SUPPLEMENT PROCEDURES WITH MCC,106,144926.03774,43253.792453,42211.45283
040007,Chi-St Vincent Infirmary,Little Rock,Two St Vincent Circle,5,72205,AR,1.0,"Metropolitan area core: primary flow within an urbanized area of 50,000 and greater",267,ENDOVASCULAR CARDIAC VALVE REPLACEMENT AND SUPPLEMENT PROCEDURES WITHOUT MCC,34,141889.0,34834.088235,33542.0
040010,Mercy Hospital Northwest Arkansas,Rogers,2710 South Rife Medical Lane,5,72758,AR,1.0,"Metropolitan area core: primary flow within an urbanized area of 50,000 and greater",267,ENDOVASCULAR CARDIAC VALVE REPLACEMENT AND SUPPLEMENT PROCEDURES WITHOUT MCC,21,109627.61905,36631.761905,32668.619048
040020,St Bernards Medical Center,Jonesboro,225 E Washiington Avenue,5,72401,AR,1.0,"Metropolitan area core: primary flow within an urbanized area of 50,000 and greater",267,ENDOVASCULAR CARDIAC VALVE REPLACEMENT AND SUPPLEMENT PROCEDURES WITHOUT MCC,41,75212.780488,35316.634146,33911.0
040114,Baptist Health Medical Center-Little Rock,Little Rock,9601 Interstate,5,72205,AR,1.0,"Metropolitan area core: primary flow within an urbanized area of 50,000 and greater",266,ENDOVASCULAR CARDIAC VALVE REPLACEMENT AND SUPPLEMENT PROCEDURES WITH MCC,50,125832.64,43139.72,41931.86
040114,Baptist Health Medical Center-Little Rock,Little Rock,9601 Interstate,5,72205,AR,1.0,"Metropolitan area core: primary flow within an urbanized area of 50,000 and greater",267,ENDOVASCULAR CARDIAC VALVE REPLACEMENT AND SUPPLEMENT PROCEDURES WITHOUT MCC,61,96348.770492,34694.688525,31721.147541
040134,"Arkansas Heart Hospital, Llc",Little Rock,1701 S Shackleford Road,5,72211,AR,1.0,"Metropolitan area core: primary flow within an urbanized area of 50,000 and greater",266,ENDOVASCULAR CARDIAC VALVE REPLACEMENT AND SUPPLEMENT PROCEDURES WITH MCC,38,120618.26316,39805.131579,38945.973684
040134,"Arkansas Heart Hospital, Llc",Little Rock,1701 S Shackleford Road,5,72211,AR,1.0,"Metropolitan area core: primary flow within an urbanized area of 50,000 and greater",267,ENDOVASCULAR CARDIAC VALVE REPLACEMENT AND SUPPLEMENT PROCEDURES WITHOUT MCC,107,109167.88785,31817.962617,30123.130841
050007,Mills-Peninsula Medical Center,Burlingame,1501 Trousdale Drive,6,94010,CA,1.0,"Metropolitan area core: primary flow within an urbanized area of 50,000 and greater",266,ENDOVASCULAR CARDIAC VALVE REPLACEMENT AND SUPPLEMENT PROCEDURES WITH MCC,19,231486.26316,71888.263158,70859.842105
050007,Mills-Peninsula Medical Center,Burlingame,1501 Trousdale Drive,6,94010,CA,1.0,"Metropolitan area core: primary flow within an urbanized area of 50,000 and greater",267,ENDOVASCULAR CARDIAC VALVE REPLACEMENT AND SUPPLEMENT PROCEDURES WITHOUT MCC,35,187909.28571,57793.914286,56603.228571
050013,Adventist Health St Helena,Saint Helena,10 Woodland Road,6,94574,CA,7.0,"Small town core: primary flow within an urban cluster of 2,500 to 9,999",267,ENDOVASCULAR CARDIAC VALVE REPLACEMENT AND SUPPLEMENT PROCEDURES WITHOUT MCC,48,254274.60417,57913.541667,56831.458333
050017,Mercy General Hospital,Sacramento,4001 J St,6,95819,CA,1.0,"Metropolitan area core: primary flow within an urbanized area of 50,000 and greater",266,ENDOVASCULAR CARDIAC VALVE REPLACEMENT AND SUPPLEMENT PROCEDURES WITH MCC,35,414398.77143,70299.457143,69293.342857
050017,Mercy General Hospital,Sacramento,4001 J St,6,95819,CA,1.0,"Metropolitan area core: primary flow within an urbanized area of 50,000 and greater",267,ENDOVASCULAR CARDIAC VALVE REPLACEMENT AND SUPPLEMENT PROCEDURES WITHOUT MCC,43,365736.95349,57167.55814,53347.465116
050025,Uc San Diego Health Hillcrest - Hillcrest Med Ctr,San Diego,200 West Arbor Drive,6,92103,CA,1.0,"Metropolitan area core: primary flow within an urbanized area of 50,000 and greater",266,ENDOVASCULAR CARDIAC VALVE REPLACEMENT AND SUPPLEMENT PROCEDURES WITH MCC,22,236979.54545,82707.409091,77063.818182
050025,Uc San Diego Health Hillcrest - Hillcrest Med Ctr,San Diego,200 West Arbor Drive,6,92103,CA,1.0,"Metropolitan area core: primary flow within an urbanized area of 50,000 and greater",267,ENDOVASCULAR CARDIAC VALVE REPLACEMENT AND SUPPLEMENT PROCEDURES WITHOUT MCC,58,155446.62069,61367.603448,59319.155172
050026,Grossmont Hospital,La Mesa,5555 Grossmont Center Drive Box 58,6,91942,CA,1.0,"Metropolitan area core: primary flow within an urbanized area of 50,000 and greater",266,ENDOVASCULAR CARDIAC VALVE REPLACEMENT AND SUPPLEMENT PROCEDURES WITH MCC,27,327969.2963,62270.481481,61558.814815
050026,Grossmont Hospital,La Mesa,5555 Grossmont Center Drive Box 58,6,91942,CA,1.0,"Metropolitan area core: primary flow within an urbanized area of 50,000 and greater",267,ENDOVASCULAR CARDIAC VALVE REPLACEMENT AND SUPPLEMENT PROCEDURES WITHOUT MCC,29,228705.62069,47123.62069,46253.689655
050036,Bakersfield Memorial Hospital,Bakersfield,420 34th St,6,93301,CA,1.0,"Metropolitan area core: primary flow within an urbanized area of 50,000 and greater",267,ENDOVASCULAR CARDIAC VALVE REPLACEMENT AND SUPPLEMENT PROCEDURES WITHOUT MCC,69,327478.3913,47505.826087,46221.768116
050039,Enloe Medical Center,Chico,1531 Esplanade,6,95926,CA,1.0,"Metropolitan area core: primary flow within an urbanized area of 50,000 and greater",266,ENDOVASCULAR CARDIAC VALVE REPLACEMENT AND SUPPLEMENT PROCEDURES WITH MCC,30,256094.83333,56337.366667,55446.966667
050039,Enloe Medical Center,Chico,1531 Esplanade,6,95926,CA,1.0,"Metropolitan area core: primary flow within an urbanized area of 50,000 and greater",267,ENDOVASCULAR CARDIAC VALVE REPLACEMENT AND SUPPLEMENT PROCEDURES WITHOUT MCC,43,225448.13953,44598.767442,43364.906977
050043,Alta Bates Summit Medical Center,Oakland,350 Hawthorne Avenue,6,94609,CA,1.0,"Metropolitan area core: primary flow within an urbanized area of 50,000 and greater",266,ENDOVASCULAR CARDIAC VALVE REPLACEMENT AND SUPPLEMENT PROCEDURES WITH MCC,16,299981.6875,93807.4375,70296.3125
050043,Alta Bates Summit Medical Center,Oakland,350 Hawthorne Avenue,6,94609,CA,1.0,"Metropolitan area core: primary flow within an urbanized area of 50,000 and greater",267,ENDOVASCULAR CARDIAC VALVE REPLACEMENT AND SUPPLEMENT PROCEDURES WITHOUT MCC,49,207805.81633,63657.612245,56857.408163
050047,California Pacific Medical Center- Van Ness Campus,San Francisco,1101 Van Ness Avenue,6,94109,CA,1.0,"Metropolitan area core: primary flow within an urbanized area of 50,000 and greater",266,ENDOVASCULAR CARDIAC VALVE REPLACEMENT AND SUPPLEMENT PROCEDURES WITH MCC,82,252972.52439,94234.243902,89240.926829
050047,California Pacific Medical Center- Van Ness Campus,San Francisco,1101 Van Ness Avenue,6,94109,CA,1.0,"Metropolitan area core: primary flow within an urbanized area of 50,000 and greater",267,ENDOVASCULAR CARDIAC VALVE REPLACEMENT AND SUPPLEMENT PROCEDURES WITHOUT MCC,45,187819.6,65783.688889,62339.955556
050057,Kaweah Health Medical Center,Visalia,400 W Mineral King Ave,6,93291,CA,1.0,"Metropolitan area core: primary flow within an urbanized area of 50,000 and greater",267,ENDOVASCULAR CARDIAC VALVE REPLACEMENT AND SUPPLEMENT PROCEDURES WITHOUT MCC,32,176959.53125,50964.34375,49576.75
050060,Community Regional Medical Center,Fresno,2823 Fresno Street,6,93721,CA,1.0,"Metropolitan area core: primary flow within an urbanized area of 50,000 and greater",266,ENDOVASCULAR CARDIAC VALVE REPLACEMENT AND SUPPLEMENT PROCEDURES WITH MCC,34,283161.41176,68599.529412,67634.352941
050060,Community Regional Medical Center,Fresno,2823 Fresno Street,6,93721,CA,1.0,"Metropolitan area core: primary flow within an urbanized area of 50,000 and greater",267,ENDOVASCULAR CARDIAC VALVE REPLACEMENT AND SUPPLEMENT PROCEDURES WITHOUT MCC,101,205030.0495,52481.346535,50540.742574
050069,Providence St. Joseph Hospital,Orange,1100 West Stewart Dr,6,92868,CA,1.0,"Metropolitan area core: primary flow within an urbanized area of 50,000 and greater",266,ENDOVASCULAR CARDIAC VALVE REPLACEMENT AND SUPPLEMENT PROCEDURES WITH MCC,60,152291.98333,58367.35,56750.366667
050069,Providence St. Joseph Hospital,Orange,1100 West Stewart Dr,6,92868,CA,1.0,"Metropolitan area core: primary flow within an urbanized area of 50,000 and greater",267,ENDOVASCULAR CARDIAC VALVE REPLACEMENT AND SUPPLEMENT PROCEDURES WITHOUT MCC,16,140103.1875,46659.625,45097.6875
050076,Kaiser Foundation Hospital - San Francisco,San Francisco,2425 Geary Blvd,6,94115,CA,1.0,"Metropolitan area core: primary flow within an urbanized area of 50,000 and greater",267,ENDOVASCULAR CARDIAC VALVE REPLACEMENT AND SUPPLEMENT PROCEDURES WITHOUT MCC,11,89752.545455,84588.909091,41661.545455
050077,Scripps Mercy Hospital,San Diego,4077 5th Ave,6,92103,CA,1.0,"Metropolitan area core: primary flow within an urbanized area of 50,000 and greater",267,ENDOVASCULAR CARDIAC VALVE REPLACEMENT AND SUPPLEMENT PROCEDURES WITHOUT MCC,22,340261.90909,51495.409091,50197.0
050084,St Joseph's Medical Center Of Stockton,Stockton,1800 N California St,6,95204,CA,1.0,"Metropolitan area core: primary flow within an urbanized area of 50,000 and greater",266,ENDOVASCULAR CARDIAC VALVE REPLACEMENT AND SUPPLEMENT PROCEDURES WITH MCC,24,243047.20833,74776.166667,73869.458333
050084,St Joseph's Medical Center Of Stockton,Stockton,1800 N California St,6,95204,CA,1.0,"Metropolitan area core: primary flow within an urbanized area of 50,000 and greater",267,ENDOVASCULAR CARDIAC VALVE REPLACEMENT AND SUPPLEMENT PROCEDURES WITHOUT MCC,15,218636.93333,59425.0,58118.6
050093,Saint Agnes Medical Center,Fresno,1303 E Herndon Ave,6,93710,CA,1.0,"Metropolitan area core: primary flow within an urbanized area of 50,000 and greater",266,ENDOVASCULAR CARDIAC VALVE REPLACEMENT AND SUPPLEMENT PROCEDURES WITH MCC,12,227465.75,63938.0,62625.75
050093,Saint Agnes Medical Center,Fresno,1303 E Herndon Ave,6,93710,CA,1.0,"Metropolitan area core: primary flow within an urbanized area of 50,000 and greater",267,ENDOVASCULAR CARDIAC VALVE REPLACEMENT AND SUPPLEMENT PROCEDURES WITHOUT MCC,73,153526.63014,51214.09589,44711.164384
050099,San Antonio Regional Hospital,Upland,999 San Bernardino Road,6,91786,CA,1.0,"Metropolitan area core: primary flow within an urbanized area of 50,000 and greater",267,ENDOVASCULAR CARDIAC VALVE REPLACEMENT AND SUPPLEMENT PROCEDURES WITHOUT MCC,14,236776.28571,45149.928571,38122.571429
050100,Sharp Memorial Hospital,San Diego,7901 Frost St,6,92123,CA,1.0,"Metropolitan area core: primary flow within an urbanized area of 50,000 and greater",266,ENDOVASCULAR CARDIAC VALVE REPLACEMENT AND SUPPLEMENT PROCEDURES WITH MCC,62,302643.82258,69535.887097,54885.048387
050100,Sharp Memorial Hospital,San Diego,7901 Frost St,6,92123,CA,1.0,"Metropolitan area core: primary flow within an urbanized area of 50,000 and greater",267,ENDOVASCULAR CARDIAC VALVE REPLACEMENT AND SUPPLEMENT PROCEDURES WITHOUT MCC,23,223024.91304,46781.73913,45330.956522
050103,White Memorial Medical Center,Los Angeles,1720 E Cesar Avenue,6,90033,CA,1.0,"Metropolitan area core: primary flow within an urbanized area of 50,000 and greater",266,ENDOVASCULAR CARDIAC VALVE REPLACEMENT AND SUPPLEMENT PROCEDURES WITH MCC,12,442201.66667,74320.5,73279.833333
050108,"Sutter Medical Center, Sacramento",Sacramento,2825 Capitol Avenue,6,95816,CA,1.0,"Metropolitan area core: primary flow within an urbanized area of 50,000 and greater",266,ENDOVASCULAR CARDIAC VALVE REPLACEMENT AND SUPPLEMENT PROCEDURES WITH MCC,62,273868.96774,74630.16129,73562.806452
050108,"Sutter Medical Center, Sacramento",Sacramento,2825 Capitol Avenue,6,95816,CA,1.0,"Metropolitan area core: primary flow within an urbanized area of 50,000 and greater",267,ENDOVASCULAR CARDIAC VALVE REPLACEMENT AND SUPPLEMENT PROCEDURES WITHOUT MCC,143,171825.61538,59472.986014,54905.783217
050115,Palomar Health Downtown Campus,Escondido,555 East Valley Parkway,6,92025,CA,1.0,"Metropolitan area core: primary flow within an urbanized area of 50,000 and greater",267,ENDOVASCULAR CARDIAC VALVE REPLACEMENT AND SUPPLEMENT PROCEDURES WITHOUT MCC,20,204124.2,46006.1,44660.35
050129,St Bernardine Medical Center,San Bernardino,2101 N Waterman Ave,6,92404,CA,1.0,"Metropolitan area core: primary flow within an urbanized area of 50,000 and greater",267,ENDOVASCULAR CARDIAC VALVE REPLACEMENT AND SUPPLEMENT PROCEDURES WITHOUT MCC,20,313605.85,48478.45,47217.05
050168,Providence St. Jude Medical Center,Fullerton,101 E Valencia Mesa Drive,6,92835,CA,1.0,"Metropolitan area core: primary flow within an urbanized area of 50,000 and greater",266,ENDOVASCULAR CARDIAC VALVE REPLACEMENT AND SUPPLEMENT PROCEDURES WITH MCC,13,279556.92308,65247.923077,57523.076923
050174,Providence Santa Rosa Memorial Hospital,Santa Rosa,1165 Montgomery Dr,6,95405,CA,1.0,"Metropolitan area core: primary flow within an urbanized area of 50,000 and greater",266,ENDOVASCULAR CARDIAC VALVE REPLACEMENT AND SUPPLEMENT PROCEDURES WITH MCC,25,375213.48,73248.2,72357.84
050174,Providence Santa Rosa Memorial Hospital,Santa Rosa,1165 Montgomery Dr,6,95405,CA,1.0,"Metropolitan area core: primary flow within an urbanized area of 50,000 and greater",267,ENDOVASCULAR CARDIAC VALVE REPLACEMENT AND SUPPLEMENT PROCEDURES WITHOUT MCC,56,274898.96429,56816.607143,55571.107143
050222,Sharp Chula Vista Medical Center,Chula Vista,751 Medical Center Court,6,91911,CA,1.0,"Metropolitan area core: primary flow within an urbanized area of 50,000 and greater",266,ENDOVASCULAR CARDIAC VALVE REPLACEMENT AND SUPPLEMENT PROCEDURES WITH MCC,19,427280.73684,62287.631579,61194.157895
050222,Sharp Chula Vista Medical Center,Chula Vista,751 Medical Center Court,6,91911,CA,1.0,"Metropolitan area core: primary flow within an urbanized area of 50,000 and greater",267,ENDOVASCULAR CARDIAC VALVE REPLACEMENT AND SUPPLEMENT PROCEDURES WITHOUT MCC,23,237042.91304,47539.347826,46377.956522
050224,Hoag Memorial Hospital Presbyterian,Newport Beach,One Hoag Drive,6,92663,CA,1.0,"Metropolitan area core: primary flow within an urbanized area of 50,000 and greater",266,ENDOVASCULAR CARDIAC VALVE REPLACEMENT AND SUPPLEMENT PROCEDURES WITH MCC,12,261371.75,63681.333333,62901.416667
050224,Hoag Memorial Hospital Presbyterian,Newport Beach,One Hoag Drive,6,92663,CA,1.0,"Metropolitan area core: primary flow within an urbanized area of 50,000 and greater",267,ENDOVASCULAR CARDIAC VALVE REPLACEMENT AND SUPPLEMENT PROCEDURES WITHOUT MCC,72,153659.45833,45920.236111,42946.138889
050232,French Hospital Medical Center,San Luis Obispo,1911 Johnson Ave,6,93401,CA,1.0,"Metropolitan area core: primary flow within an urbanized area of 50,000 and greater",266,ENDOVASCULAR CARDIAC VALVE REPLACEMENT AND SUPPLEMENT PROCEDURES WITH MCC,20,423276.35,59890.05,58925.4
050232,French Hospital Medical Center,San Luis Obispo,1911 Johnson Ave,6,93401,CA,1.0,"Metropolitan area core: primary flow within an urbanized area of 50,000 and greater",267,ENDOVASCULAR CARDIAC VALVE REPLACEMENT AND SUPPLEMENT PROCEDURES WITHOUT MCC,33,321448.33333,44619.515152,43405.333333
050239,Glendale Adventist Medical Center,Glendale,1509 E Wilson Terrace,6,91206,CA,1.0,"Metropolitan area core: primary flow within an urbanized area of 50,000 and greater",266,ENDOVASCULAR CARDIAC VALVE REPLACEMENT AND SUPPLEMENT PROCEDURES WITH MCC,42,290947.57143,67742.904762,66775.5
050239,Glendale Adventist Medical Center,Glendale,1509 E Wilson Terrace,6,91206,CA,1.0,"Metropolitan area core: primary flow within an urbanized area of 50,000 and greater",267,ENDOVASCULAR CARDIAC VALVE REPLACEMENT AND SUPPLEMENT PROCEDURES WITHOUT MCC,34,292872.41176,53796.588235,52641.441176
050242,Dominican Hospital,Santa Cruz,1555 Soquel Drive,6,95065,CA,1.0,"Metropolitan area core: primary flow within an urbanized area of 50,000 and greater",266,ENDOVASCULAR CARDIAC VALVE REPLACEMENT AND SUPPLEMENT PROCEDURES WITH MCC,21,394868.80952,72500.142857,71298.809524
050242,Dominican Hospital,Santa Cruz,1555 Soquel Drive,6,95065,CA,1.0,"Metropolitan area core: primary flow within an urbanized area of 50,000 and greater",267,ENDOVASCULAR CARDIAC VALVE REPLACEMENT AND SUPPLEMENT PROCEDURES WITHOUT MCC,21,289800.95238,60046.285714,58703.619048
050262,Ronald Reagan U C L A Medical Center,Los Angeles,757 Westwood Plaza,6,90095,CA,1.0,"Metropolitan area core: primary flow within an urbanized area of 50,000 and greater",266,ENDOVASCULAR CARDIAC VALVE REPLACEMENT AND SUPPLEMENT PROCEDURES WITH MCC,55,234167.87273,103912.32727,98794.763636
050262,Ronald Reagan U C L A Medical Center,Los Angeles,757 Westwood Plaza,6,90095,CA,1.0,"Metropolitan area core: primary flow within an urbanized area of 50,000 and greater",267,ENDOVASCULAR CARDIAC VALVE REPLACEMENT AND SUPPLEMENT PROCEDURES WITHOUT MCC,58,175882.55172,79243.12069,73383.741379
050290,Providence Saint John's Health Center,Santa Monica,2121 Santa Monica Blvd,6,90404,CA,1.0,"Metropolitan area core: primary flow within an urbanized area of 50,000 and greater",267,ENDOVASCULAR CARDIAC VALVE REPLACEMENT AND SUPPLEMENT PROCEDURES WITHOUT MCC,18,130008.38889,47730.555556,40793.888889
050308,El Camino Hospital,Mountain View,2500 Grant Road,6,94040,CA,1.0,"Metropolitan area core: primary flow within an urbanized area of 50,000 and greater",266,ENDOVASCULAR CARDIAC VALVE REPLACEMENT AND SUPPLEMENT PROCEDURES WITH MCC,32,416577.5625,75878.625,74927.96875
050308,El Camino Hospital,Mountain View,2500 Grant Road,6,94040,CA,1.0,"Metropolitan area core: primary flow within an urbanized area of 50,000 and greater",267,ENDOVASCULAR CARDIAC VALVE REPLACEMENT AND SUPPLEMENT PROCEDURES WITHOUT MCC,90,312294.7,58411.788889,57142.144444
050324,Scripps Memorial Hospital La Jolla,La Jolla,9888 Genesee Avenue,6,92037,CA,1.0,"Metropolitan area core: primary flow within an urbanized area of 50,000 and greater",266,ENDOVASCULAR CARDIAC VALVE REPLACEMENT AND SUPPLEMENT PROCEDURES WITH MCC,76,451582.36842,62090.907895,60938.960526
050324,Scripps Memorial Hospital La Jolla,La Jolla,9888 Genesee Avenue,6,92037,CA,1.0,"Metropolitan area core: primary flow within an urbanized area of 50,000 and greater",267,ENDOVASCULAR CARDIAC VALVE REPLACEMENT AND SUPPLEMENT PROCEDURES WITHOUT MCC,163,320247.77914,44001.723926,42729.018405
050327,Loma Linda University Medical Center,Loma Linda,11234 Anderson St,6,92354,CA,1.0,"Metropolitan area core: primary flow within an urbanized area of 50,000 and greater",266,ENDOVASCULAR CARDIAC VALVE REPLACEMENT AND SUPPLEMENT PROCEDURES WITH MCC,12,370413.5,81139.333333,75152.666667
050327,Loma Linda University Medical Center,Loma Linda,11234 Anderson St,6,92354,CA,1.0,"Metropolitan area core: primary flow within an urbanized area of 50,000 and greater",267,ENDOVASCULAR CARDIAC VALVE REPLACEMENT AND SUPPLEMENT PROCEDURES WITHOUT MCC,29,224334.65517,60489.655172,58299.551724
050334,Salinas Valley Memorial Hospital,Salinas,450 East Romie Lane,6,93901,CA,1.0,"Metropolitan area core: primary flow within an urbanized area of 50,000 and greater",267,ENDOVASCULAR CARDIAC VALVE REPLACEMENT AND SUPPLEMENT PROCEDURES WITHOUT MCC,26,217068.03846,60979.769231,59724.076923
050348,University Of California Irvine Medical Center,Orange,101 City Drive South,6,92868,CA,1.0,"Metropolitan area core: primary flow within an urbanized area of 50,000 and greater",267,ENDOVASCULAR CARDIAC VALVE REPLACEMENT AND SUPPLEMENT PROCEDURES WITHOUT MCC,34,181540.58824,66471.058824,64289.470588
050351,Torrance Memorial Medical Center,Torrance,3330 Lomita Blvd,6,90509,CA,99.0,Unknown,266,ENDOVASCULAR CARDIAC VALVE REPLACEMENT AND SUPPLEMENT PROCEDURES WITH MCC,39,245024.4359,54996.769231,52574.769231
050351,Torrance Memorial Medical Center,Torrance,3330 Lomita Blvd,6,90509,CA,99.0,Unknown,267,ENDOVASCULAR CARDIAC VALVE REPLACEMENT AND SUPPLEMENT PROCEDURES WITHOUT MCC,15,199943.86667,43283.0,41996.866667
050353,Providence Little Company Of Mary Med Ctr Torrance,Torrance,4101 Torrance Blvd,6,90503,CA,1.0,"Metropolitan area core: primary flow within an urbanized area of 50,000 and greater",266,ENDOVASCULAR CARDIAC VALVE REPLACEMENT AND SUPPLEMENT PROCEDURES WITH MCC,11,184275.72727,67534.363636,53216.454545
050360,Marinhealth Medical Center,Greenbrae,"250 Bon Air Road, Po Box 8010",6,94904,CA,1.0,"Metropolitan area core: primary flow within an urbanized area of 50,000 and greater",266,ENDOVASCULAR CARDIAC VALVE REPLACEMENT AND SUPPLEMENT PROCEDURES WITH MCC,42,367829.07143,74180.904762,72944.214286
050360,Marinhealth Medical Center,Greenbrae,"250 Bon Air Road, Po Box 8010",6,94904,CA,1.0,"Metropolitan area core: primary flow within an urbanized area of 50,000 and greater",267,ENDOVASCULAR CARDIAC VALVE REPLACEMENT AND SUPPLEMENT PROCEDURES WITHOUT MCC,17,284513.58824,58272.529412,56875.823529
050367,Northbay Medical Center,Fairfield,1200 B  Gale Wilson Blvd,6,94533,CA,1.0,"Metropolitan area core: primary flow within an urbanized area of 50,000 and greater",267,ENDOVASCULAR CARDIAC VALVE REPLACEMENT AND SUPPLEMENT PROCEDURES WITHOUT MCC,11,361629.81818,59136.727273,57783.272727
050380,Good Samaritan Hospital,San Jose,2425 Samaritan Drive,6,95124,CA,1.0,"Metropolitan area core: primary flow within an urbanized area of 50,000 and greater",266,ENDOVASCULAR CARDIAC VALVE REPLACEMENT AND SUPPLEMENT PROCEDURES WITH MCC,23,638434.34783,75626.695652,68752.26087
050380,Good Samaritan Hospital,San Jose,2425 Samaritan Drive,6,95124,CA,1.0,"Metropolitan area core: primary flow within an urbanized area of 50,000 and greater",267,ENDOVASCULAR CARDIAC VALVE REPLACEMENT AND SUPPLEMENT PROCEDURES WITHOUT MCC,28,470070.35714,56797.607143,55578.607143
050394,Community Memorial Hospital San Buenaventura,Ventura,147 N Brent St,6,93003,CA,1.0,"Metropolitan area core: primary flow within an urbanized area of 50,000 and greater",266,ENDOVASCULAR CARDIAC VALVE REPLACEMENT AND SUPPLEMENT PROCEDURES WITH MCC,16,236633.75,75980.625,65944.375
050394,Community Memorial Hospital San Buenaventura,Ventura,147 N Brent St,6,93003,CA,1.0,"Metropolitan area core: primary flow within an urbanized area of 50,000 and greater",267,ENDOVASCULAR CARDIAC VALVE REPLACEMENT AND SUPPLEMENT PROCEDURES WITHOUT MCC,37,198861.21622,55525.702703,54100.0
050396,Santa Barbara Cottage Hospital,Santa Barbara,400 West Pueblo,6,93102,CA,1.0,"Metropolitan area core: primary flow within an urbanized area of 50,000 and greater",266,ENDOVASCULAR CARDIAC VALVE REPLACEMENT AND SUPPLEMENT PROCEDURES WITH MCC,61,272336.67213,70281.557377,68938.836066
050396,Santa Barbara Cottage Hospital,Santa Barbara,400 West Pueblo,6,93102,CA,1.0,"Metropolitan area core: primary flow within an urbanized area of 50,000 and greater",267,ENDOVASCULAR CARDIAC VALVE REPLACEMENT AND SUPPLEMENT PROCEDURES WITHOUT MCC,83,196503.96386,55758.951807,52100.855422
050438,Huntington Hospital,Pasadena,100 W  California Blvd,6,91109,CA,1.0,"Metropolitan area core: primary flow within an urbanized area of 50,000 and greater",266,ENDOVASCULAR CARDIAC VALVE REPLACEMENT AND SUPPLEMENT PROCEDURES WITH MCC,12,371275.66667,66264.166667,65330.916667
050438,Huntington Hospital,Pasadena,100 W  California Blvd,6,91109,CA,1.0,"Metropolitan area core: primary flow within an urbanized area of 50,000 and greater",267,ENDOVASCULAR CARDIAC VALVE REPLACEMENT AND SUPPLEMENT PROCEDURES WITHOUT MCC,34,246322.64706,50964.911765,49923.441176
050441,Stanford Health Care,Stanford,300 Pasteur Drive,6,94305,CA,1.0,"Metropolitan area core: primary flow within an urbanized area of 50,000 and greater",266,ENDOVASCULAR CARDIAC VALVE REPLACEMENT AND SUPPLEMENT PROCEDURES WITH MCC,46,638324.80435,110498.71739,105755.69565
050441,Stanford Health Care,Stanford,300 Pasteur Drive,6,94305,CA,1.0,"Metropolitan area core: primary flow within an urbanized area of 50,000 and greater",267,ENDOVASCULAR CARDIAC VALVE REPLACEMENT AND SUPPLEMENT PROCEDURES WITHOUT MCC,182,315589.31319,76386.818681,73634.10989
050454,Ucsf Medical Center,San Francisco,"505 Parnassus Ave, Box 0296",6,94143,CA,1.0,"Metropolitan area core: primary flow within an urbanized area of 50,000 and greater",266,ENDOVASCULAR CARDIAC VALVE REPLACEMENT AND SUPPLEMENT PROCEDURES WITH MCC,36,448749.16667,111304.0,106979.02778
050454,Ucsf Medical Center,San Francisco,"505 Parnassus Ave, Box 0296",6,94143,CA,1.0,"Metropolitan area core: primary flow within an urbanized area of 50,000 and greater",267,ENDOVASCULAR CARDIAC VALVE REPLACEMENT AND SUPPLEMENT PROCEDURES WITHOUT MCC,74,267875.2027,78162.27027,75927.972973
050464,Doctors Medical Center,Modesto,1441 Florida Avenue,6,95350,CA,1.0,"Metropolitan area core: primary flow within an urbanized area of 50,000 and greater",266,ENDOVASCULAR CARDIAC VALVE REPLACEMENT AND SUPPLEMENT PROCEDURES WITH MCC,23,676812.69565,67331.434783,66491.043478
050464,Doctors Medical Center,Modesto,1441 Florida Avenue,6,95350,CA,1.0,"Metropolitan area core: primary flow within an urbanized area of 50,000 and greater",267,ENDOVASCULAR CARDIAC VALVE REPLACEMENT AND SUPPLEMENT PROCEDURES WITHOUT MCC,32,619889.53125,52821.46875,51543.9375
050471,Good Samaritan Hospital,Los Angeles,1225 Wilshire Boulevard,6,90017,CA,1.0,"Metropolitan area core: primary flow within an urbanized area of 50,000 and greater",266,ENDOVASCULAR CARDIAC VALVE REPLACEMENT AND SUPPLEMENT PROCEDURES WITH MCC,64,322854.84375,64064.015625,63447.4375
050471,Good Samaritan Hospital,Los Angeles,1225 Wilshire Boulevard,6,90017,CA,1.0,"Metropolitan area core: primary flow within an urbanized area of 50,000 and greater",267,ENDOVASCULAR CARDIAC VALVE REPLACEMENT AND SUPPLEMENT PROCEDURES WITHOUT MCC,107,225702.73832,49056.429907,48091.691589
050485,Long Beach Memorial Medical Center,Long Beach,2801 Atlantic Ave,6,90806,CA,1.0,"Metropolitan area core: primary flow within an urbanized area of 50,000 and greater",266,ENDOVASCULAR CARDIAC VALVE REPLACEMENT AND SUPPLEMENT PROCEDURES WITH MCC,30,312770.9,64902.966667,63627.0
050485,Long Beach Memorial Medical Center,Long Beach,2801 Atlantic Ave,6,90806,CA,1.0,"Metropolitan area core: primary flow within an urbanized area of 50,000 and greater",267,ENDOVASCULAR CARDIAC VALVE REPLACEMENT AND SUPPLEMENT PROCEDURES WITHOUT MCC,18,221511.16667,54448.5,45719.944444
050496,John Muir Medical Center - Concord Campus,Concord,2540 East St,6,94520,CA,1.0,"Metropolitan area core: primary flow within an urbanized area of 50,000 and greater",266,ENDOVASCULAR CARDIAC VALVE REPLACEMENT AND SUPPLEMENT PROCEDURES WITH MCC,15,777504.93333,89384.266667,88360.466667
050496,John Muir Medical Center - Concord Campus,Concord,2540 East St,6,94520,CA,1.0,"Metropolitan area core: primary flow within an urbanized area of 50,000 and greater",267,ENDOVASCULAR CARDIAC VALVE REPLACEMENT AND SUPPLEMENT PROCEDURES WITHOUT MCC,59,497992.9661,69634.898305,56088.525424
050549,Los Robles Hospital & Medical Center,Thousand Oaks,215 W Janss Rd,6,91360,CA,1.0,"Metropolitan area core: primary flow within an urbanized area of 50,000 and greater",266,ENDOVASCULAR CARDIAC VALVE REPLACEMENT AND SUPPLEMENT PROCEDURES WITH MCC,30,566674.5,60493.1,59506.3
050549,Los Robles Hospital & Medical Center,Thousand Oaks,215 W Janss Rd,6,91360,CA,1.0,"Metropolitan area core: primary flow within an urbanized area of 50,000 and greater",267,ENDOVASCULAR CARDIAC VALVE REPLACEMENT AND SUPPLEMENT PROCEDURES WITHOUT MCC,58,354831.13793,47717.827586,43422.155172
050557,Memorial Medical Center,Modesto,1700 Coffee Rd,6,95355,CA,1.0,"Metropolitan area core: primary flow within an urbanized area of 50,000 and greater",266,ENDOVASCULAR CARDIAC VALVE REPLACEMENT AND SUPPLEMENT PROCEDURES WITH MCC,16,238529.8125,69565.3125,53990.0
050557,Memorial Medical Center,Modesto,1700 Coffee Rd,6,95355,CA,1.0,"Metropolitan area core: primary flow within an urbanized area of 50,000 and greater",267,ENDOVASCULAR CARDIAC VALVE REPLACEMENT AND SUPPLEMENT PROCEDURES WITHOUT MCC,38,154433.60526,47677.815789,46389.078947
050573,Eisenhower Medical Center,Rancho Mirage,39-000 Bob Hope Drive,6,92270,CA,1.0,"Metropolitan area core: primary flow within an urbanized area of 50,000 and greater",266,ENDOVASCULAR CARDIAC VALVE REPLACEMENT AND SUPPLEMENT PROCEDURES WITH MCC,72,191423.40278,62113.847222,60291.375
050573,Eisenhower Medical Center,Rancho Mirage,39-000 Bob Hope Drive,6,92270,CA,1.0,"Metropolitan area core: primary flow within an urbanized area of 50,000 and greater",267,ENDOVASCULAR CARDIAC VALVE REPLACEMENT AND SUPPLEMENT PROCEDURES WITHOUT MCC,79,142367.55696,49230.126582,48175.0
050599,University Of California Davis Medical Center,Sacramento,2315 Stockton Boulevard,6,95817,CA,1.0,"Metropolitan area core: primary flow within an urbanized area of 50,000 and greater",266,ENDOVASCULAR CARDIAC VALVE REPLACEMENT AND SUPPLEMENT PROCEDURES WITH MCC,57,314062.38596,95618.561404,91807.052632
050599,University Of California Davis Medical Center,Sacramento,2315 Stockton Boulevard,6,95817,CA,1.0,"Metropolitan area core: primary flow within an urbanized area of 50,000 and greater",267,ENDOVASCULAR CARDIAC VALVE REPLACEMENT AND SUPPLEMENT PROCEDURES WITHOUT MCC,102,188565.32353,73778.352941,71947.401961
050603,Memorialcare Saddleback Medical Center,Laguna Hills,24451 Health Center Drive,6,92653,CA,1.1,"Secondary flow 30% to <50% to a larger urbanized area of 50,000 and greater",266,ENDOVASCULAR CARDIAC VALVE REPLACEMENT AND SUPPLEMENT PROCEDURES WITH MCC,11,285313.45455,63614.181818,62800.454545
050603,Memorialcare Saddleback Medical Center,Laguna Hills,24451 Health Center Drive,6,92653,CA,1.1,"Secondary flow 30% to <50% to a larger urbanized area of 50,000 and greater",267,ENDOVASCULAR CARDIAC VALVE REPLACEMENT AND SUPPLEMENT PROCEDURES WITHOUT MCC,18,215099.22222,47489.611111,39971.333333
050625,Cedars-Sinai Medical Center,Los Angeles,8700 Beverly Blvd,6,90048,CA,1.0,"Metropolitan area core: primary flow within an urbanized area of 50,000 and greater",266,ENDOVASCULAR CARDIAC VALVE REPLACEMENT AND SUPPLEMENT PROCEDURES WITH MCC,474,682831.49789,80174.7173,76023.56962
050625,Cedars-Sinai Medical Center,Los Angeles,8700 Beverly Blvd,6,90048,CA,1.0,"Metropolitan area core: primary flow within an urbanized area of 50,000 and greater",267,ENDOVASCULAR CARDIAC VALVE REPLACEMENT AND SUPPLEMENT PROCEDURES WITHOUT MCC,244,533494.43443,57974.622951,55449.52459
050696,Keck Hospital Of Usc,Los Angeles,1500 San Pablo Street,6,90033,CA,1.0,"Metropolitan area core: primary flow within an urbanized area of 50,000 and greater",266,ENDOVASCULAR CARDIAC VALVE REPLACEMENT AND SUPPLEMENT PROCEDURES WITH MCC,32,376612.59375,100656.625,89183.5625
050696,Keck Hospital Of Usc,Los Angeles,1500 San Pablo Street,6,90033,CA,1.0,"Metropolitan area core: primary flow within an urbanized area of 50,000 and greater",267,ENDOVASCULAR CARDIAC VALVE REPLACEMENT AND SUPPLEMENT PROCEDURES WITHOUT MCC,54,206800.07407,62947.592593,58467.685185
050764,Shasta Regional Medical Center,Redding,1100 Butte St,6,96001,CA,1.0,"Metropolitan area core: primary flow within an urbanized area of 50,000 and greater",266,ENDOVASCULAR CARDIAC VALVE REPLACEMENT AND SUPPLEMENT PROCEDURES WITH MCC,30,281044.4,59590.266667,58205.2
050764,Shasta Regional Medical Center,Redding,1100 Butte St,6,96001,CA,1.0,"Metropolitan area core: primary flow within an urbanized area of 50,000 and greater",267,ENDOVASCULAR CARDIAC VALVE REPLACEMENT AND SUPPLEMENT PROCEDURES WITHOUT MCC,29,262800.17241,47175.068966,45742.241379
050770,Loma Linda University Medical Center-Murrieta,Murrieta,28062 Baxter Road,6,92563,CA,1.0,"Metropolitan area core: primary flow within an urbanized area of 50,000 and greater",266,ENDOVASCULAR CARDIAC VALVE REPLACEMENT AND SUPPLEMENT PROCEDURES WITH MCC,30,157113.9,57163.833333,56322.9
050770,Loma Linda University Medical Center-Murrieta,Murrieta,28062 Baxter Road,6,92563,CA,1.0,"Metropolitan area core: primary flow within an urbanized area of 50,000 and greater",267,ENDOVASCULAR CARDIAC VALVE REPLACEMENT AND SUPPLEMENT PROCEDURES WITHOUT MCC,32,170212.5625,46052.84375,45125.34375
060001,North Colorado Medical Center,Greeley,1801 16th St,8,80631,CO,1.0,"Metropolitan area core: primary flow within an urbanized area of 50,000 and greater",266,ENDOVASCULAR CARDIAC VALVE REPLACEMENT AND SUPPLEMENT PROCEDURES WITH MCC,20,237024.35,53464.1,52796.3
060001,North Colorado Medical Center,Greeley,1801 16th St,8,80631,CO,1.0,"Metropolitan area core: primary flow within an urbanized area of 50,000 and greater",267,ENDOVASCULAR CARDIAC VALVE REPLACEMENT AND SUPPLEMENT PROCEDURES WITHOUT MCC,12,203289.83333,41893.166667,40903.833333
060015,Centura Health-St Anthony Hospital,Lakewood,11600 W 2nd Pl,8,80228,CO,1.0,"Metropolitan area core: primary flow within an urbanized area of 50,000 and greater",266,ENDOVASCULAR CARDIAC VALVE REPLACEMENT AND SUPPLEMENT PROCEDURES WITH MCC,11,330515.45455,48602.909091,47520.181818
060015,Centura Health-St Anthony Hospital,Lakewood,11600 W 2nd Pl,8,80228,CO,1.0,"Metropolitan area core: primary flow within an urbanized area of 50,000 and greater",267,ENDOVASCULAR CARDIAC VALVE REPLACEMENT AND SUPPLEMENT PROCEDURES WITHOUT MCC,20,313656.4,38905.75,37820.9
060020,"Parkview Medical Center, Inc",Pueblo,400 W 16th St,8,81003,CO,1.0,"Metropolitan area core: primary flow within an urbanized area of 50,000 and greater",266,ENDOVASCULAR CARDIAC VALVE REPLACEMENT AND SUPPLEMENT PROCEDURES WITH MCC,20,259358.6,52297.85,51217.9
060022,University Colo Health Memorial Hospital Central,Colorado Springs,1400 E Boulder St,8,80909,CO,1.0,"Metropolitan area core: primary flow within an urbanized area of 50,000 and greater",266,ENDOVASCULAR CARDIAC VALVE REPLACEMENT AND SUPPLEMENT PROCEDURES WITH MCC,22,248878.72727,48785.818182,48052.636364
060022,University Colo Health Memorial Hospital Central,Colorado Springs,1400 E Boulder St,8,80909,CO,1.0,"Metropolitan area core: primary flow within an urbanized area of 50,000 and greater",267,ENDOVASCULAR CARDIAC VALVE REPLACEMENT AND SUPPLEMENT PROCEDURES WITHOUT MCC,24,213476.0,38713.083333,37577.916667
060023,St Marys Medical Center,Grand Junction,2635 N 7th St,8,81501,CO,1.0,"Metropolitan area core: primary flow within an urbanized area of 50,000 and greater",267,ENDOVASCULAR CARDIAC VALVE REPLACEMENT AND SUPPLEMENT PROCEDURES WITHOUT MCC,24,186029.29167,43837.75,42563.25
060024,University Of Colorado Hospital Authority,Aurora,12605 E 16th Ave,8,80045,CO,1.0,"Metropolitan area core: primary flow within an urbanized area of 50,000 and greater",266,ENDOVASCULAR CARDIAC VALVE REPLACEMENT AND SUPPLEMENT PROCEDURES WITH MCC,18,478358.0,66100.555556,62377.555556
060024,University Of Colorado Hospital Authority,Aurora,12605 E 16th Ave,8,80045,CO,1.0,"Metropolitan area core: primary flow within an urbanized area of 50,000 and greater",267,ENDOVASCULAR CARDIAC VALVE REPLACEMENT AND SUPPLEMENT PROCEDURES WITHOUT MCC,63,357627.95238,47632.492063,45836.603175
060027,Foothills Hospital,Boulder,4747 Arapahoe Ave,8,80303,CO,1.0,"Metropolitan area core: primary flow within an urbanized area of 50,000 and greater",266,ENDOVASCULAR CARDIAC VALVE REPLACEMENT AND SUPPLEMENT PROCEDURES WITH MCC,17,257471.94118,48396.117647,47171.176471
060027,Foothills Hospital,Boulder,4747 Arapahoe Ave,8,80303,CO,1.0,"Metropolitan area core: primary flow within an urbanized area of 50,000 and greater",267,ENDOVASCULAR CARDIAC VALVE REPLACEMENT AND SUPPLEMENT PROCEDURES WITHOUT MCC,22,232349.86364,37964.409091,36950.409091
060028,Saint Joseph Hospital,Denver,1375 E 19th Ave,8,80218,CO,1.0,"Metropolitan area core: primary flow within an urbanized area of 50,000 and greater",266,ENDOVASCULAR CARDIAC VALVE REPLACEMENT AND SUPPLEMENT PROCEDURES WITH MCC,54,334605.44444,59870.814815,55935.333333
060028,Saint Joseph Hospital,Denver,1375 E 19th Ave,8,80218,CO,1.0,"Metropolitan area core: primary flow within an urbanized area of 50,000 and greater",267,ENDOVASCULAR CARDIAC VALVE REPLACEMENT AND SUPPLEMENT PROCEDURES WITHOUT MCC,35,298004.14286,44604.228571,43361.171429
060031,Centura Penrose Hospital,Colorado Springs,2222 North Nevada Ave Ste 215,8,80907,CO,1.0,"Metropolitan area core: primary flow within an urbanized area of 50,000 and greater",266,ENDOVASCULAR CARDIAC VALVE REPLACEMENT AND SUPPLEMENT PROCEDURES WITH MCC,23,257582.34783,47169.304348,46114.869565
060031,Centura Penrose Hospital,Colorado Springs,2222 North Nevada Ave Ste 215,8,80907,CO,1.0,"Metropolitan area core: primary flow within an urbanized area of 50,000 and greater",267,ENDOVASCULAR CARDIAC VALVE REPLACEMENT AND SUPPLEMENT PROCEDURES WITHOUT MCC,27,271521.0,38231.148148,36890.407407
060034,Swedish Medical Center,Englewood,501 E Hampden Ave,8,80113,CO,1.0,"Metropolitan area core: primary flow within an urbanized area of 50,000 and greater",266,ENDOVASCULAR CARDIAC VALVE REPLACEMENT AND SUPPLEMENT PROCEDURES WITH MCC,28,579791.71429,52705.785714,47195.357143
060034,Swedish Medical Center,Englewood,501 E Hampden Ave,8,80113,CO,1.0,"Metropolitan area core: primary flow within an urbanized area of 50,000 and greater",267,ENDOVASCULAR CARDIAC VALVE REPLACEMENT AND SUPPLEMENT PROCEDURES WITHOUT MCC,42,517268.35714,42880.547619,36313.47619
060100,"Medical Center Of Aurora, The",Aurora,1501 S Potomac St,8,80012,CO,1.0,"Metropolitan area core: primary flow within an urbanized area of 50,000 and greater",267,ENDOVASCULAR CARDIAC VALVE REPLACEMENT AND SUPPLEMENT PROCEDURES WITHOUT MCC,18,529690.16667,40162.777778,38959.333333
060119,Medical Center Of The Rockies,Loveland,2500 Rocky Mountain Ave,8,80538,CO,1.0,"Metropolitan area core: primary flow within an urbanized area of 50,000 and greater",266,ENDOVASCULAR CARDIAC VALVE REPLACEMENT AND SUPPLEMENT PROCEDURES WITH MCC,55,191655.25455,46831.290909,45942.272727
060119,Medical Center Of The Rockies,Loveland,2500 Rocky Mountain Ave,8,80538,CO,1.0,"Metropolitan area core: primary flow within an urbanized area of 50,000 and greater",267,ENDOVASCULAR CARDIAC VALVE REPLACEMENT AND SUPPLEMENT PROCEDURES WITHOUT MCC,69,145660.21739,36540.449275,35314.536232
070002,St Francis Hospital & Medical Center,Hartford,114 Woodland Street,9,6105,CT,1.0,"Metropolitan area core: primary flow within an urbanized area of 50,000 and greater",266,ENDOVASCULAR CARDIAC VALVE REPLACEMENT AND SUPPLEMENT PROCEDURES WITH MCC,26,190403.46154,61783.076923,60422.230769
070002,St Francis Hospital & Medical Center,Hartford,114 Woodland Street,9,6105,CT,1.0,"Metropolitan area core: primary flow within an urbanized area of 50,000 and greater",267,ENDOVASCULAR CARDIAC VALVE REPLACEMENT AND SUPPLEMENT PROCEDURES WITHOUT MCC,36,141924.11111,47764.416667,46570.388889
070006,Stamford Hospital,Stamford,One Hospital Plaza,9,6904,CT,1.0,"Metropolitan area core: primary flow within an urbanized area of 50,000 and greater",266,ENDOVASCULAR CARDIAC VALVE REPLACEMENT AND SUPPLEMENT PROCEDURES WITH MCC,14,181124.71429,66361.785714,64848.928571
070006,Stamford Hospital,Stamford,One Hospital Plaza,9,6904,CT,1.0,"Metropolitan area core: primary flow within an urbanized area of 50,000 and greater",267,ENDOVASCULAR CARDIAC VALVE REPLACEMENT AND SUPPLEMENT PROCEDURES WITHOUT MCC,32,150964.875,57293.5,46861.4375
070010,Bridgeport Hospital,Bridgeport,267 Grant Street,9,6610,CT,1.0,"Metropolitan area core: primary flow within an urbanized area of 50,000 and greater",266,ENDOVASCULAR CARDIAC VALVE REPLACEMENT AND SUPPLEMENT PROCEDURES WITH MCC,19,184283.42105,63182.526316,61991.842105
070010,Bridgeport Hospital,Bridgeport,267 Grant Street,9,6610,CT,1.0,"Metropolitan area core: primary flow within an urbanized area of 50,000 and greater",267,ENDOVASCULAR CARDIAC VALVE REPLACEMENT AND SUPPLEMENT PROCEDURES WITHOUT MCC,25,169156.48,51666.4,50263.24
070022,Yale-New Haven Hospital,New Haven,20 York St,9,6504,CT,1.0,"Metropolitan area core: primary flow within an urbanized area of 50,000 and greater",266,ENDOVASCULAR CARDIAC VALVE REPLACEMENT AND SUPPLEMENT PROCEDURES WITH MCC,97,177323.12371,72604.494845,70329.773196
070022,Yale-New Haven Hospital,New Haven,20 York St,9,6504,CT,1.0,"Metropolitan area core: primary flow within an urbanized area of 50,000 and greater",267,ENDOVASCULAR CARDIAC VALVE REPLACEMENT AND SUPPLEMENT PROCEDURES WITHOUT MCC,12,151291.0,63833.75,53053.25
070025,Hartford Hospital,Hartford,80 Seymour Street,9,6102,CT,1.0,"Metropolitan area core: primary flow within an urbanized area of 50,000 and greater",266,ENDOVASCULAR CARDIAC VALVE REPLACEMENT AND SUPPLEMENT PROCEDURES WITH MCC,47,182319.6383,64104.978723,61146.744681
070025,Hartford Hospital,Hartford,80 Seymour Street,9,6102,CT,1.0,"Metropolitan area core: primary flow within an urbanized area of 50,000 and greater",267,ENDOVASCULAR CARDIAC VALVE REPLACEMENT AND SUPPLEMENT PROCEDURES WITHOUT MCC,85,121316.52941,49579.317647,46487.541176
070028,St Vincent's Medical Center,Bridgeport,2800 Main St,9,6606,CT,1.0,"Metropolitan area core: primary flow within an urbanized area of 50,000 and greater",267,ENDOVASCULAR CARDIAC VALVE REPLACEMENT AND SUPPLEMENT PROCEDURES WITHOUT MCC,60,111240.51667,54772.433333,50534.083333
070033,Danbury Hospital,Danbury,24 Hospital Ave,9,6810,CT,1.0,"Metropolitan area core: primary flow within an urbanized area of 50,000 and greater",266,ENDOVASCULAR CARDIAC VALVE REPLACEMENT AND SUPPLEMENT PROCEDURES WITH MCC,20,162529.3,61859.55,60565.95
070033,Danbury Hospital,Danbury,24 Hospital Ave,9,6810,CT,1.0,"Metropolitan area core: primary flow within an urbanized area of 50,000 and greater",267,ENDOVASCULAR CARDIAC VALVE REPLACEMENT AND SUPPLEMENT PROCEDURES WITHOUT MCC,37,136147.37838,49983.135135,48672.567568
080001,Christianacare,Newark,4755 Ogletown-Stanton Road,10,19718,DE,1.0,"Metropolitan area core: primary flow within an urbanized area of 50,000 and greater",266,ENDOVASCULAR CARDIAC VALVE REPLACEMENT AND SUPPLEMENT PROCEDURES WITH MCC,30,243786.4,73236.3,71015.2
080001,Christianacare,Newark,4755 Ogletown-Stanton Road,10,19718,DE,1.0,"Metropolitan area core: primary flow within an urbanized area of 50,000 and greater",267,ENDOVASCULAR CARDIAC VALVE REPLACEMENT AND SUPPLEMENT PROCEDURES WITHOUT MCC,141,195718.02128,54065.503546,47142.191489
080004,"Bayhealth Hospital, Kent Campus",Dover,640 S State Street,10,19901,DE,1.0,"Metropolitan area core: primary flow within an urbanized area of 50,000 and greater",266,ENDOVASCULAR CARDIAC VALVE REPLACEMENT AND SUPPLEMENT PROCEDURES WITH MCC,21,138494.7619,49781.333333,48574.714286
080004,"Bayhealth Hospital, Kent Campus",Dover,640 S State Street,10,19901,DE,1.0,"Metropolitan area core: primary flow within an urbanized area of 50,000 and greater",267,ENDOVASCULAR CARDIAC VALVE REPLACEMENT AND SUPPLEMENT PROCEDURES WITHOUT MCC,38,118163.81579,39430.289474,38112.684211
080007,Beebe Medical Center,Lewes,424 Savannah Rd,10,19958,DE,4.0,"Micropolitan area core: primary flow within an urban cluster of 10,000 to 49,999",267,ENDOVASCULAR CARDIAC VALVE REPLACEMENT AND SUPPLEMENT PROCEDURES WITHOUT MCC,25,121520.68,38194.28,36697.56
090001,George Washington Univ Hospital,Washington,900 23rd St Nw,11,20037,DC,1.0,"Metropolitan area core: primary flow within an urbanized area of 50,000 and greater",267,ENDOVASCULAR CARDIAC VALVE REPLACEMENT AND SUPPLEMENT PROCEDURES WITHOUT MCC,28,275429.28571,52788.107143,50653.428571
090011,Medstar Washington Hospital Center,Washington,110 Irving Street Nw,11,20010,DC,1.0,"Metropolitan area core: primary flow within an urbanized area of 50,000 and greater",266,ENDOVASCULAR CARDIAC VALVE REPLACEMENT AND SUPPLEMENT PROCEDURES WITH MCC,97,258937.65979,66110.257732,59319.319588
090011,Medstar Washington Hospital Center,Washington,110 Irving Street Nw,11,20010,DC,1.0,"Metropolitan area core: primary flow within an urbanized area of 50,000 and greater",267,ENDOVASCULAR CARDIAC VALVE REPLACEMENT AND SUPPLEMENT PROCEDURES WITHOUT MCC,234,182802.60684,50284.290598,44210.92735
100001,Uf Health Jacksonville,Jacksonville,655 W 8th St,12,32209,FL,1.0,"Metropolitan area core: primary flow within an urbanized area of 50,000 and greater",267,ENDOVASCULAR CARDIAC VALVE REPLACEMENT AND SUPPLEMENT PROCEDURES WITHOUT MCC,16,157271.375,47296.4375,45981.0
100002,Bethesda Hospital East,Boynton Beach,2815 S Seacrest Blvd,12,33435,FL,1.0,"Metropolitan area core: primary flow within an urbanized area of 50,000 and greater",266,ENDOVASCULAR CARDIAC VALVE REPLACEMENT AND SUPPLEMENT PROCEDURES WITH MCC,23,313807.30435,50244.608696,48621.347826
100002,Bethesda Hospital East,Boynton Beach,2815 S Seacrest Blvd,12,33435,FL,1.0,"Metropolitan area core: primary flow within an urbanized area of 50,000 and greater",267,ENDOVASCULAR CARDIAC VALVE REPLACEMENT AND SUPPLEMENT PROCEDURES WITHOUT MCC,15,229301.26667,38299.866667,36745.933333
100006,Orlando Health Orlando Regional Medical Center,Orlando,52 W Underwood St,12,32806,FL,1.0,"Metropolitan area core: primary flow within an urbanized area of 50,000 and greater",266,ENDOVASCULAR CARDIAC VALVE REPLACEMENT AND SUPPLEMENT PROCEDURES WITH MCC,35,413473.74286,53487.057143,52161.228571
100006,Orlando Health Orlando Regional Medical Center,Orlando,52 W Underwood St,12,32806,FL,1.0,"Metropolitan area core: primary flow within an urbanized area of 50,000 and greater",267,ENDOVASCULAR CARDIAC VALVE REPLACEMENT AND SUPPLEMENT PROCEDURES WITHOUT MCC,69,274427.13043,38490.652174,37305.869565
100007,Adventhealth Orlando,Orlando,601 E Rollins St,12,32803,FL,1.0,"Metropolitan area core: primary flow within an urbanized area of 50,000 and greater",266,ENDOVASCULAR CARDIAC VALVE REPLACEMENT AND SUPPLEMENT PROCEDURES WITH MCC,63,474668.42857,68417.920635,51042.460317
100007,Adventhealth Orlando,Orlando,601 E Rollins St,12,32803,FL,1.0,"Metropolitan area core: primary flow within an urbanized area of 50,000 and greater",267,ENDOVASCULAR CARDIAC VALVE REPLACEMENT AND SUPPLEMENT PROCEDURES WITHOUT MCC,123,385617.2439,40111.821138,37159.138211
100008,Baptist Hospital Of Miami,Miami,8900 N Kendall Dr,12,33176,FL,1.0,"Metropolitan area core: primary flow within an urbanized area of 50,000 and greater",266,ENDOVASCULAR CARDIAC VALVE REPLACEMENT AND SUPPLEMENT PROCEDURES WITH MCC,28,402894.53571,61474.107143,60275.178571
100008,Baptist Hospital Of Miami,Miami,8900 N Kendall Dr,12,33176,FL,1.0,"Metropolitan area core: primary flow within an urbanized area of 50,000 and greater",267,ENDOVASCULAR CARDIAC VALVE REPLACEMENT AND SUPPLEMENT PROCEDURES WITHOUT MCC,36,304254.30556,41380.027778,40262.5
100012,Lee Memorial Hospital,Fort Myers,2776 Cleveland Ave,12,33901,FL,1.0,"Metropolitan area core: primary flow within an urbanized area of 50,000 and greater",266,ENDOVASCULAR CARDIAC VALVE REPLACEMENT AND SUPPLEMENT PROCEDURES WITH MCC,23,382798.82609,53315.521739,52112.913043
100012,Lee Memorial Hospital,Fort Myers,2776 Cleveland Ave,12,33901,FL,1.0,"Metropolitan area core: primary flow within an urbanized area of 50,000 and greater",267,ENDOVASCULAR CARDIAC VALVE REPLACEMENT AND SUPPLEMENT PROCEDURES WITHOUT MCC,103,303832.41748,40646.834951,38044.038835
100017,Halifax Health Medical Center,Daytona Beach,303 N Clyde Morris Blvd,12,32114,FL,1.0,"Metropolitan area core: primary flow within an urbanized area of 50,000 and greater",266,ENDOVASCULAR CARDIAC VALVE REPLACEMENT AND SUPPLEMENT PROCEDURES WITH MCC,26,193882.88462,47388.0,45904.884615
100018,Naples Community Hospital,Naples,350 7th St N,12,34102,FL,1.0,"Metropolitan area core: primary flow within an urbanized area of 50,000 and greater",266,ENDOVASCULAR CARDIAC VALVE REPLACEMENT AND SUPPLEMENT PROCEDURES WITH MCC,30,181426.26667,44680.9,43783.666667
100018,Naples Community Hospital,Naples,350 7th St N,12,34102,FL,1.0,"Metropolitan area core: primary flow within an urbanized area of 50,000 and greater",267,ENDOVASCULAR CARDIAC VALVE REPLACEMENT AND SUPPLEMENT PROCEDURES WITHOUT MCC,65,142988.56923,36581.307692,35313.984615
100019,Holmes Regional Medical Center,Melbourne,1350 S Hickory St,12,32901,FL,1.0,"Metropolitan area core: primary flow within an urbanized area of 50,000 and greater",266,ENDOVASCULAR CARDIAC VALVE REPLACEMENT AND SUPPLEMENT PROCEDURES WITH MCC,23,503197.13043,68620.913043,66977.782609
100019,Holmes Regional Medical Center,Melbourne,1350 S Hickory St,12,32901,FL,1.0,"Metropolitan area core: primary flow within an urbanized area of 50,000 and greater",267,ENDOVASCULAR CARDIAC VALVE REPLACEMENT AND SUPPLEMENT PROCEDURES WITHOUT MCC,71,388879.77465,48109.380282,46989.746479
100023,Hca Florida Citrus Hospital,Inverness,502 W Highland Blvd,12,34452,FL,1.0,"Metropolitan area core: primary flow within an urbanized area of 50,000 and greater",266,ENDOVASCULAR CARDIAC VALVE REPLACEMENT AND SUPPLEMENT PROCEDURES WITH MCC,13,310398.61538,45660.923077,44303.538462
100023,Hca Florida Citrus Hospital,Inverness,502 W Highland Blvd,12,34452,FL,1.0,"Metropolitan area core: primary flow within an urbanized area of 50,000 and greater",267,ENDOVASCULAR CARDIAC VALVE REPLACEMENT AND SUPPLEMENT PROCEDURES WITHOUT MCC,46,287905.58696,37036.434783,34331.043478
100025,Ascension Sacred Heart Pensacola,Pensacola,5151 N 9th Ave,12,32504,FL,1.0,"Metropolitan area core: primary flow within an urbanized area of 50,000 and greater",266,ENDOVASCULAR CARDIAC VALVE REPLACEMENT AND SUPPLEMENT PROCEDURES WITH MCC,12,180955.08333,45837.083333,44815.333333
100025,Ascension Sacred Heart Pensacola,Pensacola,5151 N 9th Ave,12,32504,FL,1.0,"Metropolitan area core: primary flow within an urbanized area of 50,000 and greater",267,ENDOVASCULAR CARDIAC VALVE REPLACEMENT AND SUPPLEMENT PROCEDURES WITHOUT MCC,29,176396.58621,36532.758621,34981.034483
100026,Ascension Sacred Heart Bay,Panama City,615 N Bonita Ave,12,32401,FL,1.0,"Metropolitan area core: primary flow within an urbanized area of 50,000 and greater",267,ENDOVASCULAR CARDIAC VALVE REPLACEMENT AND SUPPLEMENT PROCEDURES WITHOUT MCC,17,208125.05882,33998.882353,32688.823529
100032,Bayfront Health St Petersburg,Saint Petersburg,701 6th St S,12,33701,FL,1.0,"Metropolitan area core: primary flow within an urbanized area of 50,000 and greater",267,ENDOVASCULAR CARDIAC VALVE REPLACEMENT AND SUPPLEMENT PROCEDURES WITHOUT MCC,13,330446.38462,38125.615385,36716.769231
100034,Mount Sinai Medical Center,Miami Beach,4300 Alton Rd,12,33140,FL,1.0,"Metropolitan area core: primary flow within an urbanized area of 50,000 and greater",267,ENDOVASCULAR CARDIAC VALVE REPLACEMENT AND SUPPLEMENT PROCEDURES WITHOUT MCC,33,135711.48485,43424.060606,41532.272727
100035,Manatee Memorial Hospital,Bradenton,206 2nd St E,12,34208,FL,1.0,"Metropolitan area core: primary flow within an urbanized area of 50,000 and greater",266,ENDOVASCULAR CARDIAC VALVE REPLACEMENT AND SUPPLEMENT PROCEDURES WITH MCC,29,546628.75862,55583.517241,48346.344828
100035,Manatee Memorial Hospital,Bradenton,206 2nd St E,12,34208,FL,1.0,"Metropolitan area core: primary flow within an urbanized area of 50,000 and greater",267,ENDOVASCULAR CARDIAC VALVE REPLACEMENT AND SUPPLEMENT PROCEDURES WITHOUT MCC,89,418877.75281,38668.617978,37404.775281
100038,Memorial Regional Hospital,Hollywood,3501 Johnson St,12,33021,FL,1.0,"Metropolitan area core: primary flow within an urbanized area of 50,000 and greater",266,ENDOVASCULAR CARDIAC VALVE REPLACEMENT AND SUPPLEMENT PROCEDURES WITH MCC,18,305393.5,54886.444444,52655.611111
100038,Memorial Regional Hospital,Hollywood,3501 Johnson St,12,33021,FL,1.0,"Metropolitan area core: primary flow within an urbanized area of 50,000 and greater",267,ENDOVASCULAR CARDIAC VALVE REPLACEMENT AND SUPPLEMENT PROCEDURES WITHOUT MCC,37,203242.35135,42990.351351,41460.594595
100039,Broward Health Medical Center,Fort Lauderdale,1600 S Andrews Ave,12,33316,FL,1.0,"Metropolitan area core: primary flow within an urbanized area of 50,000 and greater",267,ENDOVASCULAR CARDIAC VALVE REPLACEMENT AND SUPPLEMENT PROCEDURES WITHOUT MCC,17,142974.35294,46678.235294,40294.647059
100040,Ascension St Vincent's Riverside,Jacksonville,1 Shircliff Way,12,32204,FL,1.0,"Metropolitan area core: primary flow within an urbanized area of 50,000 and greater",266,ENDOVASCULAR CARDIAC VALVE REPLACEMENT AND SUPPLEMENT PROCEDURES WITH MCC,88,242977.05682,45789.375,42635.954545
100040,Ascension St Vincent's Riverside,Jacksonville,1 Shircliff Way,12,32204,FL,1.0,"Metropolitan area core: primary flow within an urbanized area of 50,000 and greater",267,ENDOVASCULAR CARDIAC VALVE REPLACEMENT AND SUPPLEMENT PROCEDURES WITHOUT MCC,18,227767.72222,35052.833333,34187.611111
100044,Cleveland Clinic Martin North Hospital,Stuart,200 Se Hospital Ave,12,34994,FL,1.0,"Metropolitan area core: primary flow within an urbanized area of 50,000 and greater",266,ENDOVASCULAR CARDIAC VALVE REPLACEMENT AND SUPPLEMENT PROCEDURES WITH MCC,27,217969.59259,42962.555556,41863.296296
100044,Cleveland Clinic Martin North Hospital,Stuart,200 Se Hospital Ave,12,34994,FL,1.0,"Metropolitan area core: primary flow within an urbanized area of 50,000 and greater",267,ENDOVASCULAR CARDIAC VALVE REPLACEMENT AND SUPPLEMENT PROCEDURES WITHOUT MCC,54,174784.75926,35019.444444,32491.777778
100052,Winter Haven Hospital,Winter Haven,200 Ave F Ne,12,33881,FL,1.0,"Metropolitan area core: primary flow within an urbanized area of 50,000 and greater",266,ENDOVASCULAR CARDIAC VALVE REPLACEMENT AND SUPPLEMENT PROCEDURES WITH MCC,13,255911.61538,43872.461538,42666.307692
100057,Adventhealth Waterman,Tavares,1000 Waterman Way,12,32778,FL,1.0,"Metropolitan area core: primary flow within an urbanized area of 50,000 and greater",266,ENDOVASCULAR CARDIAC VALVE REPLACEMENT AND SUPPLEMENT PROCEDURES WITH MCC,19,202992.10526,43304.421053,42132.842105
100062,Adventhealth Ocala,Ocala,1500 Sw 1st Ave,12,34474,FL,1.0,"Metropolitan area core: primary flow within an urbanized area of 50,000 and greater",266,ENDOVASCULAR CARDIAC VALVE REPLACEMENT AND SUPPLEMENT PROCEDURES WITH MCC,25,502826.6,50653.08,44990.04
100062,Adventhealth Ocala,Ocala,1500 Sw 1st Ave,12,34474,FL,1.0,"Metropolitan area core: primary flow within an urbanized area of 50,000 and greater",267,ENDOVASCULAR CARDIAC VALVE REPLACEMENT AND SUPPLEMENT PROCEDURES WITHOUT MCC,16,471317.5625,41166.375,39775.25
100068,Adventhealth Daytona Beach,Daytona Beach,301 Memorial Medical Parkway,12,32117,FL,1.0,"Metropolitan area core: primary flow within an urbanized area of 50,000 and greater",266,ENDOVASCULAR CARDIAC VALVE REPLACEMENT AND SUPPLEMENT PROCEDURES WITH MCC,31,223165.96774,42749.903226,42079.709677
100068,Adventhealth Daytona Beach,Daytona Beach,301 Memorial Medical Parkway,12,32117,FL,1.0,"Metropolitan area core: primary flow within an urbanized area of 50,000 and greater",267,ENDOVASCULAR CARDIAC VALVE REPLACEMENT AND SUPPLEMENT PROCEDURES WITHOUT MCC,78,183530.58974,33845.076923,33141.128205
100070,Shorepoint Health Venice,Venice,540 The Rialto,12,34285,FL,1.0,"Metropolitan area core: primary flow within an urbanized area of 50,000 and greater",267,ENDOVASCULAR CARDIAC VALVE REPLACEMENT AND SUPPLEMENT PROCEDURES WITHOUT MCC,21,393116.09524,34429.238095,33227.904762
100073,Holy Cross Hospital,Fort Lauderdale,4725 N Federal Hwy,12,33308,FL,1.0,"Metropolitan area core: primary flow within an urbanized area of 50,000 and greater",266,ENDOVASCULAR CARDIAC VALVE REPLACEMENT AND SUPPLEMENT PROCEDURES WITH MCC,50,232834.02,49878.12,48217.64
100075,St Josephs Hospital,Tampa,3001 W Martin Luther King Jr Blvd,12,33677,FL,1.0,"Metropolitan area core: primary flow within an urbanized area of 50,000 and greater",266,ENDOVASCULAR CARDIAC VALVE REPLACEMENT AND SUPPLEMENT PROCEDURES WITH MCC,28,193211.53571,52512.607143,43636.178571
100075,St Josephs Hospital,Tampa,3001 W Martin Luther King Jr Blvd,12,33677,FL,1.0,"Metropolitan area core: primary flow within an urbanized area of 50,000 and greater",267,ENDOVASCULAR CARDIAC VALVE REPLACEMENT AND SUPPLEMENT PROCEDURES WITHOUT MCC,18,168038.0,37618.611111,36538.055556
100077,Shorepoint Health Port Charlotte,Port Charlotte,2500 Harbor Blvd,12,33952,FL,1.0,"Metropolitan area core: primary flow within an urbanized area of 50,000 and greater",267,ENDOVASCULAR CARDIAC VALVE REPLACEMENT AND SUPPLEMENT PROCEDURES WITHOUT MCC,42,289133.66667,33979.357143,33202.02381
100080,Hca Florida Jfk Hospital,Atlantis,5301 S Congress Ave,12,33462,FL,1.0,"Metropolitan area core: primary flow within an urbanized area of 50,000 and greater",266,ENDOVASCULAR CARDIAC VALVE REPLACEMENT AND SUPPLEMENT PROCEDURES WITH MCC,43,415699.04651,50188.534884,45466.534884
100080,Hca Florida Jfk Hospital,Atlantis,5301 S Congress Ave,12,33462,FL,1.0,"Metropolitan area core: primary flow within an urbanized area of 50,000 and greater",267,ENDOVASCULAR CARDIAC VALVE REPLACEMENT AND SUPPLEMENT PROCEDURES WITHOUT MCC,95,287216.17895,39279.178947,36791.210526
100084,Uf Health Leesburg Hospital,Leesburg,600 E Dixie Ave,12,34748,FL,1.0,"Metropolitan area core: primary flow within an urbanized area of 50,000 and greater",267,ENDOVASCULAR CARDIAC VALVE REPLACEMENT AND SUPPLEMENT PROCEDURES WITHOUT MCC,38,138394.65789,34115.289474,32904.657895
100087,Sarasota Memorial Hospital,Sarasota,1700 S Tamiami Trl,12,34239,FL,1.0,"Metropolitan area core: primary flow within an urbanized area of 50,000 and greater",266,ENDOVASCULAR CARDIAC VALVE REPLACEMENT AND SUPPLEMENT PROCEDURES WITH MCC,132,322706.10606,46384.568182,45450.659091
100087,Sarasota Memorial Hospital,Sarasota,1700 S Tamiami Trl,12,34239,FL,1.0,"Metropolitan area core: primary flow within an urbanized area of 50,000 and greater",267,ENDOVASCULAR CARDIAC VALVE REPLACEMENT AND SUPPLEMENT PROCEDURES WITHOUT MCC,183,299044.20765,37610.415301,35301.590164
100088,Baptist Medical Center Jacksonville,Jacksonville,800 Prudential Dr,12,32207,FL,1.0,"Metropolitan area core: primary flow within an urbanized area of 50,000 and greater",266,ENDOVASCULAR CARDIAC VALVE REPLACEMENT AND SUPPLEMENT PROCEDURES WITH MCC,33,263571.66667,46557.818182,45720.606061
100088,Baptist Medical Center Jacksonville,Jacksonville,800 Prudential Dr,12,32207,FL,1.0,"Metropolitan area core: primary flow within an urbanized area of 50,000 and greater",267,ENDOVASCULAR CARDIAC VALVE REPLACEMENT AND SUPPLEMENT PROCEDURES WITHOUT MCC,88,209668.11364,36495.420455,35298.102273
100090,Flagler Hospital,Saint Augustine,400 Health Park Blvd,12,32086,FL,1.0,"Metropolitan area core: primary flow within an urbanized area of 50,000 and greater",267,ENDOVASCULAR CARDIAC VALVE REPLACEMENT AND SUPPLEMENT PROCEDURES WITHOUT MCC,16,136618.0625,41243.75,39852.5
100092,Rockledge Regional Medical Center,Rockledge,110 Longwood Ave,12,32955,FL,1.0,"Metropolitan area core: primary flow within an urbanized area of 50,000 and greater",266,ENDOVASCULAR CARDIAC VALVE REPLACEMENT AND SUPPLEMENT PROCEDURES WITH MCC,13,326485.0,48435.846154,47094.538462
100093,Baptist Hospital,Pensacola,1000 W Moreno St,12,32501,FL,1.0,"Metropolitan area core: primary flow within an urbanized area of 50,000 and greater",266,ENDOVASCULAR CARDIAC VALVE REPLACEMENT AND SUPPLEMENT PROCEDURES WITH MCC,38,129185.0,43358.631579,42108.947368
100093,Baptist Hospital,Pensacola,1000 W Moreno St,12,32501,FL,1.0,"Metropolitan area core: primary flow within an urbanized area of 50,000 and greater",267,ENDOVASCULAR CARDIAC VALVE REPLACEMENT AND SUPPLEMENT PROCEDURES WITHOUT MCC,20,123149.6,38914.45,29946.75
100105,Cleveland Clinic Indian River Hospital,Vero Beach,1000 36th St,12,32960,FL,1.0,"Metropolitan area core: primary flow within an urbanized area of 50,000 and greater",266,ENDOVASCULAR CARDIAC VALVE REPLACEMENT AND SUPPLEMENT PROCEDURES WITH MCC,20,190002.6,42988.9,41995.5
100105,Cleveland Clinic Indian River Hospital,Vero Beach,1000 36th St,12,32960,FL,1.0,"Metropolitan area core: primary flow within an urbanized area of 50,000 and greater",267,ENDOVASCULAR CARDIAC VALVE REPLACEMENT AND SUPPLEMENT PROCEDURES WITHOUT MCC,55,182313.49091,34458.727273,33255.327273
100110,Hca Florida Osceola Hospital,Kissimmee,700 West Oak Street,12,34741,FL,1.1,"Secondary flow 30% to <50% to a larger urbanized area of 50,000 and greater",266,ENDOVASCULAR CARDIAC VALVE REPLACEMENT AND SUPPLEMENT PROCEDURES WITH MCC,28,434680.75,50588.678571,49952.678571
100110,Hca Florida Osceola Hospital,Kissimmee,700 West Oak Street,12,34741,FL,1.1,"Secondary flow 30% to <50% to a larger urbanized area of 50,000 and greater",267,ENDOVASCULAR CARDIAC VALVE REPLACEMENT AND SUPPLEMENT PROCEDURES WITHOUT MCC,16,316049.375,40955.0625,40120.3125
100113,Uf Health Shands Hospital,Gainesville,1600 Sw Archer Rd,12,32610,FL,1.0,"Metropolitan area core: primary flow within an urbanized area of 50,000 and greater",266,ENDOVASCULAR CARDIAC VALVE REPLACEMENT AND SUPPLEMENT PROCEDURES WITH MCC,59,164925.52542,57972.0,55956.135593
100113,Uf Health Shands Hospital,Gainesville,1600 Sw Archer Rd,12,32610,FL,1.0,"Metropolitan area core: primary flow within an urbanized area of 50,000 and greater",267,ENDOVASCULAR CARDIAC VALVE REPLACEMENT AND SUPPLEMENT PROCEDURES WITHOUT MCC,49,151913.63265,45693.428571,41486.142857
100127,Morton Plant Hospital,Clearwater,300 Pinellas St,12,33756,FL,1.0,"Metropolitan area core: primary flow within an urbanized area of 50,000 and greater",266,ENDOVASCULAR CARDIAC VALVE REPLACEMENT AND SUPPLEMENT PROCEDURES WITH MCC,108,188928.73148,45865.759259,44583.740741
100128,Tampa General Hospital,Tampa,1 Tampa General Cir,12,33606,FL,1.0,"Metropolitan area core: primary flow within an urbanized area of 50,000 and greater",266,ENDOVASCULAR CARDIAC VALVE REPLACEMENT AND SUPPLEMENT PROCEDURES WITH MCC,81,252563.58025,57019.802469,53152.283951
100128,Tampa General Hospital,Tampa,1 Tampa General Cir,12,33606,FL,1.0,"Metropolitan area core: primary flow within an urbanized area of 50,000 and greater",267,ENDOVASCULAR CARDIAC VALVE REPLACEMENT AND SUPPLEMENT PROCEDURES WITHOUT MCC,29,205756.2069,44443.551724,41863.551724
100135,Tallahassee Memorial Hospital,Tallahassee,1300 Miccosukee Rd,12,32308,FL,1.0,"Metropolitan area core: primary flow within an urbanized area of 50,000 and greater",266,ENDOVASCULAR CARDIAC VALVE REPLACEMENT AND SUPPLEMENT PROCEDURES WITH MCC,27,267565.33333,50832.62963,49353.740741
100135,Tallahassee Memorial Hospital,Tallahassee,1300 Miccosukee Rd,12,32308,FL,1.0,"Metropolitan area core: primary flow within an urbanized area of 50,000 and greater",267,ENDOVASCULAR CARDIAC VALVE REPLACEMENT AND SUPPLEMENT PROCEDURES WITHOUT MCC,65,187377.6,38713.523077,35460.230769
100151,Mayo Clinic,Jacksonville,4500 San Pablo Rd,12,32224,FL,1.0,"Metropolitan area core: primary flow within an urbanized area of 50,000 and greater",266,ENDOVASCULAR CARDIAC VALVE REPLACEMENT AND SUPPLEMENT PROCEDURES WITH MCC,33,127487.75758,54479.030303,46197.909091
100151,Mayo Clinic,Jacksonville,4500 San Pablo Rd,12,32224,FL,1.0,"Metropolitan area core: primary flow within an urbanized area of 50,000 and greater",267,ENDOVASCULAR CARDIAC VALVE REPLACEMENT AND SUPPLEMENT PROCEDURES WITHOUT MCC,64,96229.671875,39958.734375,32371.328125
100157,Lakeland Regional Medical Center,Lakeland,1324 Lakeland Hills Blvd,12,33805,FL,1.0,"Metropolitan area core: primary flow within an urbanized area of 50,000 and greater",266,ENDOVASCULAR CARDIAC VALVE REPLACEMENT AND SUPPLEMENT PROCEDURES WITH MCC,34,261435.52941,43875.235294,43510.882353
100157,Lakeland Regional Medical Center,Lakeland,1324 Lakeland Hills Blvd,12,33805,FL,1.0,"Metropolitan area core: primary flow within an urbanized area of 50,000 and greater",267,ENDOVASCULAR CARDIAC VALVE REPLACEMENT AND SUPPLEMENT PROCEDURES WITHOUT MCC,72,203279.16667,35265.166667,33812.861111
100168,Boca Raton Regional Hospital,Boca Raton,800 Meadows Rd,12,33486,FL,1.0,"Metropolitan area core: primary flow within an urbanized area of 50,000 and greater",266,ENDOVASCULAR CARDIAC VALVE REPLACEMENT AND SUPPLEMENT PROCEDURES WITH MCC,49,323352.85714,57126.612245,55735.367347
100168,Boca Raton Regional Hospital,Boca Raton,800 Meadows Rd,12,33486,FL,1.0,"Metropolitan area core: primary flow within an urbanized area of 50,000 and greater",267,ENDOVASCULAR CARDIAC VALVE REPLACEMENT AND SUPPLEMENT PROCEDURES WITHOUT MCC,80,270193.05,40933.7375,39531.7375
100173,Adventhealth Tampa,Tampa,3100 E Fletcher Ave,12,33613,FL,1.0,"Metropolitan area core: primary flow within an urbanized area of 50,000 and greater",266,ENDOVASCULAR CARDIAC VALVE REPLACEMENT AND SUPPLEMENT PROCEDURES WITH MCC,25,372147.0,46505.0,45733.36
100173,Adventhealth Tampa,Tampa,3100 E Fletcher Ave,12,33613,FL,1.0,"Metropolitan area core: primary flow within an urbanized area of 50,000 and greater",267,ENDOVASCULAR CARDIAC VALVE REPLACEMENT AND SUPPLEMENT PROCEDURES WITHOUT MCC,28,281894.07143,38660.928571,33337.464286
100176,Palm Beach Gardens Medical Center,Palm Beach Gardens,3360 Burns Rd,12,33410,FL,1.0,"Metropolitan area core: primary flow within an urbanized area of 50,000 and greater",266,ENDOVASCULAR CARDIAC VALVE REPLACEMENT AND SUPPLEMENT PROCEDURES WITH MCC,26,424379.46154,43899.5,42986.269231
100176,Palm Beach Gardens Medical Center,Palm Beach Gardens,3360 Burns Rd,12,33410,FL,1.0,"Metropolitan area core: primary flow within an urbanized area of 50,000 and greater",267,ENDOVASCULAR CARDIAC VALVE REPLACEMENT AND SUPPLEMENT PROCEDURES WITHOUT MCC,51,289968.33333,35425.647059,31825.411765
100179,Hca Florida Memorial Hospital,Jacksonville,3625 University Blvd S,12,32216,FL,1.0,"Metropolitan area core: primary flow within an urbanized area of 50,000 and greater",266,ENDOVASCULAR CARDIAC VALVE REPLACEMENT AND SUPPLEMENT PROCEDURES WITH MCC,27,446178.33333,57596.481481,40407.888889
100179,Hca Florida Memorial Hospital,Jacksonville,3625 University Blvd S,12,32216,FL,1.0,"Metropolitan area core: primary flow within an urbanized area of 50,000 and greater",267,ENDOVASCULAR CARDIAC VALVE REPLACEMENT AND SUPPLEMENT PROCEDURES WITHOUT MCC,20,314040.4,35254.8,34065.0
100187,Steward Palmetto General Hospital,Hialeah,2001 W 68th St,12,33016,FL,1.0,"Metropolitan area core: primary flow within an urbanized area of 50,000 and greater",266,ENDOVASCULAR CARDIAC VALVE REPLACEMENT AND SUPPLEMENT PROCEDURES WITH MCC,13,321574.30769,54535.461538,52530.153846
100204,Hca Florida North Florida Hospital,Gainesville,6500 Newberry Rd,12,32605,FL,1.0,"Metropolitan area core: primary flow within an urbanized area of 50,000 and greater",266,ENDOVASCULAR CARDIAC VALVE REPLACEMENT AND SUPPLEMENT PROCEDURES WITH MCC,83,278579.0,50859.409639,49804.518072
100204,Hca Florida North Florida Hospital,Gainesville,6500 Newberry Rd,12,32605,FL,1.0,"Metropolitan area core: primary flow within an urbanized area of 50,000 and greater",267,ENDOVASCULAR CARDIAC VALVE REPLACEMENT AND SUPPLEMENT PROCEDURES WITHOUT MCC,15,222120.53333,40254.4,38973.333333
100212,Hca Florida Ocala Hospital,Ocala,1431 Sw 1st Ave,12,34471,FL,1.0,"Metropolitan area core: primary flow within an urbanized area of 50,000 and greater",267,ENDOVASCULAR CARDIAC VALVE REPLACEMENT AND SUPPLEMENT PROCEDURES WITHOUT MCC,17,435572.05882,37972.588235,36837.764706
100213,Hca Florida Blake Hospital,Bradenton,2020 59th St W,12,34209,FL,1.0,"Metropolitan area core: primary flow within an urbanized area of 50,000 and greater",266,ENDOVASCULAR CARDIAC VALVE REPLACEMENT AND SUPPLEMENT PROCEDURES WITH MCC,11,296775.36364,47153.727273,45865.363636
100213,Hca Florida Blake Hospital,Bradenton,2020 59th St W,12,34209,FL,1.0,"Metropolitan area core: primary flow within an urbanized area of 50,000 and greater",267,ENDOVASCULAR CARDIAC VALVE REPLACEMENT AND SUPPLEMENT PROCEDURES WITHOUT MCC,23,251427.43478,38210.173913,36762.043478
100226,Hca Florida Orange Park Hospital,Orange Park,2001 Kingsley Ave,12,32073,FL,1.0,"Metropolitan area core: primary flow within an urbanized area of 50,000 and greater",267,ENDOVASCULAR CARDIAC VALVE REPLACEMENT AND SUPPLEMENT PROCEDURES WITHOUT MCC,21,334528.42857,40738.714286,40173.380952
100228,Hca Florida Westside Hospital,Plantation,8201 W Broward Blvd,12,33324,FL,1.0,"Metropolitan area core: primary flow within an urbanized area of 50,000 and greater",266,ENDOVASCULAR CARDIAC VALVE REPLACEMENT AND SUPPLEMENT PROCEDURES WITH MCC,11,570933.54545,45607.909091,44670.363636
100236,Hca Florida Fawcett Hospital,Port Charlotte,21298 Olean Blvd,12,33952,FL,1.0,"Metropolitan area core: primary flow within an urbanized area of 50,000 and greater",266,ENDOVASCULAR CARDIAC VALVE REPLACEMENT AND SUPPLEMENT PROCEDURES WITH MCC,14,344676.64286,37782.428571,36616.428571
100236,Hca Florida Fawcett Hospital,Port Charlotte,21298 Olean Blvd,12,33952,FL,1.0,"Metropolitan area core: primary flow within an urbanized area of 50,000 and greater",267,ENDOVASCULAR CARDIAC VALVE REPLACEMENT AND SUPPLEMENT PROCEDURES WITHOUT MCC,16,277630.8125,35855.3125,29766.0625
100243,Hca Florida Brandon Hospital,Brandon,119 Oakfield Dr,12,33511,FL,1.0,"Metropolitan area core: primary flow within an urbanized area of 50,000 and greater",267,ENDOVASCULAR CARDIAC VALVE REPLACEMENT AND SUPPLEMENT PROCEDURES WITHOUT MCC,31,317587.29032,41277.225806,40128.322581
100246,Hca Florida Lawnwood Hospital,Fort Pierce,1700 S 23rd St,12,34950,FL,1.0,"Metropolitan area core: primary flow within an urbanized area of 50,000 and greater",266,ENDOVASCULAR CARDIAC VALVE REPLACEMENT AND SUPPLEMENT PROCEDURES WITH MCC,25,381462.28,44260.68,43489.0
100246,Hca Florida Lawnwood Hospital,Fort Pierce,1700 S 23rd St,12,34950,FL,1.0,"Metropolitan area core: primary flow within an urbanized area of 50,000 and greater",267,ENDOVASCULAR CARDIAC VALVE REPLACEMENT AND SUPPLEMENT PROCEDURES WITHOUT MCC,32,258801.0,39507.0625,33257.0625
100248,Hca Florida Largo Hospital,Largo,201 14th St Sw,12,33770,FL,1.0,"Metropolitan area core: primary flow within an urbanized area of 50,000 and greater",266,ENDOVASCULAR CARDIAC VALVE REPLACEMENT AND SUPPLEMENT PROCEDURES WITH MCC,13,480918.46154,50883.153846,50027.0
100248,Hca Florida Largo Hospital,Largo,201 14th St Sw,12,33770,FL,1.0,"Metropolitan area core: primary flow within an urbanized area of 50,000 and greater",267,ENDOVASCULAR CARDIAC VALVE REPLACEMENT AND SUPPLEMENT PROCEDURES WITHOUT MCC,12,330480.5,50679.25,35782.916667
100256,Hca Florida Bayonet Point Hospital,Hudson,14000 Fivay Rd,12,34667,FL,1.0,"Metropolitan area core: primary flow within an urbanized area of 50,000 and greater",266,ENDOVASCULAR CARDIAC VALVE REPLACEMENT AND SUPPLEMENT PROCEDURES WITH MCC,36,399768.13889,54984.305556,47764.055556
100256,Hca Florida Bayonet Point Hospital,Hudson,14000 Fivay Rd,12,34667,FL,1.0,"Metropolitan area core: primary flow within an urbanized area of 50,000 and greater",267,ENDOVASCULAR CARDIAC VALVE REPLACEMENT AND SUPPLEMENT PROCEDURES WITHOUT MCC,45,317523.22222,39794.755556,38574.577778
100258,Delray Medical Center,Delray Beach,5352 Linton Blvd,12,33484,FL,1.0,"Metropolitan area core: primary flow within an urbanized area of 50,000 and greater",266,ENDOVASCULAR CARDIAC VALVE REPLACEMENT AND SUPPLEMENT PROCEDURES WITH MCC,30,442433.83333,46215.566667,43003.766667
100258,Delray Medical Center,Delray Beach,5352 Linton Blvd,12,33484,FL,1.0,"Metropolitan area core: primary flow within an urbanized area of 50,000 and greater",267,ENDOVASCULAR CARDIAC VALVE REPLACEMENT AND SUPPLEMENT PROCEDURES WITHOUT MCC,61,327790.08197,35440.409836,34281.836066
100264,Hca Florida Oak Hill Hospital,Brooksville,11375 Cortez Blvd,12,34613,FL,1.1,"Secondary flow 30% to <50% to a larger urbanized area of 50,000 and greater",267,ENDOVASCULAR CARDIAC VALVE REPLACEMENT AND SUPPLEMENT PROCEDURES WITHOUT MCC,15,292614.86667,38982.333333,37993.0
100286,Physicians Regional Medical Center - Pine Ridge,Naples,6101 Pine Ridge Road,12,34119,FL,1.0,"Metropolitan area core: primary flow within an urbanized area of 50,000 and greater",266,ENDOVASCULAR CARDIAC VALVE REPLACEMENT AND SUPPLEMENT PROCEDURES WITH MCC,28,304783.0,42251.928571,41403.928571
100286,Physicians Regional Medical Center - Pine Ridge,Naples,6101 Pine Ridge Road,12,34119,FL,1.0,"Metropolitan area core: primary flow within an urbanized area of 50,000 and greater",267,ENDOVASCULAR CARDIAC VALVE REPLACEMENT AND SUPPLEMENT PROCEDURES WITHOUT MCC,16,280601.8125,38797.6875,30759.6875
100289,Cleveland Clinic Hospital,Weston,3100 Weston Rd,12,33331,FL,1.0,"Metropolitan area core: primary flow within an urbanized area of 50,000 and greater",266,ENDOVASCULAR CARDIAC VALVE REPLACEMENT AND SUPPLEMENT PROCEDURES WITH MCC,25,157102.88,52203.56,42489.16
100289,Cleveland Clinic Hospital,Weston,3100 Weston Rd,12,33331,FL,1.0,"Metropolitan area core: primary flow within an urbanized area of 50,000 and greater",267,ENDOVASCULAR CARDIAC VALVE REPLACEMENT AND SUPPLEMENT PROCEDURES WITHOUT MCC,43,94115.767442,37335.744186,34601.27907
110001,Hamilton Medical Center,Dalton,1200 Memorial Drive,13,30720,GA,1.0,"Metropolitan area core: primary flow within an urbanized area of 50,000 and greater",266,ENDOVASCULAR CARDIAC VALVE REPLACEMENT AND SUPPLEMENT PROCEDURES WITH MCC,12,191979.08333,47706.75,46250.75
110010,Emory University Hospital,Atlanta,"1364 Clifton Road, Ne",13,30322,GA,1.0,"Metropolitan area core: primary flow within an urbanized area of 50,000 and greater",266,ENDOVASCULAR CARDIAC VALVE REPLACEMENT AND SUPPLEMENT PROCEDURES WITH MCC,18,161412.05556,66177.722222,54624.5
110028,Piedmont Augusta Hospital,Augusta,1350 Walton Way,13,30901,GA,1.0,"Metropolitan area core: primary flow within an urbanized area of 50,000 and greater",266,ENDOVASCULAR CARDIAC VALVE REPLACEMENT AND SUPPLEMENT PROCEDURES WITH MCC,19,107190.47368,48454.842105,38434.0
110028,Piedmont Augusta Hospital,Augusta,1350 Walton Way,13,30901,GA,1.0,"Metropolitan area core: primary flow within an urbanized area of 50,000 and greater",267,ENDOVASCULAR CARDIAC VALVE REPLACEMENT AND SUPPLEMENT PROCEDURES WITHOUT MCC,40,79201.325,34463.6,33160.65
110029,"Northeast Georgia Medical Center, Inc",Gainesville,743 Spring Street,13,30501,GA,1.0,"Metropolitan area core: primary flow within an urbanized area of 50,000 and greater",266,ENDOVASCULAR CARDIAC VALVE REPLACEMENT AND SUPPLEMENT PROCEDURES WITH MCC,27,328680.14815,57784.888889,56621.148148
110029,"Northeast Georgia Medical Center, Inc",Gainesville,743 Spring Street,13,30501,GA,1.0,"Metropolitan area core: primary flow within an urbanized area of 50,000 and greater",267,ENDOVASCULAR CARDIAC VALVE REPLACEMENT AND SUPPLEMENT PROCEDURES WITHOUT MCC,41,251802.41463,38571.243902,37307.804878
110034,Au Medical Center,Augusta,1120 15th Street,13,30912,GA,1.0,"Metropolitan area core: primary flow within an urbanized area of 50,000 and greater",267,ENDOVASCULAR CARDIAC VALVE REPLACEMENT AND SUPPLEMENT PROCEDURES WITHOUT MCC,26,184067.73077,50424.807692,48158.0
110035,Wellstar Kennestone Hospital,Marietta,677 Church Street,13,30060,GA,1.0,"Metropolitan area core: primary flow within an urbanized area of 50,000 and greater",266,ENDOVASCULAR CARDIAC VALVE REPLACEMENT AND SUPPLEMENT PROCEDURES WITH MCC,33,249870.9697,58315.939394,48741.181818
110035,Wellstar Kennestone Hospital,Marietta,677 Church Street,13,30060,GA,1.0,"Metropolitan area core: primary flow within an urbanized area of 50,000 and greater",267,ENDOVASCULAR CARDIAC VALVE REPLACEMENT AND SUPPLEMENT PROCEDURES WITHOUT MCC,75,220831.38667,46049.773333,37741.96
110036,Memorial Health University Medical Center,Savannah,4700 Waters Avenue,13,31404,GA,1.0,"Metropolitan area core: primary flow within an urbanized area of 50,000 and greater",266,ENDOVASCULAR CARDIAC VALVE REPLACEMENT AND SUPPLEMENT PROCEDURES WITH MCC,17,286594.35294,65705.647059,41538.647059
110036,Memorial Health University Medical Center,Savannah,4700 Waters Avenue,13,31404,GA,1.0,"Metropolitan area core: primary flow within an urbanized area of 50,000 and greater",267,ENDOVASCULAR CARDIAC VALVE REPLACEMENT AND SUPPLEMENT PROCEDURES WITHOUT MCC,58,246437.15517,38765.344828,37303.724138
110043,St Joseph's Hospital - Savannah,Savannah,11705 Mercy Boulevard,13,31419,GA,1.0,"Metropolitan area core: primary flow within an urbanized area of 50,000 and greater",267,ENDOVASCULAR CARDIAC VALVE REPLACEMENT AND SUPPLEMENT PROCEDURES WITHOUT MCC,30,175652.63333,35533.066667,28757.366667
110074,Piedmont Athens Regional Medical Center,Athens,1199 Prince Avenue,13,30606,GA,1.0,"Metropolitan area core: primary flow within an urbanized area of 50,000 and greater",266,ENDOVASCULAR CARDIAC VALVE REPLACEMENT AND SUPPLEMENT PROCEDURES WITH MCC,44,198738.52273,52534.704545,47729.204545
110074,Piedmont Athens Regional Medical Center,Athens,1199 Prince Avenue,13,30606,GA,1.0,"Metropolitan area core: primary flow within an urbanized area of 50,000 and greater",267,ENDOVASCULAR CARDIAC VALVE REPLACEMENT AND SUPPLEMENT PROCEDURES WITHOUT MCC,11,197715.27273,40054.727273,38409.454545
110078,Emory University Hospital Midtown,Atlanta,"550 Peachtree Street,  Ne",13,30308,GA,1.0,"Metropolitan area core: primary flow within an urbanized area of 50,000 and greater",266,ENDOVASCULAR CARDIAC VALVE REPLACEMENT AND SUPPLEMENT PROCEDURES WITH MCC,179,147030.94413,53243.977654,49632.446927
110078,Emory University Hospital Midtown,Atlanta,"550 Peachtree Street,  Ne",13,30308,GA,1.0,"Metropolitan area core: primary flow within an urbanized area of 50,000 and greater",267,ENDOVASCULAR CARDIAC VALVE REPLACEMENT AND SUPPLEMENT PROCEDURES WITHOUT MCC,12,107022.75,56529.166667,28964.0
110082,"Saint Joseph's Hospital Of Atlanta, Inc",Atlanta,5665 Peachtree Dunwoody Road,13,30342,GA,1.0,"Metropolitan area core: primary flow within an urbanized area of 50,000 and greater",266,ENDOVASCULAR CARDIAC VALVE REPLACEMENT AND SUPPLEMENT PROCEDURES WITH MCC,52,128566.0,46920.326923,41406.903846
110082,"Saint Joseph's Hospital Of Atlanta, Inc",Atlanta,5665 Peachtree Dunwoody Road,13,30342,GA,1.0,"Metropolitan area core: primary flow within an urbanized area of 50,000 and greater",267,ENDOVASCULAR CARDIAC VALVE REPLACEMENT AND SUPPLEMENT PROCEDURES WITHOUT MCC,33,111413.66667,34809.545455,33426.0
110083,Piedmont Hospital,Atlanta,1968 Peachtree Rd Nw,13,30309,GA,1.0,"Metropolitan area core: primary flow within an urbanized area of 50,000 and greater",266,ENDOVASCULAR CARDIAC VALVE REPLACEMENT AND SUPPLEMENT PROCEDURES WITH MCC,185,219414.14595,51056.183784,42717.178378
110083,Piedmont Hospital,Atlanta,1968 Peachtree Rd Nw,13,30309,GA,1.0,"Metropolitan area core: primary flow within an urbanized area of 50,000 and greater",267,ENDOVASCULAR CARDIAC VALVE REPLACEMENT AND SUPPLEMENT PROCEDURES WITHOUT MCC,112,194994.02679,38062.017857,32824.705357
110087,Northside Hospital Gwinnett,Lawrenceville,1000 Medical Center Boulevard,13,30046,GA,1.0,"Metropolitan area core: primary flow within an urbanized area of 50,000 and greater",266,ENDOVASCULAR CARDIAC VALVE REPLACEMENT AND SUPPLEMENT PROCEDURES WITH MCC,14,187253.78571,54970.642857,52912.785714
110087,Northside Hospital Gwinnett,Lawrenceville,1000 Medical Center Boulevard,13,30046,GA,1.0,"Metropolitan area core: primary flow within an urbanized area of 50,000 and greater",267,ENDOVASCULAR CARDIAC VALVE REPLACEMENT AND SUPPLEMENT PROCEDURES WITHOUT MCC,73,117364.43836,40359.69863,38274.753425
110107,Atrium Health Navicent The Medical Center,Macon,777 Hemlock Street,13,31201,GA,1.0,"Metropolitan area core: primary flow within an urbanized area of 50,000 and greater",266,ENDOVASCULAR CARDIAC VALVE REPLACEMENT AND SUPPLEMENT PROCEDURES WITH MCC,20,232403.05,51480.45,48580.05
110107,Atrium Health Navicent The Medical Center,Macon,777 Hemlock Street,13,31201,GA,1.0,"Metropolitan area core: primary flow within an urbanized area of 50,000 and greater",267,ENDOVASCULAR CARDIAC VALVE REPLACEMENT AND SUPPLEMENT PROCEDURES WITHOUT MCC,32,198518.4375,45195.3125,36352.3125
110168,Adventhealth Redmond,Rome,501 Redmond Road Nw,13,30165,GA,1.0,"Metropolitan area core: primary flow within an urbanized area of 50,000 and greater",266,ENDOVASCULAR CARDIAC VALVE REPLACEMENT AND SUPPLEMENT PROCEDURES WITH MCC,40,321981.375,53659.95,46496.8
120001,The Queens Medical Center,Honolulu,1301 Punchbowl St,15,96813,HI,1.0,"Metropolitan area core: primary flow within an urbanized area of 50,000 and greater",267,ENDOVASCULAR CARDIAC VALVE REPLACEMENT AND SUPPLEMENT PROCEDURES WITHOUT MCC,41,166508.80488,55069.707317,44429.585366
120022,Straub Clinic And Hospital,Honolulu,888 So King Street,15,96813,HI,1.0,"Metropolitan area core: primary flow within an urbanized area of 50,000 and greater",266,ENDOVASCULAR CARDIAC VALVE REPLACEMENT AND SUPPLEMENT PROCEDURES WITH MCC,22,144176.04545,64378.318182,63248.863636
120022,Straub Clinic And Hospital,Honolulu,888 So King Street,15,96813,HI,1.0,"Metropolitan area core: primary flow within an urbanized area of 50,000 and greater",267,ENDOVASCULAR CARDIAC VALVE REPLACEMENT AND SUPPLEMENT PROCEDURES WITHOUT MCC,46,107226.21739,51436.630435,44365.565217
130006,St Luke's Regional Medical Center,Boise,190 East Bannock Street,16,83712,ID,1.0,"Metropolitan area core: primary flow within an urbanized area of 50,000 and greater",267,ENDOVASCULAR CARDIAC VALVE REPLACEMENT AND SUPPLEMENT PROCEDURES WITHOUT MCC,51,86100.333333,38777.333333,37459.176471
130007,Saint Alphonsus Regional Medical Center,Boise,1055 North Curtis Road,16,83706,ID,1.0,"Metropolitan area core: primary flow within an urbanized area of 50,000 and greater",267,ENDOVASCULAR CARDIAC VALVE REPLACEMENT AND SUPPLEMENT PROCEDURES WITHOUT MCC,64,96680.390625,38610.90625,37247.328125
130018,Eastern Idaho Regional Medical Center,Idaho Falls,3100 Channing Way,16,83404,ID,1.0,"Metropolitan area core: primary flow within an urbanized area of 50,000 and greater",266,ENDOVASCULAR CARDIAC VALVE REPLACEMENT AND SUPPLEMENT PROCEDURES WITH MCC,11,426941.63636,52135.636364,51056.363636
130018,Eastern Idaho Regional Medical Center,Idaho Falls,3100 Channing Way,16,83404,ID,1.0,"Metropolitan area core: primary flow within an urbanized area of 50,000 and greater",267,ENDOVASCULAR CARDIAC VALVE REPLACEMENT AND SUPPLEMENT PROCEDURES WITHOUT MCC,36,224422.72222,49135.388889,33952.472222
130028,Portneuf Medical Center,Pocatello,777 Hospital Way,16,83201,ID,1.0,"Metropolitan area core: primary flow within an urbanized area of 50,000 and greater",267,ENDOVASCULAR CARDIAC VALVE REPLACEMENT AND SUPPLEMENT PROCEDURES WITHOUT MCC,15,226006.93333,50458.4,49235.266667
130049,Kootenai Health,Coeur D'alene,2003 Kootenai Health Way,16,83814,ID,1.0,"Metropolitan area core: primary flow within an urbanized area of 50,000 and greater",266,ENDOVASCULAR CARDIAC VALVE REPLACEMENT AND SUPPLEMENT PROCEDURES WITH MCC,30,162248.0,50414.1,49722.833333
130049,Kootenai Health,Coeur D'alene,2003 Kootenai Health Way,16,83814,ID,1.0,"Metropolitan area core: primary flow within an urbanized area of 50,000 and greater",267,ENDOVASCULAR CARDIAC VALVE REPLACEMENT AND SUPPLEMENT PROCEDURES WITHOUT MCC,60,139559.2,40603.483333,39545.45
140007,Presence Saint Joseph Medical Center,Joliet,333 N Madison St,17,60435,IL,1.0,"Metropolitan area core: primary flow within an urbanized area of 50,000 and greater",267,ENDOVASCULAR CARDIAC VALVE REPLACEMENT AND SUPPLEMENT PROCEDURES WITHOUT MCC,17,237785.23529,38838.941176,37955.823529
140010,Northshore University Healthsystem Evanston Hosp,Evanston,2650 Ridge Ave,17,60201,IL,1.0,"Metropolitan area core: primary flow within an urbanized area of 50,000 and greater",266,ENDOVASCULAR CARDIAC VALVE REPLACEMENT AND SUPPLEMENT PROCEDURES WITH MCC,30,287155.06667,59966.266667,58453.9
140010,Northshore University Healthsystem Evanston Hosp,Evanston,2650 Ridge Ave,17,60201,IL,1.0,"Metropolitan area core: primary flow within an urbanized area of 50,000 and greater",267,ENDOVASCULAR CARDIAC VALVE REPLACEMENT AND SUPPLEMENT PROCEDURES WITHOUT MCC,170,218921.73529,47415.847059,41294.835294
140015,Blessing Hospital,Quincy,1005 Broadway St,17,62301,IL,4.0,"Micropolitan area core: primary flow within an urban cluster of 10,000 to 49,999",267,ENDOVASCULAR CARDIAC VALVE REPLACEMENT AND SUPPLEMENT PROCEDURES WITHOUT MCC,26,257975.5,40643.269231,39194.884615
140030,Advocate Sherman Hospital,Elgin,1425 North Randall Road,17,60123,IL,1.0,"Metropolitan area core: primary flow within an urbanized area of 50,000 and greater",266,ENDOVASCULAR CARDIAC VALVE REPLACEMENT AND SUPPLEMENT PROCEDURES WITH MCC,16,182780.9375,59343.8125,45924.4375
140030,Advocate Sherman Hospital,Elgin,1425 North Randall Road,17,60123,IL,1.0,"Metropolitan area core: primary flow within an urbanized area of 50,000 and greater",267,ENDOVASCULAR CARDIAC VALVE REPLACEMENT AND SUPPLEMENT PROCEDURES WITHOUT MCC,28,140132.64286,41986.642857,36080.678571
140053,St Johns Hospital,Springfield,800 E Carpenter St,17,62769,IL,1.0,"Metropolitan area core: primary flow within an urbanized area of 50,000 and greater",266,ENDOVASCULAR CARDIAC VALVE REPLACEMENT AND SUPPLEMENT PROCEDURES WITH MCC,16,249606.75,53709.375,51879.125
140053,St Johns Hospital,Springfield,800 E Carpenter St,17,62769,IL,1.0,"Metropolitan area core: primary flow within an urbanized area of 50,000 and greater",267,ENDOVASCULAR CARDIAC VALVE REPLACEMENT AND SUPPLEMENT PROCEDURES WITHOUT MCC,78,160031.67949,38681.551282,37284.423077
140067,Saint Francis Medical Center,Peoria,530 Ne Glen Oak Ave,17,61637,IL,1.0,"Metropolitan area core: primary flow within an urbanized area of 50,000 and greater",266,ENDOVASCULAR CARDIAC VALVE REPLACEMENT AND SUPPLEMENT PROCEDURES WITH MCC,30,330899.26667,51125.533333,50240.233333
140067,Saint Francis Medical Center,Peoria,530 Ne Glen Oak Ave,17,61637,IL,1.0,"Metropolitan area core: primary flow within an urbanized area of 50,000 and greater",267,ENDOVASCULAR CARDIAC VALVE REPLACEMENT AND SUPPLEMENT PROCEDURES WITHOUT MCC,105,251874.48571,42586.990476,37938.438095
140088,The University Of Chicago Medical Center,Chicago,5841 South Maryland,17,60637,IL,1.0,"Metropolitan area core: primary flow within an urbanized area of 50,000 and greater",266,ENDOVASCULAR CARDIAC VALVE REPLACEMENT AND SUPPLEMENT PROCEDURES WITH MCC,24,420052.75,88957.75,80707.291667
140088,The University Of Chicago Medical Center,Chicago,5841 South Maryland,17,60637,IL,1.0,"Metropolitan area core: primary flow within an urbanized area of 50,000 and greater",267,ENDOVASCULAR CARDIAC VALVE REPLACEMENT AND SUPPLEMENT PROCEDURES WITHOUT MCC,63,222215.49206,58224.857143,56581.253968
140091,The Carle Foundation Hospital,Urbana,611 West Park Street,17,61801,IL,1.0,"Metropolitan area core: primary flow within an urbanized area of 50,000 and greater",267,ENDOVASCULAR CARDIAC VALVE REPLACEMENT AND SUPPLEMENT PROCEDURES WITHOUT MCC,61,190041.7541,40677.540984,36459.245902
140116,Northwestern Medicine Mchenry Hospital,Mchenry,4201 Medical Center Drive,17,60050,IL,2.0,"Metropolitan area high commuting: primary flow 30% or more to a urbanized area of 50,000 and greater",267,ENDOVASCULAR CARDIAC VALVE REPLACEMENT AND SUPPLEMENT PROCEDURES WITHOUT MCC,20,221898.3,39732.8,38471.4
140117,Presence Resurrection Medical Center,Chicago,7435 W Talcott Avenue,17,60631,IL,1.0,"Metropolitan area core: primary flow within an urbanized area of 50,000 and greater",266,ENDOVASCULAR CARDIAC VALVE REPLACEMENT AND SUPPLEMENT PROCEDURES WITH MCC,30,231118.63333,54651.033333,53785.666667
140117,Presence Resurrection Medical Center,Chicago,7435 W Talcott Avenue,17,60631,IL,1.0,"Metropolitan area core: primary flow within an urbanized area of 50,000 and greater",267,ENDOVASCULAR CARDIAC VALVE REPLACEMENT AND SUPPLEMENT PROCEDURES WITHOUT MCC,13,224688.69231,43490.615385,41913.923077
140119,Rush University Medical Center,Chicago,1653 West Congress Parkway,17,60612,IL,1.0,"Metropolitan area core: primary flow within an urbanized area of 50,000 and greater",266,ENDOVASCULAR CARDIAC VALVE REPLACEMENT AND SUPPLEMENT PROCEDURES WITH MCC,56,239601.66071,77844.428571,74143.607143
140119,Rush University Medical Center,Chicago,1653 West Congress Parkway,17,60612,IL,1.0,"Metropolitan area core: primary flow within an urbanized area of 50,000 and greater",267,ENDOVASCULAR CARDIAC VALVE REPLACEMENT AND SUPPLEMENT PROCEDURES WITHOUT MCC,71,172649.83099,56789.774648,54972.760563
140148,Memorial Medical Center,Springfield,701 N First St,17,62702,IL,1.0,"Metropolitan area core: primary flow within an urbanized area of 50,000 and greater",267,ENDOVASCULAR CARDIAC VALVE REPLACEMENT AND SUPPLEMENT PROCEDURES WITHOUT MCC,61,252634.65574,44610.57377,37549.344262
140150,University Of Illinois Hospital,Chicago,1740 West Taylor St Suite 1400,17,60612,IL,1.0,"Metropolitan area core: primary flow within an urbanized area of 50,000 and greater",266,ENDOVASCULAR CARDIAC VALVE REPLACEMENT AND SUPPLEMENT PROCEDURES WITH MCC,11,210450.18182,91048.545455,82517.727273
140150,University Of Illinois Hospital,Chicago,1740 West Taylor St Suite 1400,17,60612,IL,1.0,"Metropolitan area core: primary flow within an urbanized area of 50,000 and greater",267,ENDOVASCULAR CARDIAC VALVE REPLACEMENT AND SUPPLEMENT PROCEDURES WITHOUT MCC,17,152274.41176,59545.882353,55985.529412
140164,Memorial Hospital Of Carbondale,Carbondale,405 W Jackson,17,62901,IL,1.0,"Metropolitan area core: primary flow within an urbanized area of 50,000 and greater",266,ENDOVASCULAR CARDIAC VALVE REPLACEMENT AND SUPPLEMENT PROCEDURES WITH MCC,14,174766.64286,47023.428571,46391.5
140164,Memorial Hospital Of Carbondale,Carbondale,405 W Jackson,17,62901,IL,1.0,"Metropolitan area core: primary flow within an urbanized area of 50,000 and greater",267,ENDOVASCULAR CARDIAC VALVE REPLACEMENT AND SUPPLEMENT PROCEDURES WITHOUT MCC,63,130740.44444,34763.888889,33888.301587
140186,Riverside Medical Center,Kankakee,350 N Wall St,17,60901,IL,1.0,"Metropolitan area core: primary flow within an urbanized area of 50,000 and greater",267,ENDOVASCULAR CARDIAC VALVE REPLACEMENT AND SUPPLEMENT PROCEDURES WITHOUT MCC,34,144537.47059,42742.764706,37103.852941
140187,Hshs St Elizabeth's Hospital,O Fallon,One St Elizabeth Boulevard,17,62269,IL,1.0,"Metropolitan area core: primary flow within an urbanized area of 50,000 and greater",267,ENDOVASCULAR CARDIAC VALVE REPLACEMENT AND SUPPLEMENT PROCEDURES WITHOUT MCC,19,138215.68421,36342.421053,34977.473684
140208,Advocate Christ Hospital & Medical Center,Oak Lawn,4440 W 95th Street,17,60453,IL,1.0,"Metropolitan area core: primary flow within an urbanized area of 50,000 and greater",266,ENDOVASCULAR CARDIAC VALVE REPLACEMENT AND SUPPLEMENT PROCEDURES WITH MCC,41,197164.31707,70261.268293,51851.804878
140208,Advocate Christ Hospital & Medical Center,Oak Lawn,4440 W 95th Street,17,60453,IL,1.0,"Metropolitan area core: primary flow within an urbanized area of 50,000 and greater",267,ENDOVASCULAR CARDIAC VALVE REPLACEMENT AND SUPPLEMENT PROCEDURES WITHOUT MCC,93,167267.3871,48038.924731,41298.322581
140209,Methodist Medical Center Of Illinois,Peoria,221 N E Glen Oak Ave,17,61636,IL,1.0,"Metropolitan area core: primary flow within an urbanized area of 50,000 and greater",267,ENDOVASCULAR CARDIAC VALVE REPLACEMENT AND SUPPLEMENT PROCEDURES WITHOUT MCC,13,219696.15385,48540.692308,33049.615385
140223,Advocate Lutheran General Hospital,Park Ridge,1775 Dempster St,17,60068,IL,1.0,"Metropolitan area core: primary flow within an urbanized area of 50,000 and greater",266,ENDOVASCULAR CARDIAC VALVE REPLACEMENT AND SUPPLEMENT PROCEDURES WITH MCC,15,138625.4,56734.933333,55919.2
140223,Advocate Lutheran General Hospital,Park Ridge,1775 Dempster St,17,60068,IL,1.0,"Metropolitan area core: primary flow within an urbanized area of 50,000 and greater",267,ENDOVASCULAR CARDIAC VALVE REPLACEMENT AND SUPPLEMENT PROCEDURES WITHOUT MCC,51,130585.90196,47044.372549,43320.45098
140231,Edward Hospital,Naperville,801 South Washington,17,60540,IL,1.0,"Metropolitan area core: primary flow within an urbanized area of 50,000 and greater",266,ENDOVASCULAR CARDIAC VALVE REPLACEMENT AND SUPPLEMENT PROCEDURES WITH MCC,20,222062.4,54559.15,44598.15
140231,Edward Hospital,Naperville,801 South Washington,17,60540,IL,1.0,"Metropolitan area core: primary flow within an urbanized area of 50,000 and greater",267,ENDOVASCULAR CARDIAC VALVE REPLACEMENT AND SUPPLEMENT PROCEDURES WITHOUT MCC,72,175469.43056,41714.861111,34512.916667
140233,Saint Anthony Medical Center,Rockford,5666 East State Street,17,61108,IL,1.0,"Metropolitan area core: primary flow within an urbanized area of 50,000 and greater",267,ENDOVASCULAR CARDIAC VALVE REPLACEMENT AND SUPPLEMENT PROCEDURES WITHOUT MCC,21,241909.04762,51196.857143,31698.428571
140242,Central Dupage Hospital,Winfield,25 North Winfield Road,17,60190,IL,1.0,"Metropolitan area core: primary flow within an urbanized area of 50,000 and greater",266,ENDOVASCULAR CARDIAC VALVE REPLACEMENT AND SUPPLEMENT PROCEDURES WITH MCC,35,514218.8,60431.085714,59540.742857
140242,Central Dupage Hospital,Winfield,25 North Winfield Road,17,60190,IL,1.0,"Metropolitan area core: primary flow within an urbanized area of 50,000 and greater",267,ENDOVASCULAR CARDIAC VALVE REPLACEMENT AND SUPPLEMENT PROCEDURES WITHOUT MCC,81,443146.48148,47086.839506,45896.037037
140252,Northwest Community Hospital 1,Arlington Heights,800 W Central Road,17,60005,IL,1.0,"Metropolitan area core: primary flow within an urbanized area of 50,000 and greater",266,ENDOVASCULAR CARDIAC VALVE REPLACEMENT AND SUPPLEMENT PROCEDURES WITH MCC,24,177894.5,46897.166667,46217.0
140252,Northwest Community Hospital 1,Arlington Heights,800 W Central Road,17,60005,IL,1.0,"Metropolitan area core: primary flow within an urbanized area of 50,000 and greater",267,ENDOVASCULAR CARDIAC VALVE REPLACEMENT AND SUPPLEMENT PROCEDURES WITHOUT MCC,21,163610.14286,37391.904762,36614.571429
140258,Alexian Brothers Medical Center 1,Elk Grove Village,800 W Biesterfield Rd,17,60007,IL,1.0,"Metropolitan area core: primary flow within an urbanized area of 50,000 and greater",266,ENDOVASCULAR CARDIAC VALVE REPLACEMENT AND SUPPLEMENT PROCEDURES WITH MCC,64,165404.17188,48037.078125,47202.3125
140258,Alexian Brothers Medical Center 1,Elk Grove Village,800 W Biesterfield Rd,17,60007,IL,1.0,"Metropolitan area core: primary flow within an urbanized area of 50,000 and greater",267,ENDOVASCULAR CARDIAC VALVE REPLACEMENT AND SUPPLEMENT PROCEDURES WITHOUT MCC,92,131933.47826,38384.695652,36278.663043
140276,Loyola University Medical Center,Maywood,2160 S 1st Avenue,17,60153,IL,1.0,"Metropolitan area core: primary flow within an urbanized area of 50,000 and greater",266,ENDOVASCULAR CARDIAC VALVE REPLACEMENT AND SUPPLEMENT PROCEDURES WITH MCC,18,236608.94444,74430.444444,67781.555556
140276,Loyola University Medical Center,Maywood,2160 S 1st Avenue,17,60153,IL,1.0,"Metropolitan area core: primary flow within an urbanized area of 50,000 and greater",267,ENDOVASCULAR CARDIAC VALVE REPLACEMENT AND SUPPLEMENT PROCEDURES WITHOUT MCC,42,123874.42857,53182.238095,51260.666667
140280,Trinity Rock Island,Rock Island,2701 17th St,17,61201,IL,1.0,"Metropolitan area core: primary flow within an urbanized area of 50,000 and greater",267,ENDOVASCULAR CARDIAC VALVE REPLACEMENT AND SUPPLEMENT PROCEDURES WITHOUT MCC,38,161297.0,38484.842105,33025.815789
140281,Northwestern Memorial Hospital,Chicago,251 E Huron St,17,60611,IL,1.0,"Metropolitan area core: primary flow within an urbanized area of 50,000 and greater",266,ENDOVASCULAR CARDIAC VALVE REPLACEMENT AND SUPPLEMENT PROCEDURES WITH MCC,97,318035.12371,67526.628866,63909.556701
140281,Northwestern Memorial Hospital,Chicago,251 E Huron St,17,60611,IL,1.0,"Metropolitan area core: primary flow within an urbanized area of 50,000 and greater",267,ENDOVASCULAR CARDIAC VALVE REPLACEMENT AND SUPPLEMENT PROCEDURES WITHOUT MCC,138,274528.5,51810.652174,45973.826087
140288,Advocate Good Samaritan Hospital,Downers Grove,3815 Highland Avenue,17,60515,IL,1.0,"Metropolitan area core: primary flow within an urbanized area of 50,000 and greater",266,ENDOVASCULAR CARDIAC VALVE REPLACEMENT AND SUPPLEMENT PROCEDURES WITH MCC,22,200970.27273,49948.636364,49176.272727
140288,Advocate Good Samaritan Hospital,Downers Grove,3815 Highland Avenue,17,60515,IL,1.0,"Metropolitan area core: primary flow within an urbanized area of 50,000 and greater",267,ENDOVASCULAR CARDIAC VALVE REPLACEMENT AND SUPPLEMENT PROCEDURES WITHOUT MCC,55,173315.76364,44504.872727,34415.872727
140291,Advocate Good Shepherd Hospital,Barrington,450 West Highway 22,17,60010,IL,1.0,"Metropolitan area core: primary flow within an urbanized area of 50,000 and greater",266,ENDOVASCULAR CARDIAC VALVE REPLACEMENT AND SUPPLEMENT PROCEDURES WITH MCC,11,186724.18182,48514.636364,47165.545455
140291,Advocate Good Shepherd Hospital,Barrington,450 West Highway 22,17,60010,IL,1.0,"Metropolitan area core: primary flow within an urbanized area of 50,000 and greater",267,ENDOVASCULAR CARDIAC VALVE REPLACEMENT AND SUPPLEMENT PROCEDURES WITHOUT MCC,35,151196.62857,40361.942857,34999.028571
150017,Lutheran Hospital Of Indiana,Fort Wayne,7910 W Jefferson Blvd,18,46804,IN,1.0,"Metropolitan area core: primary flow within an urbanized area of 50,000 and greater",266,ENDOVASCULAR CARDIAC VALVE REPLACEMENT AND SUPPLEMENT PROCEDURES WITH MCC,11,331400.09091,57974.090909,41474.0
150017,Lutheran Hospital Of Indiana,Fort Wayne,7910 W Jefferson Blvd,18,46804,IN,1.0,"Metropolitan area core: primary flow within an urbanized area of 50,000 and greater",267,ENDOVASCULAR CARDIAC VALVE REPLACEMENT AND SUPPLEMENT PROCEDURES WITHOUT MCC,33,258443.18182,36347.484848,35199.878788
150018,Elkhart General Hospital,Elkhart,600 E Blvd,18,46514,IN,1.0,"Metropolitan area core: primary flow within an urbanized area of 50,000 and greater",267,ENDOVASCULAR CARDIAC VALVE REPLACEMENT AND SUPPLEMENT PROCEDURES WITHOUT MCC,29,146143.93103,37414.310345,36233.827586
150021,Parkview Regional Medical Center,Fort Wayne,11109 Parkview Plaza Drive,18,46845,IN,1.0,"Metropolitan area core: primary flow within an urbanized area of 50,000 and greater",267,ENDOVASCULAR CARDIAC VALVE REPLACEMENT AND SUPPLEMENT PROCEDURES WITHOUT MCC,57,230876.75439,39414.122807,36196.491228
150023,Union Hospital Inc,Terre Haute,1606 N Seventh St,18,47804,IN,1.0,"Metropolitan area core: primary flow within an urbanized area of 50,000 and greater",266,ENDOVASCULAR CARDIAC VALVE REPLACEMENT AND SUPPLEMENT PROCEDURES WITH MCC,19,142997.31579,49772.526316,48409.842105
150023,Union Hospital Inc,Terre Haute,1606 N Seventh St,18,47804,IN,1.0,"Metropolitan area core: primary flow within an urbanized area of 50,000 and greater",267,ENDOVASCULAR CARDIAC VALVE REPLACEMENT AND SUPPLEMENT PROCEDURES WITHOUT MCC,39,106384.46154,38698.589744,37308.282051
150035,Northwest  Health- Porter,Valparaiso,85 East Us Hwy 6,18,46383,IN,1.0,"Metropolitan area core: primary flow within an urbanized area of 50,000 and greater",267,ENDOVASCULAR CARDIAC VALVE REPLACEMENT AND SUPPLEMENT PROCEDURES WITHOUT MCC,32,192814.6875,36959.53125,35707.40625
150051,Iu Health Bloomington Hospital,Bloomington,2651 East Discovery Parkway,18,47408,IN,1.0,"Metropolitan area core: primary flow within an urbanized area of 50,000 and greater",266,ENDOVASCULAR CARDIAC VALVE REPLACEMENT AND SUPPLEMENT PROCEDURES WITH MCC,11,238074.72727,53186.090909,52106.818182
150051,Iu Health Bloomington Hospital,Bloomington,2651 East Discovery Parkway,18,47408,IN,1.0,"Metropolitan area core: primary flow within an urbanized area of 50,000 and greater",267,ENDOVASCULAR CARDIAC VALVE REPLACEMENT AND SUPPLEMENT PROCEDURES WITHOUT MCC,13,188159.76923,37663.923077,36179.923077
150056,Indiana University Health,Indianapolis,1701 N Senate Blvd,18,46202,IN,1.0,"Metropolitan area core: primary flow within an urbanized area of 50,000 and greater",266,ENDOVASCULAR CARDIAC VALVE REPLACEMENT AND SUPPLEMENT PROCEDURES WITH MCC,17,248307.82353,62339.411765,59747.0
150056,Indiana University Health,Indianapolis,1701 N Senate Blvd,18,46202,IN,1.0,"Metropolitan area core: primary flow within an urbanized area of 50,000 and greater",267,ENDOVASCULAR CARDIAC VALVE REPLACEMENT AND SUPPLEMENT PROCEDURES WITHOUT MCC,71,186010.52113,47631.802817,45922.971831
150058,Memorial Hospital Of South Bend,South Bend,615 N Michigan St,18,46601,IN,1.0,"Metropolitan area core: primary flow within an urbanized area of 50,000 and greater",267,ENDOVASCULAR CARDIAC VALVE REPLACEMENT AND SUPPLEMENT PROCEDURES WITHOUT MCC,14,170776.57143,39476.571429,38278.0
150074,Community Hospital East,Indianapolis,1500 N Ritter Ave,18,46219,IN,1.0,"Metropolitan area core: primary flow within an urbanized area of 50,000 and greater",266,ENDOVASCULAR CARDIAC VALVE REPLACEMENT AND SUPPLEMENT PROCEDURES WITH MCC,47,158568.91489,55601.531915,52594.042553
150074,Community Hospital East,Indianapolis,1500 N Ritter Ave,18,46219,IN,1.0,"Metropolitan area core: primary flow within an urbanized area of 50,000 and greater",267,ENDOVASCULAR CARDIAC VALVE REPLACEMENT AND SUPPLEMENT PROCEDURES WITHOUT MCC,41,152224.58537,43238.243902,41942.146341
150082,Deaconess Hospital Inc,Evansville,600 Mary St,18,47747,IN,1.0,"Metropolitan area core: primary flow within an urbanized area of 50,000 and greater",266,ENDOVASCULAR CARDIAC VALVE REPLACEMENT AND SUPPLEMENT PROCEDURES WITH MCC,49,175109.14286,45350.040816,44628.081633
150082,Deaconess Hospital Inc,Evansville,600 Mary St,18,47747,IN,1.0,"Metropolitan area core: primary flow within an urbanized area of 50,000 and greater",267,ENDOVASCULAR CARDIAC VALVE REPLACEMENT AND SUPPLEMENT PROCEDURES WITHOUT MCC,66,147404.57576,35464.075758,34647.666667
150089,Indiana University Health Ball Memorial Hospital,Muncie,2401 University Ave,18,47303,IN,1.0,"Metropolitan area core: primary flow within an urbanized area of 50,000 and greater",267,ENDOVASCULAR CARDIAC VALVE REPLACEMENT AND SUPPLEMENT PROCEDURES WITHOUT MCC,16,192806.0625,47920.375,38610.3125
150100,Ascension St Vincent Evansville,Evansville,3700 Washington Ave,18,47750,IN,1.0,"Metropolitan area core: primary flow within an urbanized area of 50,000 and greater",266,ENDOVASCULAR CARDIAC VALVE REPLACEMENT AND SUPPLEMENT PROCEDURES WITH MCC,52,136497.07692,46332.5,45274.423077
150100,Ascension St Vincent Evansville,Evansville,3700 Washington Ave,18,47750,IN,1.0,"Metropolitan area core: primary flow within an urbanized area of 50,000 and greater",267,ENDOVASCULAR CARDIAC VALVE REPLACEMENT AND SUPPLEMENT PROCEDURES WITHOUT MCC,21,136227.09524,37031.571429,35545.380952
150125,Community Hospital,Munster,901 Macarthur Blvd,18,46321,IN,1.0,"Metropolitan area core: primary flow within an urbanized area of 50,000 and greater",266,ENDOVASCULAR CARDIAC VALVE REPLACEMENT AND SUPPLEMENT PROCEDURES WITH MCC,36,146846.05556,47376.305556,43881.194444
150125,Community Hospital,Munster,901 Macarthur Blvd,18,46321,IN,1.0,"Metropolitan area core: primary flow within an urbanized area of 50,000 and greater",267,ENDOVASCULAR CARDIAC VALVE REPLACEMENT AND SUPPLEMENT PROCEDURES WITHOUT MCC,67,135332.80597,38945.985075,34411.626866
150153,Ascension St Vincent Heart Center,Carmel,10580 N Meridian St,18,46290,IN,1.0,"Metropolitan area core: primary flow within an urbanized area of 50,000 and greater",266,ENDOVASCULAR CARDIAC VALVE REPLACEMENT AND SUPPLEMENT PROCEDURES WITH MCC,82,229656.85366,46710.47561,45823.695122
150153,Ascension St Vincent Heart Center,Carmel,10580 N Meridian St,18,46290,IN,1.0,"Metropolitan area core: primary flow within an urbanized area of 50,000 and greater",267,ENDOVASCULAR CARDIAC VALVE REPLACEMENT AND SUPPLEMENT PROCEDURES WITHOUT MCC,153,184464.32026,36909.124183,34823.228758
150162,Franciscan Health Indianapolis,Indianapolis,8111 S Emerson Ave,18,46237,IN,1.0,"Metropolitan area core: primary flow within an urbanized area of 50,000 and greater",266,ENDOVASCULAR CARDIAC VALVE REPLACEMENT AND SUPPLEMENT PROCEDURES WITH MCC,51,183192.62745,50049.568627,46270.411765
160033,Genesis Medical Center-Davenport,Davenport,1227 East Rusholme Street,19,52803,IA,1.0,"Metropolitan area core: primary flow within an urbanized area of 50,000 and greater",266,ENDOVASCULAR CARDIAC VALVE REPLACEMENT AND SUPPLEMENT PROCEDURES WITH MCC,34,191049.82353,47261.441176,45793.117647
160033,Genesis Medical Center-Davenport,Davenport,1227 East Rusholme Street,19,52803,IA,1.0,"Metropolitan area core: primary flow within an urbanized area of 50,000 and greater",267,ENDOVASCULAR CARDIAC VALVE REPLACEMENT AND SUPPLEMENT PROCEDURES WITHOUT MCC,45,162574.11111,35249.022222,34110.977778
160045,St Lukes Hospital,Cedar Rapids,1026 A Ave Ne,19,52402,IA,1.0,"Metropolitan area core: primary flow within an urbanized area of 50,000 and greater",266,ENDOVASCULAR CARDIAC VALVE REPLACEMENT AND SUPPLEMENT PROCEDURES WITH MCC,18,194753.66667,45768.055556,44550.833333
160045,St Lukes Hospital,Cedar Rapids,1026 A Ave Ne,19,52402,IA,1.0,"Metropolitan area core: primary flow within an urbanized area of 50,000 and greater",267,ENDOVASCULAR CARDIAC VALVE REPLACEMENT AND SUPPLEMENT PROCEDURES WITHOUT MCC,48,188696.60417,36895.25,34543.833333
160058,University Of Iowa Hospital & Clinics,Iowa City,200 Hawkins Drive,19,52242,IA,1.0,"Metropolitan area core: primary flow within an urbanized area of 50,000 and greater",266,ENDOVASCULAR CARDIAC VALVE REPLACEMENT AND SUPPLEMENT PROCEDURES WITH MCC,90,197568.31111,61782.877778,58228.722222
160058,University Of Iowa Hospital & Clinics,Iowa City,200 Hawkins Drive,19,52242,IA,1.0,"Metropolitan area core: primary flow within an urbanized area of 50,000 and greater",267,ENDOVASCULAR CARDIAC VALVE REPLACEMENT AND SUPPLEMENT PROCEDURES WITHOUT MCC,58,156288.13793,46822.103448,45453.948276
160064,Mercyone North Iowa Medical Center,Mason City,1000 Fourth Street Sw,19,50401,IA,4.0,"Micropolitan area core: primary flow within an urban cluster of 10,000 to 49,999",267,ENDOVASCULAR CARDIAC VALVE REPLACEMENT AND SUPPLEMENT PROCEDURES WITHOUT MCC,14,137849.42857,38536.571429,37328.142857
160069,Mercyone Dubuque Medical Center,Dubuque,250 Mercy Drive,19,52001,IA,1.0,"Metropolitan area core: primary flow within an urbanized area of 50,000 and greater",267,ENDOVASCULAR CARDIAC VALVE REPLACEMENT AND SUPPLEMENT PROCEDURES WITHOUT MCC,67,106144.31343,34210.149254,31255.820896
160079,Mercy Medical Center - Cedar Rapids,Cedar Rapids,701 10th Street Se,19,52403,IA,1.0,"Metropolitan area core: primary flow within an urbanized area of 50,000 and greater",267,ENDOVASCULAR CARDIAC VALVE REPLACEMENT AND SUPPLEMENT PROCEDURES WITHOUT MCC,23,155483.08696,36083.913043,34773.391304
160082,Unitypoint Health - Des Moines Iowa Methodist Medi,Des Moines,1200 Pleasant Street,19,50309,IA,1.0,"Metropolitan area core: primary flow within an urbanized area of 50,000 and greater",266,ENDOVASCULAR CARDIAC VALVE REPLACEMENT AND SUPPLEMENT PROCEDURES WITH MCC,18,260594.66667,47091.611111,43044.944444
160082,Unitypoint Health - Des Moines Iowa Methodist Medi,Des Moines,1200 Pleasant Street,19,50309,IA,1.0,"Metropolitan area core: primary flow within an urbanized area of 50,000 and greater",267,ENDOVASCULAR CARDIAC VALVE REPLACEMENT AND SUPPLEMENT PROCEDURES WITHOUT MCC,52,232559.63462,36601.384615,35293.269231
160083,Mercyone Des Moines Medical Center,Des Moines,1111 6th Ave,19,50314,IA,1.0,"Metropolitan area core: primary flow within an urbanized area of 50,000 and greater",266,ENDOVASCULAR CARDIAC VALVE REPLACEMENT AND SUPPLEMENT PROCEDURES WITH MCC,42,154669.2619,46083.857143,45090.904762
160083,Mercyone Des Moines Medical Center,Des Moines,1111 6th Ave,19,50314,IA,1.0,"Metropolitan area core: primary flow within an urbanized area of 50,000 and greater",267,ENDOVASCULAR CARDIAC VALVE REPLACEMENT AND SUPPLEMENT PROCEDURES WITHOUT MCC,99,131854.43434,36220.484848,34864.525253
160110,Allen Hospital,Waterloo,1825 Logan Avenue,19,50703,IA,1.0,"Metropolitan area core: primary flow within an urbanized area of 50,000 and greater",267,ENDOVASCULAR CARDIAC VALVE REPLACEMENT AND SUPPLEMENT PROCEDURES WITHOUT MCC,21,162661.61905,34168.857143,32693.047619
160153,Mercyone Siouxland Medical Center,Sioux City,801 5th St,19,51101,IA,1.0,"Metropolitan area core: primary flow within an urbanized area of 50,000 and greater",267,ENDOVASCULAR CARDIAC VALVE REPLACEMENT AND SUPPLEMENT PROCEDURES WITHOUT MCC,17,116028.41176,36436.823529,35275.647059
170012,Salina Regional Health Center,Salina,400 South Santa Fe Avenue,20,67401,KS,4.0,"Micropolitan area core: primary flow within an urban cluster of 10,000 to 49,999",266,ENDOVASCULAR CARDIAC VALVE REPLACEMENT AND SUPPLEMENT PROCEDURES WITH MCC,11,193392.0,50458.909091,49649.454545
170012,Salina Regional Health Center,Salina,400 South Santa Fe Avenue,20,67401,KS,4.0,"Micropolitan area core: primary flow within an urban cluster of 10,000 to 49,999",267,ENDOVASCULAR CARDIAC VALVE REPLACEMENT AND SUPPLEMENT PROCEDURES WITHOUT MCC,21,168178.42857,38448.095238,37246.761905
170040,University Of Kansas Hospital,Kansas City,4000 Cambridge Street,20,66160,KS,1.0,"Metropolitan area core: primary flow within an urbanized area of 50,000 and greater",266,ENDOVASCULAR CARDIAC VALVE REPLACEMENT AND SUPPLEMENT PROCEDURES WITH MCC,240,223953.55417,52013.008333,48375.316667
170040,University Of Kansas Hospital,Kansas City,4000 Cambridge Street,20,66160,KS,1.0,"Metropolitan area core: primary flow within an urbanized area of 50,000 and greater",267,ENDOVASCULAR CARDIAC VALVE REPLACEMENT AND SUPPLEMENT PROCEDURES WITHOUT MCC,64,192015.32813,40275.515625,37591.21875
170049,Olathe Medical Center,Olathe,20333 West 151st Street,20,66061,KS,1.0,"Metropolitan area core: primary flow within an urbanized area of 50,000 and greater",267,ENDOVASCULAR CARDIAC VALVE REPLACEMENT AND SUPPLEMENT PROCEDURES WITHOUT MCC,17,101707.47059,33854.058824,32631.941176
170086,Stormont Vail Hospital,Topeka,1500 Sw 10th Avenue,20,66604,KS,1.0,"Metropolitan area core: primary flow within an urbanized area of 50,000 and greater",266,ENDOVASCULAR CARDIAC VALVE REPLACEMENT AND SUPPLEMENT PROCEDURES WITH MCC,15,189258.4,46946.066667,42991.733333
170086,Stormont Vail Hospital,Topeka,1500 Sw 10th Avenue,20,66604,KS,1.0,"Metropolitan area core: primary flow within an urbanized area of 50,000 and greater",267,ENDOVASCULAR CARDIAC VALVE REPLACEMENT AND SUPPLEMENT PROCEDURES WITHOUT MCC,65,113989.36923,34841.846154,31268.323077
170104,Adventhealth Shawnee Mission,Shawnee Mission,9100 W 74th Street,20,66204,KS,1.0,"Metropolitan area core: primary flow within an urbanized area of 50,000 and greater",266,ENDOVASCULAR CARDIAC VALVE REPLACEMENT AND SUPPLEMENT PROCEDURES WITH MCC,12,343730.75,47327.0,46292.0
170104,Adventhealth Shawnee Mission,Shawnee Mission,9100 W 74th Street,20,66204,KS,1.0,"Metropolitan area core: primary flow within an urbanized area of 50,000 and greater",267,ENDOVASCULAR CARDIAC VALVE REPLACEMENT AND SUPPLEMENT PROCEDURES WITHOUT MCC,17,306516.70588,44063.235294,33339.470588
170122,"Ascension Via Christi Hospitals Wichita, Inc.",Wichita,929 North St Francis Street,20,67214,KS,1.0,"Metropolitan area core: primary flow within an urbanized area of 50,000 and greater",266,ENDOVASCULAR CARDIAC VALVE REPLACEMENT AND SUPPLEMENT PROCEDURES WITH MCC,66,175390.80303,47533.30303,46543.954545
170122,"Ascension Via Christi Hospitals Wichita, Inc.",Wichita,929 North St Francis Street,20,67214,KS,1.0,"Metropolitan area core: primary flow within an urbanized area of 50,000 and greater",267,ENDOVASCULAR CARDIAC VALVE REPLACEMENT AND SUPPLEMENT PROCEDURES WITHOUT MCC,132,144687.05303,38339.80303,35311.212121
170123,Wesley Medical Center,Wichita,550 N Hillside Street,20,67214,KS,1.0,"Metropolitan area core: primary flow within an urbanized area of 50,000 and greater",266,ENDOVASCULAR CARDIAC VALVE REPLACEMENT AND SUPPLEMENT PROCEDURES WITH MCC,96,323340.60417,46403.020833,45538.135417
170123,Wesley Medical Center,Wichita,550 N Hillside Street,20,67214,KS,1.0,"Metropolitan area core: primary flow within an urbanized area of 50,000 and greater",267,ENDOVASCULAR CARDIAC VALVE REPLACEMENT AND SUPPLEMENT PROCEDURES WITHOUT MCC,24,300311.83333,37627.875,36576.708333
180009,King's Daughters' Medical Center,Ashland,2201 Lexington Avenue,21,41101,KY,1.0,"Metropolitan area core: primary flow within an urbanized area of 50,000 and greater",266,ENDOVASCULAR CARDIAC VALVE REPLACEMENT AND SUPPLEMENT PROCEDURES WITH MCC,24,106720.0,43462.375,42499.875
180009,King's Daughters' Medical Center,Ashland,2201 Lexington Avenue,21,41101,KY,1.0,"Metropolitan area core: primary flow within an urbanized area of 50,000 and greater",267,ENDOVASCULAR CARDIAC VALVE REPLACEMENT AND SUPPLEMENT PROCEDURES WITHOUT MCC,40,104618.7,35890.775,32898.025
180010,Saint Joseph Hospital,Lexington,One Saint Joseph Drive,21,40504,KY,1.0,"Metropolitan area core: primary flow within an urbanized area of 50,000 and greater",267,ENDOVASCULAR CARDIAC VALVE REPLACEMENT AND SUPPLEMENT PROCEDURES WITHOUT MCC,25,108167.76,36023.28,31890.2
180013,The Medical Center At Bowling Green,Bowling Green,250 Park Street,21,42101,KY,2.0,"Metropolitan area high commuting: primary flow 30% or more to a urbanized area of 50,000 and greater",267,ENDOVASCULAR CARDIAC VALVE REPLACEMENT AND SUPPLEMENT PROCEDURES WITHOUT MCC,28,141866.57143,37449.25,36322.75
180035,St Elizabeth Medical Center North,Edgewood,1 Medical Village Drive,21,41017,KY,1.0,"Metropolitan area core: primary flow within an urbanized area of 50,000 and greater",266,ENDOVASCULAR CARDIAC VALVE REPLACEMENT AND SUPPLEMENT PROCEDURES WITH MCC,23,196886.04348,49019.26087,47895.0
180035,St Elizabeth Medical Center North,Edgewood,1 Medical Village Drive,21,41017,KY,1.0,"Metropolitan area core: primary flow within an urbanized area of 50,000 and greater",267,ENDOVASCULAR CARDIAC VALVE REPLACEMENT AND SUPPLEMENT PROCEDURES WITHOUT MCC,26,153096.65385,37189.730769,35914.461538
180040,Uofl Health - Jewish Hospital,Louisville,200 Abraham Flexner Way,21,40202,KY,1.0,"Metropolitan area core: primary flow within an urbanized area of 50,000 and greater",266,ENDOVASCULAR CARDIAC VALVE REPLACEMENT AND SUPPLEMENT PROCEDURES WITH MCC,26,240045.15385,51011.192308,48853.115385
180040,Uofl Health - Jewish Hospital,Louisville,200 Abraham Flexner Way,21,40202,KY,1.0,"Metropolitan area core: primary flow within an urbanized area of 50,000 and greater",267,ENDOVASCULAR CARDIAC VALVE REPLACEMENT AND SUPPLEMENT PROCEDURES WITHOUT MCC,39,191489.89744,37445.025641,36238.564103
180044,Pikeville Medical Center,Pikeville,911 Bypass Road,21,41501,KY,7.0,"Small town core: primary flow within an urban cluster of 2,500 to 9,999",267,ENDOVASCULAR CARDIAC VALVE REPLACEMENT AND SUPPLEMENT PROCEDURES WITHOUT MCC,12,126087.75,46043.166667,45245.583333
180067,University Of Kentucky Hospital,Lexington,800 Rose Street,21,40536,KY,1.0,"Metropolitan area core: primary flow within an urbanized area of 50,000 and greater",267,ENDOVASCULAR CARDIAC VALVE REPLACEMENT AND SUPPLEMENT PROCEDURES WITHOUT MCC,32,177487.40625,43929.53125,38159.0625
180088,Norton Hospital / Norton Healthcare Pavilion / Nor,Louisville,200 East Chestnut Street,21,40202,KY,1.0,"Metropolitan area core: primary flow within an urbanized area of 50,000 and greater",266,ENDOVASCULAR CARDIAC VALVE REPLACEMENT AND SUPPLEMENT PROCEDURES WITH MCC,60,309776.13333,49685.333333,48706.9
180088,Norton Hospital / Norton Healthcare Pavilion / Nor,Louisville,200 East Chestnut Street,21,40202,KY,1.0,"Metropolitan area core: primary flow within an urbanized area of 50,000 and greater",267,ENDOVASCULAR CARDIAC VALVE REPLACEMENT AND SUPPLEMENT PROCEDURES WITHOUT MCC,40,273616.85,37223.4,36064.15
180102,Lourdes Hospital,Paducah,1530 Lone Oak Road,21,42003,KY,4.0,"Micropolitan area core: primary flow within an urban cluster of 10,000 to 49,999",266,ENDOVASCULAR CARDIAC VALVE REPLACEMENT AND SUPPLEMENT PROCEDURES WITH MCC,22,172965.18182,42271.409091,41315.590909
180102,Lourdes Hospital,Paducah,1530 Lone Oak Road,21,42003,KY,4.0,"Micropolitan area core: primary flow within an urban cluster of 10,000 to 49,999",267,ENDOVASCULAR CARDIAC VALVE REPLACEMENT AND SUPPLEMENT PROCEDURES WITHOUT MCC,20,163581.65,36224.4,29216.6
180103,Baptist Health Lexington,Lexington,1740 Nicholasville Road,21,40503,KY,1.0,"Metropolitan area core: primary flow within an urbanized area of 50,000 and greater",266,ENDOVASCULAR CARDIAC VALVE REPLACEMENT AND SUPPLEMENT PROCEDURES WITH MCC,14,333016.07143,51102.142857,49554.785714
180103,Baptist Health Lexington,Lexington,1740 Nicholasville Road,21,40503,KY,1.0,"Metropolitan area core: primary flow within an urbanized area of 50,000 and greater",267,ENDOVASCULAR CARDIAC VALVE REPLACEMENT AND SUPPLEMENT PROCEDURES WITHOUT MCC,41,257963.5122,36531.609756,33735.609756
180104,Baptist Health Paducah,Paducah,2501 Kentucky Avenue,21,42003,KY,4.0,"Micropolitan area core: primary flow within an urban cluster of 10,000 to 49,999",266,ENDOVASCULAR CARDIAC VALVE REPLACEMENT AND SUPPLEMENT PROCEDURES WITH MCC,17,293202.58824,43377.941176,42323.176471
180130,Baptist Health Louisville,Louisville,4000 Kresge Way,21,40207,KY,1.0,"Metropolitan area core: primary flow within an urbanized area of 50,000 and greater",266,ENDOVASCULAR CARDIAC VALVE REPLACEMENT AND SUPPLEMENT PROCEDURES WITH MCC,19,291313.26316,42961.473684,42194.210526
180130,Baptist Health Louisville,Louisville,4000 Kresge Way,21,40207,KY,1.0,"Metropolitan area core: primary flow within an urbanized area of 50,000 and greater",267,ENDOVASCULAR CARDIAC VALVE REPLACEMENT AND SUPPLEMENT PROCEDURES WITHOUT MCC,66,275473.04545,35667.787879,34551.469697
190002,Ochsner Lafayette General Medical Center,Lafayette,1214 Coolidge Avenue,22,70503,LA,1.0,"Metropolitan area core: primary flow within an urbanized area of 50,000 and greater",266,ENDOVASCULAR CARDIAC VALVE REPLACEMENT AND SUPPLEMENT PROCEDURES WITH MCC,12,294870.75,47306.0,46316.666667
190002,Ochsner Lafayette General Medical Center,Lafayette,1214 Coolidge Avenue,22,70503,LA,1.0,"Metropolitan area core: primary flow within an urbanized area of 50,000 and greater",267,ENDOVASCULAR CARDIAC VALVE REPLACEMENT AND SUPPLEMENT PROCEDURES WITHOUT MCC,40,232680.95,35602.275,34300.0
190008,Terrebonne General Health System,Houma,8166 Main Street,22,70360,LA,1.0,"Metropolitan area core: primary flow within an urbanized area of 50,000 and greater",266,ENDOVASCULAR CARDIAC VALVE REPLACEMENT AND SUPPLEMENT PROCEDURES WITH MCC,43,118023.06977,41658.697674,40911.744186
190008,Terrebonne General Health System,Houma,8166 Main Street,22,70360,LA,1.0,"Metropolitan area core: primary flow within an urbanized area of 50,000 and greater",267,ENDOVASCULAR CARDIAC VALVE REPLACEMENT AND SUPPLEMENT PROCEDURES WITHOUT MCC,52,108784.76923,33274.173077,32365.442308
190019,Christus St Frances Cabrini Hospital,Alexandria,3330 Masonic Drive,22,71301,LA,1.0,"Metropolitan area core: primary flow within an urbanized area of 50,000 and greater",267,ENDOVASCULAR CARDIAC VALVE REPLACEMENT AND SUPPLEMENT PROCEDURES WITHOUT MCC,15,251079.73333,36477.2,35191.0
190026,Rapides Regional Medical Center,Alexandria,211 4th Street,22,71301,LA,1.0,"Metropolitan area core: primary flow within an urbanized area of 50,000 and greater",267,ENDOVASCULAR CARDIAC VALVE REPLACEMENT AND SUPPLEMENT PROCEDURES WITHOUT MCC,15,173093.33333,44337.4,30505.266667
190027,Christus Ochsner St Patrick Hospital,Lake Charles,524 Dr Michael Debakey Drive,22,70601,LA,1.0,"Metropolitan area core: primary flow within an urbanized area of 50,000 and greater",267,ENDOVASCULAR CARDIAC VALVE REPLACEMENT AND SUPPLEMENT PROCEDURES WITHOUT MCC,13,257064.23077,42993.923077,41727.923077
190036,Ochsner Medical Center,New Orleans,1516 Jefferson Hwy,22,70121,LA,1.0,"Metropolitan area core: primary flow within an urbanized area of 50,000 and greater",267,ENDOVASCULAR CARDIAC VALVE REPLACEMENT AND SUPPLEMENT PROCEDURES WITHOUT MCC,51,133325.21569,41709.647059,36685.039216
190041,Christus Shreveport-Bossier Health System,Shreveport,1453 E Bert Kouns Industrial Loop,22,71105,LA,1.0,"Metropolitan area core: primary flow within an urbanized area of 50,000 and greater",266,ENDOVASCULAR CARDIAC VALVE REPLACEMENT AND SUPPLEMENT PROCEDURES WITH MCC,43,300398.69767,42460.651163,41211.093023
190045,St Tammany Parish Hospital,Covington,1202 S Tyler Street,22,70433,LA,1.0,"Metropolitan area core: primary flow within an urbanized area of 50,000 and greater",267,ENDOVASCULAR CARDIAC VALVE REPLACEMENT AND SUPPLEMENT PROCEDURES WITHOUT MCC,20,338861.1,44771.6,43658.5
190060,Lake Charles Memorial Hospital,Lake Charles,1701 Oak Park Blvd,22,70601,LA,1.0,"Metropolitan area core: primary flow within an urbanized area of 50,000 and greater",266,ENDOVASCULAR CARDIAC VALVE REPLACEMENT AND SUPPLEMENT PROCEDURES WITH MCC,12,93404.583333,45888.666667,44899.333333
190064,Our Lady Of The Lake Regional Medical Center,Baton Rouge,5000 Hennessy Blvd,22,70808,LA,1.0,"Metropolitan area core: primary flow within an urbanized area of 50,000 and greater",266,ENDOVASCULAR CARDIAC VALVE REPLACEMENT AND SUPPLEMENT PROCEDURES WITH MCC,36,152569.25,51565.416667,46494.25
190064,Our Lady Of The Lake Regional Medical Center,Baton Rouge,5000 Hennessy Blvd,22,70808,LA,1.0,"Metropolitan area core: primary flow within an urbanized area of 50,000 and greater",267,ENDOVASCULAR CARDIAC VALVE REPLACEMENT AND SUPPLEMENT PROCEDURES WITHOUT MCC,67,131085.25373,40522.223881,35325.895522
190065,Baton Rouge General Medical Center,Baton Rouge,8585 Picardy Ave,22,70809,LA,1.0,"Metropolitan area core: primary flow within an urbanized area of 50,000 and greater",267,ENDOVASCULAR CARDIAC VALVE REPLACEMENT AND SUPPLEMENT PROCEDURES WITHOUT MCC,11,162883.27273,43812.181818,42259.272727
190102,"Our Lady Of Lourdes Regional Medical Center, Inc",Lafayette,4801 Ambassador Caffery Parkway,22,70508,LA,1.0,"Metropolitan area core: primary flow within an urbanized area of 50,000 and greater",266,ENDOVASCULAR CARDIAC VALVE REPLACEMENT AND SUPPLEMENT PROCEDURES WITH MCC,35,116504.45714,45173.314286,37929.885714
190102,"Our Lady Of Lourdes Regional Medical Center, Inc",Lafayette,4801 Ambassador Caffery Parkway,22,70508,LA,1.0,"Metropolitan area core: primary flow within an urbanized area of 50,000 and greater",267,ENDOVASCULAR CARDIAC VALVE REPLACEMENT AND SUPPLEMENT PROCEDURES WITHOUT MCC,41,109267.5122,33155.536585,31888.707317
190111,"Willis Knighton Medical Center, Inc",Shreveport,2600 Greenwood Road,22,71103,LA,1.0,"Metropolitan area core: primary flow within an urbanized area of 50,000 and greater",266,ENDOVASCULAR CARDIAC VALVE REPLACEMENT AND SUPPLEMENT PROCEDURES WITH MCC,19,177473.63158,42424.0,40199.473684
190111,"Willis Knighton Medical Center, Inc",Shreveport,2600 Greenwood Road,22,71103,LA,1.0,"Metropolitan area core: primary flow within an urbanized area of 50,000 and greater",267,ENDOVASCULAR CARDIAC VALVE REPLACEMENT AND SUPPLEMENT PROCEDURES WITHOUT MCC,33,129280.63636,33806.848485,32330.727273
190125,St Francis Medical Center,Monroe,309 Jackson Street,22,71201,LA,1.0,"Metropolitan area core: primary flow within an urbanized area of 50,000 and greater",267,ENDOVASCULAR CARDIAC VALVE REPLACEMENT AND SUPPLEMENT PROCEDURES WITHOUT MCC,23,126312.73913,33792.608696,32566.695652
190160,Glenwood Regional Medical Center,West Monroe,503 Mcmillan Road,22,71291,LA,1.0,"Metropolitan area core: primary flow within an urbanized area of 50,000 and greater",267,ENDOVASCULAR CARDIAC VALVE REPLACEMENT AND SUPPLEMENT PROCEDURES WITHOUT MCC,19,356715.42105,32788.052632,31928.894737
200009,Maine Medical Center,Portland,22 Bramhall St,23,4102,ME,1.0,"Metropolitan area core: primary flow within an urbanized area of 50,000 and greater",266,ENDOVASCULAR CARDIAC VALVE REPLACEMENT AND SUPPLEMENT PROCEDURES WITH MCC,29,270845.51724,70606.551724,63235.724138
200009,Maine Medical Center,Portland,22 Bramhall St,23,4102,ME,1.0,"Metropolitan area core: primary flow within an urbanized area of 50,000 and greater",267,ENDOVASCULAR CARDIAC VALVE REPLACEMENT AND SUPPLEMENT PROCEDURES WITHOUT MCC,101,212418.32673,47502.980198,45986.29703
200024,Central Maine Medical Center,Lewiston,300 Main Street,23,4240,ME,1.0,"Metropolitan area core: primary flow within an urbanized area of 50,000 and greater",267,ENDOVASCULAR CARDIAC VALVE REPLACEMENT AND SUPPLEMENT PROCEDURES WITHOUT MCC,23,102052.82609,39802.826087,38553.304348
200033,Eastern Maine Medical Center,Bangor,Po Box 404,23,4401,ME,1.0,"Metropolitan area core: primary flow within an urbanized area of 50,000 and greater",266,ENDOVASCULAR CARDIAC VALVE REPLACEMENT AND SUPPLEMENT PROCEDURES WITH MCC,13,200402.69231,71886.461538,49035.846154
200033,Eastern Maine Medical Center,Bangor,Po Box 404,23,4401,ME,1.0,"Metropolitan area core: primary flow within an urbanized area of 50,000 and greater",267,ENDOVASCULAR CARDIAC VALVE REPLACEMENT AND SUPPLEMENT PROCEDURES WITHOUT MCC,55,134697.94545,39715.872727,38518.4
210002,University Of Maryland Medical Center,Baltimore,22 South  Greene Street,24,21201,MD,1.0,"Metropolitan area core: primary flow within an urbanized area of 50,000 and greater",266,ENDOVASCULAR CARDIAC VALVE REPLACEMENT AND SUPPLEMENT PROCEDURES WITH MCC,61,129300.08197,119346.5082,117149.22951
210002,University Of Maryland Medical Center,Baltimore,22 South  Greene Street,24,21201,MD,1.0,"Metropolitan area core: primary flow within an urbanized area of 50,000 and greater",267,ENDOVASCULAR CARDIAC VALVE REPLACEMENT AND SUPPLEMENT PROCEDURES WITHOUT MCC,182,95576.824176,88579.758242,87034.565934
210009,"Johns Hopkins Hospital, The",Baltimore,600 North  Wolfe Street,24,21287,MD,1.0,"Metropolitan area core: primary flow within an urbanized area of 50,000 and greater",266,ENDOVASCULAR CARDIAC VALVE REPLACEMENT AND SUPPLEMENT PROCEDURES WITH MCC,53,88103.660377,81610.490566,79892.754717
210009,"Johns Hopkins Hospital, The",Baltimore,600 North  Wolfe Street,24,21287,MD,1.0,"Metropolitan area core: primary flow within an urbanized area of 50,000 and greater",267,ENDOVASCULAR CARDIAC VALVE REPLACEMENT AND SUPPLEMENT PROCEDURES WITHOUT MCC,125,61266.56,57970.752,55397.504
210012,Sinai Hospital Of Baltimore,Baltimore,2401 West Belvedere Avenue,24,21215,MD,1.0,"Metropolitan area core: primary flow within an urbanized area of 50,000 and greater",266,ENDOVASCULAR CARDIAC VALVE REPLACEMENT AND SUPPLEMENT PROCEDURES WITH MCC,11,97561.909091,90043.363636,89368.818182
210012,Sinai Hospital Of Baltimore,Baltimore,2401 West Belvedere Avenue,24,21215,MD,1.0,"Metropolitan area core: primary flow within an urbanized area of 50,000 and greater",267,ENDOVASCULAR CARDIAC VALVE REPLACEMENT AND SUPPLEMENT PROCEDURES WITHOUT MCC,34,69738.058824,64371.764706,63062.352941
210016,Adventist Healthcare White Oak Medical Center,Silver Spring,11890 Healing Way,24,20904,MD,1.0,"Metropolitan area core: primary flow within an urbanized area of 50,000 and greater",266,ENDOVASCULAR CARDIAC VALVE REPLACEMENT AND SUPPLEMENT PROCEDURES WITH MCC,18,84424.944444,78010.055556,74076.444444
210016,Adventist Healthcare White Oak Medical Center,Silver Spring,11890 Healing Way,24,20904,MD,1.0,"Metropolitan area core: primary flow within an urbanized area of 50,000 and greater",267,ENDOVASCULAR CARDIAC VALVE REPLACEMENT AND SUPPLEMENT PROCEDURES WITHOUT MCC,73,68084.506849,62812.30137,59865.287671
210019,"Tidalhealth Peninsula Regional, Inc",Salisbury,100 East Carroll Avenue,24,21801,MD,1.0,"Metropolitan area core: primary flow within an urbanized area of 50,000 and greater",266,ENDOVASCULAR CARDIAC VALVE REPLACEMENT AND SUPPLEMENT PROCEDURES WITH MCC,31,77978.806452,71996.516129,71230.580645
210019,"Tidalhealth Peninsula Regional, Inc",Salisbury,100 East Carroll Avenue,24,21801,MD,1.0,"Metropolitan area core: primary flow within an urbanized area of 50,000 and greater",267,ENDOVASCULAR CARDIAC VALVE REPLACEMENT AND SUPPLEMENT PROCEDURES WITHOUT MCC,91,66819.516484,61841.78022,58290.934066
210022,Suburban Hospital,Bethesda,8600 Old Georgetown Road,24,20814,MD,1.0,"Metropolitan area core: primary flow within an urbanized area of 50,000 and greater",267,ENDOVASCULAR CARDIAC VALVE REPLACEMENT AND SUPPLEMENT PROCEDURES WITHOUT MCC,37,61444.675676,58901.675676,54376.432432
210024,Medstar Union Memorial Hospital,Baltimore,201 East University Parkway,24,21218,MD,1.0,"Metropolitan area core: primary flow within an urbanized area of 50,000 and greater",266,ENDOVASCULAR CARDIAC VALVE REPLACEMENT AND SUPPLEMENT PROCEDURES WITH MCC,26,67231.076923,62817.576923,56699.384615
210024,Medstar Union Memorial Hospital,Baltimore,201 East University Parkway,24,21218,MD,1.0,"Metropolitan area core: primary flow within an urbanized area of 50,000 and greater",267,ENDOVASCULAR CARDIAC VALVE REPLACEMENT AND SUPPLEMENT PROCEDURES WITHOUT MCC,137,52855.080292,49118.145985,46912.781022
210063,University Of Md St Joseph Medical Center,Towson,7601 Osler Drive,24,21204,MD,1.0,"Metropolitan area core: primary flow within an urbanized area of 50,000 and greater",266,ENDOVASCULAR CARDIAC VALVE REPLACEMENT AND SUPPLEMENT PROCEDURES WITH MCC,42,124144.28571,114012.80952,113270.80952
210063,University Of Md St Joseph Medical Center,Towson,7601 Osler Drive,24,21204,MD,1.0,"Metropolitan area core: primary flow within an urbanized area of 50,000 and greater",267,ENDOVASCULAR CARDIAC VALVE REPLACEMENT AND SUPPLEMENT PROCEDURES WITHOUT MCC,108,92287.305556,84870.324074,81826.064815
220002,Mount Auburn Hospital,Cambridge,330 Mount Auburn Street,25,2138,MA,1.0,"Metropolitan area core: primary flow within an urbanized area of 50,000 and greater",267,ENDOVASCULAR CARDIAC VALVE REPLACEMENT AND SUPPLEMENT PROCEDURES WITHOUT MCC,24,104469.75,52086.708333,51050.916667
220012,Cape Cod Hospital,Hyannis,88 Lewis Bay Road,25,2601,MA,1.0,"Metropolitan area core: primary flow within an urbanized area of 50,000 and greater",266,ENDOVASCULAR CARDIAC VALVE REPLACEMENT AND SUPPLEMENT PROCEDURES WITH MCC,53,180054.92453,72424.396226,71255.754717
220012,Cape Cod Hospital,Hyannis,88 Lewis Bay Road,25,2601,MA,1.0,"Metropolitan area core: primary flow within an urbanized area of 50,000 and greater",267,ENDOVASCULAR CARDIAC VALVE REPLACEMENT AND SUPPLEMENT PROCEDURES WITHOUT MCC,71,134265.22535,56323.15493,55039.830986
220036,St Elizabeth's Medical Center,Brighton,736 Cambridge Street,25,2135,MA,1.0,"Metropolitan area core: primary flow within an urbanized area of 50,000 and greater",266,ENDOVASCULAR CARDIAC VALVE REPLACEMENT AND SUPPLEMENT PROCEDURES WITH MCC,21,239413.7619,98596.714286,96791.761905
220036,St Elizabeth's Medical Center,Brighton,736 Cambridge Street,25,2135,MA,1.0,"Metropolitan area core: primary flow within an urbanized area of 50,000 and greater",267,ENDOVASCULAR CARDIAC VALVE REPLACEMENT AND SUPPLEMENT PROCEDURES WITHOUT MCC,54,229200.44444,89403.777778,85417.296296
220071,Massachusetts General Hospital,Boston,55 Fruit Street,25,2114,MA,1.0,"Metropolitan area core: primary flow within an urbanized area of 50,000 and greater",266,ENDOVASCULAR CARDIAC VALVE REPLACEMENT AND SUPPLEMENT PROCEDURES WITH MCC,185,234314.83243,77393.524324,74788.967568
220071,Massachusetts General Hospital,Boston,55 Fruit Street,25,2114,MA,1.0,"Metropolitan area core: primary flow within an urbanized area of 50,000 and greater",267,ENDOVASCULAR CARDIAC VALVE REPLACEMENT AND SUPPLEMENT PROCEDURES WITHOUT MCC,69,187288.98551,60900.942029,57313.884058
220074,"Southcoast Hospital Group, Inc",Fall River,363 Highland Avenue,25,2720,MA,1.0,"Metropolitan area core: primary flow within an urbanized area of 50,000 and greater",266,ENDOVASCULAR CARDIAC VALVE REPLACEMENT AND SUPPLEMENT PROCEDURES WITH MCC,52,144543.75,58329.25,52993.519231
220074,"Southcoast Hospital Group, Inc",Fall River,363 Highland Avenue,25,2720,MA,1.0,"Metropolitan area core: primary flow within an urbanized area of 50,000 and greater",267,ENDOVASCULAR CARDIAC VALVE REPLACEMENT AND SUPPLEMENT PROCEDURES WITHOUT MCC,96,129730.45833,44737.041667,43041.802083
220077,Baystate Medical Center,Springfield,759 Chestnut Street,25,1199,MA,1.0,"Metropolitan area core: primary flow within an urbanized area of 50,000 and greater",266,ENDOVASCULAR CARDIAC VALVE REPLACEMENT AND SUPPLEMENT PROCEDURES WITH MCC,29,161205.41379,72065.517241,71405.482759
220077,Baystate Medical Center,Springfield,759 Chestnut Street,25,1199,MA,1.0,"Metropolitan area core: primary flow within an urbanized area of 50,000 and greater",267,ENDOVASCULAR CARDIAC VALVE REPLACEMENT AND SUPPLEMENT PROCEDURES WITHOUT MCC,156,110668.11538,56026.596154,54571.121795
220086,Beth Israel Deaconess Medical Center,Boston,330 Brookline Avenue,25,2215,MA,1.0,"Metropolitan area core: primary flow within an urbanized area of 50,000 and greater",266,ENDOVASCULAR CARDIAC VALVE REPLACEMENT AND SUPPLEMENT PROCEDURES WITH MCC,56,142760.82143,78286.142857,75412.625
220086,Beth Israel Deaconess Medical Center,Boston,330 Brookline Avenue,25,2215,MA,1.0,"Metropolitan area core: primary flow within an urbanized area of 50,000 and greater",267,ENDOVASCULAR CARDIAC VALVE REPLACEMENT AND SUPPLEMENT PROCEDURES WITHOUT MCC,178,105438.91011,59389.162921,57711.129213
220110,Brigham And Women's Hospital,Boston,75 Francis Street,25,2115,MA,1.0,"Metropolitan area core: primary flow within an urbanized area of 50,000 and greater",266,ENDOVASCULAR CARDIAC VALVE REPLACEMENT AND SUPPLEMENT PROCEDURES WITH MCC,74,271855.33784,86050.959459,82281.256757
220110,Brigham And Women's Hospital,Boston,75 Francis Street,25,2115,MA,1.0,"Metropolitan area core: primary flow within an urbanized area of 50,000 and greater",267,ENDOVASCULAR CARDIAC VALVE REPLACEMENT AND SUPPLEMENT PROCEDURES WITHOUT MCC,166,145186.5241,60190.945783,58027.174699
220116,Tufts Medical Center,Boston,800 Washington Street,25,2111,MA,1.0,"Metropolitan area core: primary flow within an urbanized area of 50,000 and greater",266,ENDOVASCULAR CARDIAC VALVE REPLACEMENT AND SUPPLEMENT PROCEDURES WITH MCC,37,142057.32432,80338.162162,77583.297297
220116,Tufts Medical Center,Boston,800 Washington Street,25,2111,MA,1.0,"Metropolitan area core: primary flow within an urbanized area of 50,000 and greater",267,ENDOVASCULAR CARDIAC VALVE REPLACEMENT AND SUPPLEMENT PROCEDURES WITHOUT MCC,88,115159.89773,63733.897727,61809.363636
220163,Umass Memorial Medical Center Inc,Worcester,55 Lake Avenue North,25,1655,MA,1.0,"Metropolitan area core: primary flow within an urbanized area of 50,000 and greater",266,ENDOVASCULAR CARDIAC VALVE REPLACEMENT AND SUPPLEMENT PROCEDURES WITH MCC,22,244641.45455,86397.681818,83311.227273
220163,Umass Memorial Medical Center Inc,Worcester,55 Lake Avenue North,25,1655,MA,1.0,"Metropolitan area core: primary flow within an urbanized area of 50,000 and greater",267,ENDOVASCULAR CARDIAC VALVE REPLACEMENT AND SUPPLEMENT PROCEDURES WITHOUT MCC,60,157920.08333,61673.483333,60066.883333
220171,"Lahey Hospital & Medical Center, Burlington",Burlington,41 & 45 Mall Road,25,1803,MA,1.0,"Metropolitan area core: primary flow within an urbanized area of 50,000 and greater",266,ENDOVASCULAR CARDIAC VALVE REPLACEMENT AND SUPPLEMENT PROCEDURES WITH MCC,64,129617.25,69241.53125,65005.0625
220171,"Lahey Hospital & Medical Center, Burlington",Burlington,41 & 45 Mall Road,25,1803,MA,1.0,"Metropolitan area core: primary flow within an urbanized area of 50,000 and greater",267,ENDOVASCULAR CARDIAC VALVE REPLACEMENT AND SUPPLEMENT PROCEDURES WITHOUT MCC,146,94949.910959,53324.917808,50475.924658
220176,St Vincent Hospital,Worcester,123 Summer Street,25,1608,MA,1.0,"Metropolitan area core: primary flow within an urbanized area of 50,000 and greater",267,ENDOVASCULAR CARDIAC VALVE REPLACEMENT AND SUPPLEMENT PROCEDURES WITHOUT MCC,28,428301.17857,55900.964286,54840.892857
230017,Bronson Methodist Hospital,Kalamazoo,601 John Street,26,49007,MI,1.0,"Metropolitan area core: primary flow within an urbanized area of 50,000 and greater",267,ENDOVASCULAR CARDIAC VALVE REPLACEMENT AND SUPPLEMENT PROCEDURES WITHOUT MCC,59,113146.10169,41353.372881,40640.542373
230019,Ascension Providence Hospital,Southfield,16001 W Nine Mile Rd,26,48075,MI,1.0,"Metropolitan area core: primary flow within an urbanized area of 50,000 and greater",266,ENDOVASCULAR CARDIAC VALVE REPLACEMENT AND SUPPLEMENT PROCEDURES WITH MCC,17,123073.76471,56902.705882,50048.823529
230019,Ascension Providence Hospital,Southfield,16001 W Nine Mile Rd,26,48075,MI,1.0,"Metropolitan area core: primary flow within an urbanized area of 50,000 and greater",267,ENDOVASCULAR CARDIAC VALVE REPLACEMENT AND SUPPLEMENT PROCEDURES WITHOUT MCC,29,105282.06897,42891.965517,41618.62069
230020,Beaumont Hospital - Dearborn,Dearborn,18101 Oakwood Blvd,26,48124,MI,1.0,"Metropolitan area core: primary flow within an urbanized area of 50,000 and greater",266,ENDOVASCULAR CARDIAC VALVE REPLACEMENT AND SUPPLEMENT PROCEDURES WITH MCC,18,248476.0,54584.5,53657.722222
230020,Beaumont Hospital - Dearborn,Dearborn,18101 Oakwood Blvd,26,48124,MI,1.0,"Metropolitan area core: primary flow within an urbanized area of 50,000 and greater",267,ENDOVASCULAR CARDIAC VALVE REPLACEMENT AND SUPPLEMENT PROCEDURES WITHOUT MCC,36,188927.33333,40730.888889,40158.444444
230021,"Lakeland Hospital, St Joseph",St Joseph,1234 Napier Avenue,26,49085,MI,1.0,"Metropolitan area core: primary flow within an urbanized area of 50,000 and greater",266,ENDOVASCULAR CARDIAC VALVE REPLACEMENT AND SUPPLEMENT PROCEDURES WITH MCC,26,119993.11538,50123.346154,49381.346154
230021,"Lakeland Hospital, St Joseph",St Joseph,1234 Napier Avenue,26,49085,MI,1.0,"Metropolitan area core: primary flow within an urbanized area of 50,000 and greater",267,ENDOVASCULAR CARDIAC VALVE REPLACEMENT AND SUPPLEMENT PROCEDURES WITHOUT MCC,13,125915.61538,41041.076923,40698.615385
230029,St Joseph Mercy Oakland,Pontiac,44405 Woodward Ave,26,48341,MI,1.0,"Metropolitan area core: primary flow within an urbanized area of 50,000 and greater",266,ENDOVASCULAR CARDIAC VALVE REPLACEMENT AND SUPPLEMENT PROCEDURES WITH MCC,13,205582.61538,55260.0,53662.538462
230029,St Joseph Mercy Oakland,Pontiac,44405 Woodward Ave,26,48341,MI,1.0,"Metropolitan area core: primary flow within an urbanized area of 50,000 and greater",267,ENDOVASCULAR CARDIAC VALVE REPLACEMENT AND SUPPLEMENT PROCEDURES WITHOUT MCC,28,162544.82143,43451.678571,41829.107143
230038,Spectrum Health - Butterworth Campus,Grand Rapids,100 Michigan St Ne,26,49503,MI,1.0,"Metropolitan area core: primary flow within an urbanized area of 50,000 and greater",266,ENDOVASCULAR CARDIAC VALVE REPLACEMENT AND SUPPLEMENT PROCEDURES WITH MCC,55,190090.27273,56686.290909,52054.472727
230038,Spectrum Health - Butterworth Campus,Grand Rapids,100 Michigan St Ne,26,49503,MI,1.0,"Metropolitan area core: primary flow within an urbanized area of 50,000 and greater",267,ENDOVASCULAR CARDIAC VALVE REPLACEMENT AND SUPPLEMENT PROCEDURES WITHOUT MCC,72,177308.06944,45234.416667,39492.888889
230041,Mclaren Bay Region,Bay City,1900 Columbus Ave,26,48708,MI,1.0,"Metropolitan area core: primary flow within an urbanized area of 50,000 and greater",267,ENDOVASCULAR CARDIAC VALVE REPLACEMENT AND SUPPLEMENT PROCEDURES WITHOUT MCC,46,142028.3913,36912.304348,35836.282609
230046,University Of Michigan Health System,Ann Arbor,"1500 E Medical Center Drive, Spc 5474",26,48109,MI,1.0,"Metropolitan area core: primary flow within an urbanized area of 50,000 and greater",266,ENDOVASCULAR CARDIAC VALVE REPLACEMENT AND SUPPLEMENT PROCEDURES WITH MCC,50,221392.04,77304.48,70015.56
230046,University Of Michigan Health System,Ann Arbor,"1500 E Medical Center Drive, Spc 5474",26,48109,MI,1.0,"Metropolitan area core: primary flow within an urbanized area of 50,000 and greater",267,ENDOVASCULAR CARDIAC VALVE REPLACEMENT AND SUPPLEMENT PROCEDURES WITHOUT MCC,115,164378.2,54761.582609,51124.043478
230047,Henry Ford Macomb Hospital,Clinton Township,15855 Nineteen Mile Rd,26,48038,MI,1.0,"Metropolitan area core: primary flow within an urbanized area of 50,000 and greater",267,ENDOVASCULAR CARDIAC VALVE REPLACEMENT AND SUPPLEMENT PROCEDURES WITHOUT MCC,19,146328.52632,42094.789474,40942.421053
230053,Henry Ford Hospital,Detroit,2799 W Grand Blvd,26,48202,MI,1.0,"Metropolitan area core: primary flow within an urbanized area of 50,000 and greater",266,ENDOVASCULAR CARDIAC VALVE REPLACEMENT AND SUPPLEMENT PROCEDURES WITH MCC,24,203818.91667,76871.166667,63516.125
230053,Henry Ford Hospital,Detroit,2799 W Grand Blvd,26,48202,MI,1.0,"Metropolitan area core: primary flow within an urbanized area of 50,000 and greater",267,ENDOVASCULAR CARDIAC VALVE REPLACEMENT AND SUPPLEMENT PROCEDURES WITHOUT MCC,101,156412.22772,51367.49505,49875.069307
230054,Up Health System - Marquette,Marquette,850 W Baraga Ave,26,49855,MI,4.0,"Micropolitan area core: primary flow within an urban cluster of 10,000 to 49,999",267,ENDOVASCULAR CARDIAC VALVE REPLACEMENT AND SUPPLEMENT PROCEDURES WITHOUT MCC,24,126864.29167,46148.708333,45045.041667
230066,Mercy Health Muskegon,Muskegon,125 E Southern,26,49442,MI,1.0,"Metropolitan area core: primary flow within an urbanized area of 50,000 and greater",267,ENDOVASCULAR CARDIAC VALVE REPLACEMENT AND SUPPLEMENT PROCEDURES WITHOUT MCC,16,93664.625,44769.125,43470.625
230070,Covenant Medical Center,Saginaw,1447 N Harrison,26,48602,MI,1.0,"Metropolitan area core: primary flow within an urbanized area of 50,000 and greater",267,ENDOVASCULAR CARDIAC VALVE REPLACEMENT AND SUPPLEMENT PROCEDURES WITHOUT MCC,44,105873.56818,38430.340909,37785.818182
230077,Ascension St Mary's Hospital,Saginaw,800 S Washington Avenue,26,48601,MI,1.0,"Metropolitan area core: primary flow within an urbanized area of 50,000 and greater",267,ENDOVASCULAR CARDIAC VALVE REPLACEMENT AND SUPPLEMENT PROCEDURES WITHOUT MCC,35,77940.914286,37539.628571,36111.628571
230092,Henry Ford Allegiance Health,Jackson,205 N East Ave,26,49201,MI,1.0,"Metropolitan area core: primary flow within an urbanized area of 50,000 and greater",267,ENDOVASCULAR CARDIAC VALVE REPLACEMENT AND SUPPLEMENT PROCEDURES WITHOUT MCC,20,121293.65,41874.15,40538.55
230097,Munson Medical Center,Traverse City,1105 Sixth Street,26,49684,MI,4.0,"Micropolitan area core: primary flow within an urban cluster of 10,000 to 49,999",266,ENDOVASCULAR CARDIAC VALVE REPLACEMENT AND SUPPLEMENT PROCEDURES WITH MCC,17,197400.35294,58295.058824,57208.0
230097,Munson Medical Center,Traverse City,1105 Sixth Street,26,49684,MI,4.0,"Micropolitan area core: primary flow within an urban cluster of 10,000 to 49,999",267,ENDOVASCULAR CARDIAC VALVE REPLACEMENT AND SUPPLEMENT PROCEDURES WITHOUT MCC,79,166474.8481,47177.506329,42165.037975
230105,Mclaren Northern Michigan,Petoskey,416 Connable Ave,26,49770,MI,7.0,"Small town core: primary flow within an urban cluster of 2,500 to 9,999",267,ENDOVASCULAR CARDIAC VALVE REPLACEMENT AND SUPPLEMENT PROCEDURES WITHOUT MCC,52,94753.942308,43330.192308,42759.423077
230117,Ascension Borgess Hospital,Kalamazoo,1521 Gull Road,26,49048,MI,1.0,"Metropolitan area core: primary flow within an urbanized area of 50,000 and greater",266,ENDOVASCULAR CARDIAC VALVE REPLACEMENT AND SUPPLEMENT PROCEDURES WITH MCC,27,141196.18519,52466.037037,51138.481481
230117,Ascension Borgess Hospital,Kalamazoo,1521 Gull Road,26,49048,MI,1.0,"Metropolitan area core: primary flow within an urbanized area of 50,000 and greater",267,ENDOVASCULAR CARDIAC VALVE REPLACEMENT AND SUPPLEMENT PROCEDURES WITHOUT MCC,17,128738.23529,41875.529412,40263.058824
230130,"Beaumont Hospital, Royal Oak",Royal Oak,3601 W Thirteen Mile Rd,26,48073,MI,1.0,"Metropolitan area core: primary flow within an urbanized area of 50,000 and greater",266,ENDOVASCULAR CARDIAC VALVE REPLACEMENT AND SUPPLEMENT PROCEDURES WITH MCC,84,270651.40476,65059.22619,57631.166667
230130,"Beaumont Hospital, Royal Oak",Royal Oak,3601 W Thirteen Mile Rd,26,48073,MI,1.0,"Metropolitan area core: primary flow within an urbanized area of 50,000 and greater",267,ENDOVASCULAR CARDIAC VALVE REPLACEMENT AND SUPPLEMENT PROCEDURES WITHOUT MCC,159,202465.91824,45223.666667,43278.937107
230141,Mclaren Flint,Flint,401 S Ballenger Highway,26,48532,MI,1.0,"Metropolitan area core: primary flow within an urbanized area of 50,000 and greater",267,ENDOVASCULAR CARDIAC VALVE REPLACEMENT AND SUPPLEMENT PROCEDURES WITHOUT MCC,17,124688.52941,42568.0,41496.117647
230156,St Joseph Mercy Hospital,Ann Arbor,5301 E Huron River Dr,26,48106,MI,1.0,"Metropolitan area core: primary flow within an urbanized area of 50,000 and greater",266,ENDOVASCULAR CARDIAC VALVE REPLACEMENT AND SUPPLEMENT PROCEDURES WITH MCC,24,117686.625,54253.916667,49745.916667
230156,St Joseph Mercy Hospital,Ann Arbor,5301 E Huron River Dr,26,48106,MI,1.0,"Metropolitan area core: primary flow within an urbanized area of 50,000 and greater",267,ENDOVASCULAR CARDIAC VALVE REPLACEMENT AND SUPPLEMENT PROCEDURES WITHOUT MCC,47,84502.553191,42355.531915,41117.361702
230165,Ascension St John Hospital,Detroit,22101 Moross Rd,26,48236,MI,1.0,"Metropolitan area core: primary flow within an urbanized area of 50,000 and greater",267,ENDOVASCULAR CARDIAC VALVE REPLACEMENT AND SUPPLEMENT PROCEDURES WITHOUT MCC,32,107656.3125,44087.4375,42580.15625
230197,Ascension Genesys Hospital,Grand Blanc,One Genesys Parkway,26,48439,MI,1.0,"Metropolitan area core: primary flow within an urbanized area of 50,000 and greater",267,ENDOVASCULAR CARDIAC VALVE REPLACEMENT AND SUPPLEMENT PROCEDURES WITHOUT MCC,16,205031.3125,52208.1875,50921.125
230216,Mclaren Port Huron,Port Huron,1221 Pine Grove Ave,26,48060,MI,1.0,"Metropolitan area core: primary flow within an urbanized area of 50,000 and greater",267,ENDOVASCULAR CARDIAC VALVE REPLACEMENT AND SUPPLEMENT PROCEDURES WITHOUT MCC,12,143158.75,40324.166667,31018.833333
230222,Mymichigan Medical Center Midland,Midland,4000 Wellness Drive,26,48670,MI,1.0,"Metropolitan area core: primary flow within an urbanized area of 50,000 and greater",266,ENDOVASCULAR CARDIAC VALVE REPLACEMENT AND SUPPLEMENT PROCEDURES WITH MCC,20,150669.8,54599.0,53734.55
230222,Mymichigan Medical Center Midland,Midland,4000 Wellness Drive,26,48670,MI,1.0,"Metropolitan area core: primary flow within an urbanized area of 50,000 and greater",267,ENDOVASCULAR CARDIAC VALVE REPLACEMENT AND SUPPLEMENT PROCEDURES WITHOUT MCC,98,123341.11224,43083.367347,42405.040816
230227,Mclaren Macomb,Mount Clemens,1000 Harrington St,26,48043,MI,1.0,"Metropolitan area core: primary flow within an urbanized area of 50,000 and greater",267,ENDOVASCULAR CARDIAC VALVE REPLACEMENT AND SUPPLEMENT PROCEDURES WITHOUT MCC,19,148973.0,43011.157895,41732.105263
230230,Edward W Sparrow Hospital,Lansing,1215 E Michigan Avenue,26,48912,MI,1.0,"Metropolitan area core: primary flow within an urbanized area of 50,000 and greater",267,ENDOVASCULAR CARDIAC VALVE REPLACEMENT AND SUPPLEMENT PROCEDURES WITHOUT MCC,26,172612.76923,43375.0,42265.307692
230269,"Beaumont Hospital, Troy",Troy,44201 Dequindre Road,26,48085,MI,1.0,"Metropolitan area core: primary flow within an urbanized area of 50,000 and greater",266,ENDOVASCULAR CARDIAC VALVE REPLACEMENT AND SUPPLEMENT PROCEDURES WITH MCC,12,312864.33333,63265.833333,62739.666667
230269,"Beaumont Hospital, Troy",Troy,44201 Dequindre Road,26,48085,MI,1.0,"Metropolitan area core: primary flow within an urbanized area of 50,000 and greater",267,ENDOVASCULAR CARDIAC VALVE REPLACEMENT AND SUPPLEMENT PROCEDURES WITHOUT MCC,41,194802.09756,37360.756098,36869.02439
240001,North Memorial Health,Robbinsdale,3300 Oakdale North,27,55422,MN,1.0,"Metropolitan area core: primary flow within an urbanized area of 50,000 and greater",267,ENDOVASCULAR CARDIAC VALVE REPLACEMENT AND SUPPLEMENT PROCEDURES WITHOUT MCC,43,92001.697674,41841.232558,41193.604651
240002,Essentia Health St Mary's Medical Center,Duluth,407 East Third Street,27,55805,MN,1.0,"Metropolitan area core: primary flow within an urbanized area of 50,000 and greater",266,ENDOVASCULAR CARDIAC VALVE REPLACEMENT AND SUPPLEMENT PROCEDURES WITH MCC,42,143605.83333,52313.047619,48754.833333
240002,Essentia Health St Mary's Medical Center,Duluth,407 East Third Street,27,55805,MN,1.0,"Metropolitan area core: primary flow within an urbanized area of 50,000 and greater",267,ENDOVASCULAR CARDIAC VALVE REPLACEMENT AND SUPPLEMENT PROCEDURES WITHOUT MCC,66,119443.10606,37933.69697,36670.727273
240010,Mayo Clinic Hospital Rochester,Rochester,1216 Second Street Southwest,27,55902,MN,1.0,"Metropolitan area core: primary flow within an urbanized area of 50,000 and greater",266,ENDOVASCULAR CARDIAC VALVE REPLACEMENT AND SUPPLEMENT PROCEDURES WITH MCC,105,165485.61905,73890.304762,70475.390476
240010,Mayo Clinic Hospital Rochester,Rochester,1216 Second Street Southwest,27,55902,MN,1.0,"Metropolitan area core: primary flow within an urbanized area of 50,000 and greater",267,ENDOVASCULAR CARDIAC VALVE REPLACEMENT AND SUPPLEMENT PROCEDURES WITHOUT MCC,385,101762.58442,56451.649351,52974.8
240036,St Cloud Hospital,Saint Cloud,1406 6th Ave North,27,56303,MN,1.0,"Metropolitan area core: primary flow within an urbanized area of 50,000 and greater",266,ENDOVASCULAR CARDIAC VALVE REPLACEMENT AND SUPPLEMENT PROCEDURES WITH MCC,59,170952.57627,67405.864407,65239.423729
240036,St Cloud Hospital,Saint Cloud,1406 6th Ave North,27,56303,MN,1.0,"Metropolitan area core: primary flow within an urbanized area of 50,000 and greater",267,ENDOVASCULAR CARDIAC VALVE REPLACEMENT AND SUPPLEMENT PROCEDURES WITHOUT MCC,124,100189.55645,50277.604839,48896.290323
240038,United Hospital,Saint Paul,333 North Smith Avenue,27,55102,MN,1.0,"Metropolitan area core: primary flow within an urbanized area of 50,000 and greater",266,ENDOVASCULAR CARDIAC VALVE REPLACEMENT AND SUPPLEMENT PROCEDURES WITH MCC,12,243363.91667,59454.666667,58494.5
240038,United Hospital,Saint Paul,333 North Smith Avenue,27,55102,MN,1.0,"Metropolitan area core: primary flow within an urbanized area of 50,000 and greater",267,ENDOVASCULAR CARDIAC VALVE REPLACEMENT AND SUPPLEMENT PROCEDURES WITHOUT MCC,44,165972.27273,41111.840909,39865.181818
240047,St Lukes Hospital,Duluth,915 East 1st Street,27,55805,MN,1.0,"Metropolitan area core: primary flow within an urbanized area of 50,000 and greater",266,ENDOVASCULAR CARDIAC VALVE REPLACEMENT AND SUPPLEMENT PROCEDURES WITH MCC,34,117212.73529,49688.852941,48451.764706
240047,St Lukes Hospital,Duluth,915 East 1st Street,27,55805,MN,1.0,"Metropolitan area core: primary flow within an urbanized area of 50,000 and greater",267,ENDOVASCULAR CARDIAC VALVE REPLACEMENT AND SUPPLEMENT PROCEDURES WITHOUT MCC,19,116408.21053,39840.210526,38420.263158
240053,Park Nicollet Methodist Hospital,Saint Louis Park,6500 Excelsior Blvd,27,55426,MN,1.0,"Metropolitan area core: primary flow within an urbanized area of 50,000 and greater",266,ENDOVASCULAR CARDIAC VALVE REPLACEMENT AND SUPPLEMENT PROCEDURES WITH MCC,14,132206.64286,55907.571429,54919.642857
240053,Park Nicollet Methodist Hospital,Saint Louis Park,6500 Excelsior Blvd,27,55426,MN,1.0,"Metropolitan area core: primary flow within an urbanized area of 50,000 and greater",267,ENDOVASCULAR CARDIAC VALVE REPLACEMENT AND SUPPLEMENT PROCEDURES WITHOUT MCC,47,89583.446809,43542.148936,37633.87234
240057,Abbott Northwestern Hospital,Minneapolis,800 East 28th Street,27,55407,MN,1.0,"Metropolitan area core: primary flow within an urbanized area of 50,000 and greater",266,ENDOVASCULAR CARDIAC VALVE REPLACEMENT AND SUPPLEMENT PROCEDURES WITH MCC,43,221068.34884,54468.72093,53127.488372
240057,Abbott Northwestern Hospital,Minneapolis,800 East 28th Street,27,55407,MN,1.0,"Metropolitan area core: primary flow within an urbanized area of 50,000 and greater",267,ENDOVASCULAR CARDIAC VALVE REPLACEMENT AND SUPPLEMENT PROCEDURES WITHOUT MCC,176,166749.01136,41555.948864,40201.8125
240078,M Health Fairview Southdale Hospital,Edina,6401 France Avenue South,27,55435,MN,1.0,"Metropolitan area core: primary flow within an urbanized area of 50,000 and greater",266,ENDOVASCULAR CARDIAC VALVE REPLACEMENT AND SUPPLEMENT PROCEDURES WITH MCC,14,187222.57143,50211.5,49024.285714
240078,M Health Fairview Southdale Hospital,Edina,6401 France Avenue South,27,55435,MN,1.0,"Metropolitan area core: primary flow within an urbanized area of 50,000 and greater",267,ENDOVASCULAR CARDIAC VALVE REPLACEMENT AND SUPPLEMENT PROCEDURES WITHOUT MCC,36,161615.83333,39881.611111,36710.666667
240080,M Health Fairview University Of Mn,Minneapolis,2450 Riverside Avenue,27,55454,MN,1.0,"Metropolitan area core: primary flow within an urbanized area of 50,000 and greater",266,ENDOVASCULAR CARDIAC VALVE REPLACEMENT AND SUPPLEMENT PROCEDURES WITH MCC,43,170349.44186,64640.860465,62241.813953
240080,M Health Fairview University Of Mn,Minneapolis,2450 Riverside Avenue,27,55454,MN,1.0,"Metropolitan area core: primary flow within an urbanized area of 50,000 and greater",267,ENDOVASCULAR CARDIAC VALVE REPLACEMENT AND SUPPLEMENT PROCEDURES WITHOUT MCC,58,148784.93103,51280.896552,48041.896552
240106,Regions Hospital,Saint Paul,640 Jackson Street,27,55101,MN,1.0,"Metropolitan area core: primary flow within an urbanized area of 50,000 and greater",266,ENDOVASCULAR CARDIAC VALVE REPLACEMENT AND SUPPLEMENT PROCEDURES WITH MCC,29,131477.72414,59155.758621,58200.62069
240106,Regions Hospital,Saint Paul,640 Jackson Street,27,55101,MN,1.0,"Metropolitan area core: primary flow within an urbanized area of 50,000 and greater",267,ENDOVASCULAR CARDIAC VALVE REPLACEMENT AND SUPPLEMENT PROCEDURES WITHOUT MCC,69,119319.01449,47453.318841,45992.985507
240115,Mercy Hospital,Coon Rapids,4050 Coon Rapids Blvd,27,55433,MN,1.0,"Metropolitan area core: primary flow within an urbanized area of 50,000 and greater",267,ENDOVASCULAR CARDIAC VALVE REPLACEMENT AND SUPPLEMENT PROCEDURES WITHOUT MCC,49,149186.59184,41175.428571,38453.428571
250001,University Of Mississippi Med Center,Jackson,2500 N State St,28,39216,MS,1.0,"Metropolitan area core: primary flow within an urbanized area of 50,000 and greater",266,ENDOVASCULAR CARDIAC VALVE REPLACEMENT AND SUPPLEMENT PROCEDURES WITH MCC,16,102783.375,57746.125,55195.1875
250001,University Of Mississippi Med Center,Jackson,2500 N State St,28,39216,MS,1.0,"Metropolitan area core: primary flow within an urbanized area of 50,000 and greater",267,ENDOVASCULAR CARDIAC VALVE REPLACEMENT AND SUPPLEMENT PROCEDURES WITHOUT MCC,23,78480.26087,45390.478261,43668.086957
250004,North Mississippi Medical Center,Tupelo,830 S Gloster Street,28,38801,MS,4.0,"Micropolitan area core: primary flow within an urban cluster of 10,000 to 49,999",266,ENDOVASCULAR CARDIAC VALVE REPLACEMENT AND SUPPLEMENT PROCEDURES WITH MCC,37,141344.78378,44529.162162,41426.756757
250004,North Mississippi Medical Center,Tupelo,830 S Gloster Street,28,38801,MS,4.0,"Micropolitan area core: primary flow within an urban cluster of 10,000 to 49,999",267,ENDOVASCULAR CARDIAC VALVE REPLACEMENT AND SUPPLEMENT PROCEDURES WITHOUT MCC,44,120504.29545,35955.295455,32533.590909
250034,Baptist Memorial Hospital North Ms,Oxford,1100 Belk Blvd,28,38655,MS,4.0,"Micropolitan area core: primary flow within an urban cluster of 10,000 to 49,999",267,ENDOVASCULAR CARDIAC VALVE REPLACEMENT AND SUPPLEMENT PROCEDURES WITHOUT MCC,23,124295.95652,34832.565217,33454.304348
250040,Singing River Health System,Pascagoula,2809 Denny Avenue,28,39581,MS,1.0,"Metropolitan area core: primary flow within an urbanized area of 50,000 and greater",267,ENDOVASCULAR CARDIAC VALVE REPLACEMENT AND SUPPLEMENT PROCEDURES WITHOUT MCC,24,144525.16667,32706.0,31407.5
250048,St Dominic-Jackson Memorial Hospital,Jackson,969 Lakeland Dr,28,39216,MS,1.0,"Metropolitan area core: primary flow within an urbanized area of 50,000 and greater",266,ENDOVASCULAR CARDIAC VALVE REPLACEMENT AND SUPPLEMENT PROCEDURES WITH MCC,13,162906.92308,48776.538462,47940.076923
250048,St Dominic-Jackson Memorial Hospital,Jackson,969 Lakeland Dr,28,39216,MS,1.0,"Metropolitan area core: primary flow within an urbanized area of 50,000 and greater",267,ENDOVASCULAR CARDIAC VALVE REPLACEMENT AND SUPPLEMENT PROCEDURES WITHOUT MCC,76,112973.21053,33657.184211,31763.342105
250078,Forrest General Hospital,Hattiesburg,6051 Us Highway 49,28,39404,MS,1.0,"Metropolitan area core: primary flow within an urbanized area of 50,000 and greater",266,ENDOVASCULAR CARDIAC VALVE REPLACEMENT AND SUPPLEMENT PROCEDURES WITH MCC,71,135543.02817,42809.352113,41347.943662
250078,Forrest General Hospital,Hattiesburg,6051 Us Highway 49,28,39404,MS,1.0,"Metropolitan area core: primary flow within an urbanized area of 50,000 and greater",267,ENDOVASCULAR CARDIAC VALVE REPLACEMENT AND SUPPLEMENT PROCEDURES WITHOUT MCC,113,125693.24779,34099.787611,33290.513274
250102,Mississippi Baptist Medical Center,Jackson,1225 N State St,28,39202,MS,1.0,"Metropolitan area core: primary flow within an urbanized area of 50,000 and greater",267,ENDOVASCULAR CARDIAC VALVE REPLACEMENT AND SUPPLEMENT PROCEDURES WITHOUT MCC,50,126020.9,33583.4,31470.56
260001,Mercy Hospital Joplin,Joplin,100 Mercy Way,29,64804,MO,1.0,"Metropolitan area core: primary flow within an urbanized area of 50,000 and greater",267,ENDOVASCULAR CARDIAC VALVE REPLACEMENT AND SUPPLEMENT PROCEDURES WITHOUT MCC,25,144138.12,34073.48,32767.56
260006,Mosaic Life Care At St Joseph,Saint Joseph,5325 Faraon Street,29,64506,MO,1.0,"Metropolitan area core: primary flow within an urbanized area of 50,000 and greater",266,ENDOVASCULAR CARDIAC VALVE REPLACEMENT AND SUPPLEMENT PROCEDURES WITH MCC,35,143652.2,62771.971429,61627.142857
260006,Mosaic Life Care At St Joseph,Saint Joseph,5325 Faraon Street,29,64506,MO,1.0,"Metropolitan area core: primary flow within an urbanized area of 50,000 and greater",267,ENDOVASCULAR CARDIAC VALVE REPLACEMENT AND SUPPLEMENT PROCEDURES WITHOUT MCC,35,127492.31429,48147.714286,46790.885714
260020,Mercy Hospital St Louis,Saint Louis,615 New Ballas Road,29,63141,MO,1.0,"Metropolitan area core: primary flow within an urbanized area of 50,000 and greater",266,ENDOVASCULAR CARDIAC VALVE REPLACEMENT AND SUPPLEMENT PROCEDURES WITH MCC,13,192592.0,51183.461538,50669.692308
260020,Mercy Hospital St Louis,Saint Louis,615 New Ballas Road,29,63141,MO,1.0,"Metropolitan area core: primary flow within an urbanized area of 50,000 and greater",267,ENDOVASCULAR CARDIAC VALVE REPLACEMENT AND SUPPLEMENT PROCEDURES WITHOUT MCC,47,124688.57447,38717.829787,37549.574468
260027,Research Medical Center,Kansas City,2316 E Meyer Blvd,29,64132,MO,1.0,"Metropolitan area core: primary flow within an urbanized area of 50,000 and greater",266,ENDOVASCULAR CARDIAC VALVE REPLACEMENT AND SUPPLEMENT PROCEDURES WITH MCC,37,473516.67568,49331.756757,48491.540541
260027,Research Medical Center,Kansas City,2316 E Meyer Blvd,29,64132,MO,1.0,"Metropolitan area core: primary flow within an urbanized area of 50,000 and greater",267,ENDOVASCULAR CARDIAC VALVE REPLACEMENT AND SUPPLEMENT PROCEDURES WITHOUT MCC,38,453824.07895,42358.921053,37830.157895
260032,Barnes Jewish Hospital,Saint Louis,One Barnes-Jewish Hospital Plaza,29,63110,MO,1.0,"Metropolitan area core: primary flow within an urbanized area of 50,000 and greater",266,ENDOVASCULAR CARDIAC VALVE REPLACEMENT AND SUPPLEMENT PROCEDURES WITH MCC,36,225988.69444,60110.722222,59059.555556
260032,Barnes Jewish Hospital,Saint Louis,One Barnes-Jewish Hospital Plaza,29,63110,MO,1.0,"Metropolitan area core: primary flow within an urbanized area of 50,000 and greater",267,ENDOVASCULAR CARDIAC VALVE REPLACEMENT AND SUPPLEMENT PROCEDURES WITHOUT MCC,79,176355.03797,44950.417722,42549.303797
260040,Cox Medical Centers,Springfield,3801 South National Avenue,29,65807,MO,1.0,"Metropolitan area core: primary flow within an urbanized area of 50,000 and greater",266,ENDOVASCULAR CARDIAC VALVE REPLACEMENT AND SUPPLEMENT PROCEDURES WITH MCC,25,202548.08,50869.24,43533.2
260040,Cox Medical Centers,Springfield,3801 South National Avenue,29,65807,MO,1.0,"Metropolitan area core: primary flow within an urbanized area of 50,000 and greater",267,ENDOVASCULAR CARDIAC VALVE REPLACEMENT AND SUPPLEMENT PROCEDURES WITHOUT MCC,60,166464.23333,36029.6,33422.0
260065,Mercy Hospital Springfield,Springfield,1235 E Cherokee,29,65804,MO,1.0,"Metropolitan area core: primary flow within an urbanized area of 50,000 and greater",266,ENDOVASCULAR CARDIAC VALVE REPLACEMENT AND SUPPLEMENT PROCEDURES WITH MCC,27,161662.88889,42563.296296,41521.814815
260065,Mercy Hospital Springfield,Springfield,1235 E Cherokee,29,65804,MO,1.0,"Metropolitan area core: primary flow within an urbanized area of 50,000 and greater",267,ENDOVASCULAR CARDIAC VALVE REPLACEMENT AND SUPPLEMENT PROCEDURES WITHOUT MCC,66,125302.80303,34988.5,32499.80303
260068,Boone Hospital Center,Columbia,1600 E Broadway,29,65201,MO,1.0,"Metropolitan area core: primary flow within an urbanized area of 50,000 and greater",266,ENDOVASCULAR CARDIAC VALVE REPLACEMENT AND SUPPLEMENT PROCEDURES WITH MCC,13,201715.53846,47774.230769,47209.307692
260068,Boone Hospital Center,Columbia,1600 E Broadway,29,65201,MO,1.0,"Metropolitan area core: primary flow within an urbanized area of 50,000 and greater",267,ENDOVASCULAR CARDIAC VALVE REPLACEMENT AND SUPPLEMENT PROCEDURES WITHOUT MCC,53,136206.33962,33307.54717,32159.528302
260077,Mercy Hospital South,Saint Louis,10010 Kennerly Road,29,63128,MO,1.0,"Metropolitan area core: primary flow within an urbanized area of 50,000 and greater",266,ENDOVASCULAR CARDIAC VALVE REPLACEMENT AND SUPPLEMENT PROCEDURES WITH MCC,12,122875.0,42915.25,42173.25
260077,Mercy Hospital South,Saint Louis,10010 Kennerly Road,29,63128,MO,1.0,"Metropolitan area core: primary flow within an urbanized area of 50,000 and greater",267,ENDOVASCULAR CARDIAC VALVE REPLACEMENT AND SUPPLEMENT PROCEDURES WITHOUT MCC,37,114123.27027,34827.702703,33664.567568
260096,North Kansas City Hospital,North Kansas City,2800 Clay Edwards Drive,29,64116,MO,1.0,"Metropolitan area core: primary flow within an urbanized area of 50,000 and greater",266,ENDOVASCULAR CARDIAC VALVE REPLACEMENT AND SUPPLEMENT PROCEDURES WITH MCC,13,143720.84615,42998.615385,42085.384615
260096,North Kansas City Hospital,North Kansas City,2800 Clay Edwards Drive,29,64116,MO,1.0,"Metropolitan area core: primary flow within an urbanized area of 50,000 and greater",267,ENDOVASCULAR CARDIAC VALVE REPLACEMENT AND SUPPLEMENT PROCEDURES WITHOUT MCC,50,134853.62,34859.88,34028.84
260105,Ssm Health Saint Louis University Hospital,Saint Louis,3635 Vista Ave,29,63110,MO,1.0,"Metropolitan area core: primary flow within an urbanized area of 50,000 and greater",266,ENDOVASCULAR CARDIAC VALVE REPLACEMENT AND SUPPLEMENT PROCEDURES WITH MCC,12,284543.08333,72644.666667,64540.083333
260105,Ssm Health Saint Louis University Hospital,Saint Louis,3635 Vista Ave,29,63110,MO,1.0,"Metropolitan area core: primary flow within an urbanized area of 50,000 and greater",267,ENDOVASCULAR CARDIAC VALVE REPLACEMENT AND SUPPLEMENT PROCEDURES WITHOUT MCC,42,219743.64286,53489.666667,51247.52381
260108,Missouri Baptist Medical Center,Town And Country,3015 N Ballas Rd,29,63131,MO,1.0,"Metropolitan area core: primary flow within an urbanized area of 50,000 and greater",266,ENDOVASCULAR CARDIAC VALVE REPLACEMENT AND SUPPLEMENT PROCEDURES WITH MCC,36,233533.08333,50495.722222,49959.833333
260108,Missouri Baptist Medical Center,Town And Country,3015 N Ballas Rd,29,63131,MO,1.0,"Metropolitan area core: primary flow within an urbanized area of 50,000 and greater",267,ENDOVASCULAR CARDIAC VALVE REPLACEMENT AND SUPPLEMENT PROCEDURES WITHOUT MCC,71,165350.04225,36012.704225,33538.197183
260110,Southeasthealth,Cape Girardeau,1701 Lacey St,29,63701,MO,1.0,"Metropolitan area core: primary flow within an urbanized area of 50,000 and greater",267,ENDOVASCULAR CARDIAC VALVE REPLACEMENT AND SUPPLEMENT PROCEDURES WITHOUT MCC,18,206360.16667,33475.555556,32403.777778
260137,Freeman Health System - Freeman West,Joplin,1102 West 32nd Street,29,64804,MO,1.0,"Metropolitan area core: primary flow within an urbanized area of 50,000 and greater",267,ENDOVASCULAR CARDIAC VALVE REPLACEMENT AND SUPPLEMENT PROCEDURES WITHOUT MCC,28,231238.75,36587.285714,32523.5
260138,St Lukes Hospital Of Kansas City,Kansas City,4401 Wornall Road,29,64111,MO,1.0,"Metropolitan area core: primary flow within an urbanized area of 50,000 and greater",266,ENDOVASCULAR CARDIAC VALVE REPLACEMENT AND SUPPLEMENT PROCEDURES WITH MCC,96,205250.625,51288.78125,47531.46875
260138,St Lukes Hospital Of Kansas City,Kansas City,4401 Wornall Road,29,64111,MO,1.0,"Metropolitan area core: primary flow within an urbanized area of 50,000 and greater",267,ENDOVASCULAR CARDIAC VALVE REPLACEMENT AND SUPPLEMENT PROCEDURES WITHOUT MCC,89,169086.01124,39425.370787,38308.202247
260141,University Of Missouri Health Care,Columbia,One Hospital Drive,29,65212,MO,1.0,"Metropolitan area core: primary flow within an urbanized area of 50,000 and greater",267,ENDOVASCULAR CARDIAC VALVE REPLACEMENT AND SUPPLEMENT PROCEDURES WITHOUT MCC,27,238047.14815,44073.888889,42974.592593
260179,St Lukes Hospital,Chesterfield,232 S Woods Mill Rd,29,63017,MO,1.0,"Metropolitan area core: primary flow within an urbanized area of 50,000 and greater",266,ENDOVASCULAR CARDIAC VALVE REPLACEMENT AND SUPPLEMENT PROCEDURES WITH MCC,26,108156.23077,44937.538462,44195.538462
260179,St Lukes Hospital,Chesterfield,232 S Woods Mill Rd,29,63017,MO,1.0,"Metropolitan area core: primary flow within an urbanized area of 50,000 and greater",267,ENDOVASCULAR CARDIAC VALVE REPLACEMENT AND SUPPLEMENT PROCEDURES WITHOUT MCC,36,98565.166667,36379.583333,35101.694444
260180,Christian Hospital Northeast-Northwest,Saint Louis,11133 Dunn Road,29,63136,MO,1.0,"Metropolitan area core: primary flow within an urbanized area of 50,000 and greater",266,ENDOVASCULAR CARDIAC VALVE REPLACEMENT AND SUPPLEMENT PROCEDURES WITH MCC,14,187403.0,48234.071429,47068.142857
260180,Christian Hospital Northeast-Northwest,Saint Louis,11133 Dunn Road,29,63136,MO,1.0,"Metropolitan area core: primary flow within an urbanized area of 50,000 and greater",267,ENDOVASCULAR CARDIAC VALVE REPLACEMENT AND SUPPLEMENT PROCEDURES WITHOUT MCC,32,178334.40625,38109.90625,36904.15625
260183,Saint Francis Medical Center,Cape Girardeau,211 St Francis Dr,29,63703,MO,1.0,"Metropolitan area core: primary flow within an urbanized area of 50,000 and greater",267,ENDOVASCULAR CARDIAC VALVE REPLACEMENT AND SUPPLEMENT PROCEDURES WITHOUT MCC,29,314020.0,35854.586207,34626.413793
270004,Billings Clinic Hospital,Billings,2800 10th Ave N,30,59101,MT,1.0,"Metropolitan area core: primary flow within an urbanized area of 50,000 and greater",266,ENDOVASCULAR CARDIAC VALVE REPLACEMENT AND SUPPLEMENT PROCEDURES WITH MCC,69,107001.85507,52071.289855,49621.84058
270004,Billings Clinic Hospital,Billings,2800 10th Ave N,30,59101,MT,1.0,"Metropolitan area core: primary flow within an urbanized area of 50,000 and greater",267,ENDOVASCULAR CARDIAC VALVE REPLACEMENT AND SUPPLEMENT PROCEDURES WITHOUT MCC,24,94297.875,40937.083333,39528.333333
270014,St Patrick Hospital,Missoula,500 W Broadway,30,59806,MT,1.0,"Metropolitan area core: primary flow within an urbanized area of 50,000 and greater",266,ENDOVASCULAR CARDIAC VALVE REPLACEMENT AND SUPPLEMENT PROCEDURES WITH MCC,97,85656.072165,51487.309278,49085.752577
270014,St Patrick Hospital,Missoula,500 W Broadway,30,59806,MT,1.0,"Metropolitan area core: primary flow within an urbanized area of 50,000 and greater",267,ENDOVASCULAR CARDIAC VALVE REPLACEMENT AND SUPPLEMENT PROCEDURES WITHOUT MCC,79,74353.708861,40177.455696,38792.0
270049,St Vincent Healthcare,Billings,1233 N 30th St,30,59101,MT,1.0,"Metropolitan area core: primary flow within an urbanized area of 50,000 and greater",266,ENDOVASCULAR CARDIAC VALVE REPLACEMENT AND SUPPLEMENT PROCEDURES WITH MCC,29,185569.96552,19426.586207,18188.827586
270049,St Vincent Healthcare,Billings,1233 N 30th St,30,59101,MT,1.0,"Metropolitan area core: primary flow within an urbanized area of 50,000 and greater",267,ENDOVASCULAR CARDIAC VALVE REPLACEMENT AND SUPPLEMENT PROCEDURES WITHOUT MCC,35,174805.62857,32983.6,31652.714286
270051,Logan Health Medical Center,Kalispell,310 Sunnyview Lane,30,59901,MT,4.0,"Micropolitan area core: primary flow within an urban cluster of 10,000 to 49,999",266,ENDOVASCULAR CARDIAC VALVE REPLACEMENT AND SUPPLEMENT PROCEDURES WITH MCC,12,166502.16667,52478.666667,51350.583333
270051,Logan Health Medical Center,Kalispell,310 Sunnyview Lane,30,59901,MT,4.0,"Micropolitan area core: primary flow within an urban cluster of 10,000 to 49,999",267,ENDOVASCULAR CARDIAC VALVE REPLACEMENT AND SUPPLEMENT PROCEDURES WITHOUT MCC,27,121595.40741,38241.037037,37085.555556
280003,Bryan Medical Center,Lincoln,1600 South 48th St,31,68506,NE,1.0,"Metropolitan area core: primary flow within an urbanized area of 50,000 and greater",266,ENDOVASCULAR CARDIAC VALVE REPLACEMENT AND SUPPLEMENT PROCEDURES WITH MCC,25,203710.88,49322.16,48830.28
280003,Bryan Medical Center,Lincoln,1600 South 48th St,31,68506,NE,1.0,"Metropolitan area core: primary flow within an urbanized area of 50,000 and greater",267,ENDOVASCULAR CARDIAC VALVE REPLACEMENT AND SUPPLEMENT PROCEDURES WITHOUT MCC,199,132444.82915,37258.025126,35717.698492
280013,The Nebraska Medical Center,Omaha,987400 Nebraska Medical Center,31,68198,NE,1.0,"Metropolitan area core: primary flow within an urbanized area of 50,000 and greater",266,ENDOVASCULAR CARDIAC VALVE REPLACEMENT AND SUPPLEMENT PROCEDURES WITH MCC,23,253415.78261,55618.73913,53866.826087
280013,The Nebraska Medical Center,Omaha,987400 Nebraska Medical Center,31,68198,NE,1.0,"Metropolitan area core: primary flow within an urbanized area of 50,000 and greater",267,ENDOVASCULAR CARDIAC VALVE REPLACEMENT AND SUPPLEMENT PROCEDURES WITHOUT MCC,60,235307.66667,47011.65,41412.983333
280040,Methodist Hospital,Omaha,8303 Dodge St,31,68114,NE,1.0,"Metropolitan area core: primary flow within an urbanized area of 50,000 and greater",266,ENDOVASCULAR CARDIAC VALVE REPLACEMENT AND SUPPLEMENT PROCEDURES WITH MCC,28,123959.17857,46418.428571,45305.464286
280040,Methodist Hospital,Omaha,8303 Dodge St,31,68114,NE,1.0,"Metropolitan area core: primary flow within an urbanized area of 50,000 and greater",267,ENDOVASCULAR CARDIAC VALVE REPLACEMENT AND SUPPLEMENT PROCEDURES WITHOUT MCC,103,119992.8932,37131.902913,35147.854369
280060,Chi Health Creighton University Medical Center - B,Omaha,7500 Mercy Rd,31,68124,NE,1.0,"Metropolitan area core: primary flow within an urbanized area of 50,000 and greater",266,ENDOVASCULAR CARDIAC VALVE REPLACEMENT AND SUPPLEMENT PROCEDURES WITH MCC,48,114126.625,56460.854167,54110.458333
280060,Chi Health Creighton University Medical Center - B,Omaha,7500 Mercy Rd,31,68124,NE,1.0,"Metropolitan area core: primary flow within an urbanized area of 50,000 and greater",267,ENDOVASCULAR CARDIAC VALVE REPLACEMENT AND SUPPLEMENT PROCEDURES WITHOUT MCC,49,114753.7551,48887.306122,40595.081633
280128,Chi Health Nebraska Heart,Lincoln,7500 South 91st St,31,68526,NE,1.0,"Metropolitan area core: primary flow within an urbanized area of 50,000 and greater",266,ENDOVASCULAR CARDIAC VALVE REPLACEMENT AND SUPPLEMENT PROCEDURES WITH MCC,36,114948.44444,43457.333333,42674.111111
280128,Chi Health Nebraska Heart,Lincoln,7500 South 91st St,31,68526,NE,1.0,"Metropolitan area core: primary flow within an urbanized area of 50,000 and greater",267,ENDOVASCULAR CARDIAC VALVE REPLACEMENT AND SUPPLEMENT PROCEDURES WITHOUT MCC,50,112629.7,34377.52,33249.68
290001,Renown Regional Medical Center,Reno,1155 Mill Street,32,89502,NV,1.0,"Metropolitan area core: primary flow within an urbanized area of 50,000 and greater",266,ENDOVASCULAR CARDIAC VALVE REPLACEMENT AND SUPPLEMENT PROCEDURES WITH MCC,17,192049.47059,53144.176471,52183.411765
290001,Renown Regional Medical Center,Reno,1155 Mill Street,32,89502,NV,1.0,"Metropolitan area core: primary flow within an urbanized area of 50,000 and greater",267,ENDOVASCULAR CARDIAC VALVE REPLACEMENT AND SUPPLEMENT PROCEDURES WITHOUT MCC,66,158378.06061,41760.787879,37412.530303
290003,Sunrise Hospital And Medical Center,Las Vegas,3186 S Maryland Pkwy,32,89109,NV,1.0,"Metropolitan area core: primary flow within an urbanized area of 50,000 and greater",266,ENDOVASCULAR CARDIAC VALVE REPLACEMENT AND SUPPLEMENT PROCEDURES WITH MCC,56,433847.55357,58473.642857,54688.535714
290003,Sunrise Hospital And Medical Center,Las Vegas,3186 S Maryland Pkwy,32,89109,NV,1.0,"Metropolitan area core: primary flow within an urbanized area of 50,000 and greater",267,ENDOVASCULAR CARDIAC VALVE REPLACEMENT AND SUPPLEMENT PROCEDURES WITHOUT MCC,72,357169.79167,45298.527778,42552.722222
290009,Saint Mary's Regional Medical Center,Reno,235 W 6th St,32,89503,NV,1.0,"Metropolitan area core: primary flow within an urbanized area of 50,000 and greater",266,ENDOVASCULAR CARDIAC VALVE REPLACEMENT AND SUPPLEMENT PROCEDURES WITH MCC,66,215241.56061,57354.181818,53422.469697
290009,Saint Mary's Regional Medical Center,Reno,235 W 6th St,32,89503,NV,1.0,"Metropolitan area core: primary flow within an urbanized area of 50,000 and greater",267,ENDOVASCULAR CARDIAC VALVE REPLACEMENT AND SUPPLEMENT PROCEDURES WITHOUT MCC,20,183787.05,44215.55,43028.35
290039,Mountainview Hospital,Las Vegas,3100 N Tenaya Way,32,89128,NV,1.0,"Metropolitan area core: primary flow within an urbanized area of 50,000 and greater",266,ENDOVASCULAR CARDIAC VALVE REPLACEMENT AND SUPPLEMENT PROCEDURES WITH MCC,43,450543.48837,62349.116279,60796.604651
290039,Mountainview Hospital,Las Vegas,3100 N Tenaya Way,32,89128,NV,1.0,"Metropolitan area core: primary flow within an urbanized area of 50,000 and greater",267,ENDOVASCULAR CARDIAC VALVE REPLACEMENT AND SUPPLEMENT PROCEDURES WITHOUT MCC,30,321336.6,51677.366667,45338.666667
290045,Saint Rose Dominican Hospitals - Siena Campus,Henderson,3001 St Rose Parkway,32,89052,NV,1.0,"Metropolitan area core: primary flow within an urbanized area of 50,000 and greater",266,ENDOVASCULAR CARDIAC VALVE REPLACEMENT AND SUPPLEMENT PROCEDURES WITH MCC,25,340486.96,53731.88,46594.08
290045,Saint Rose Dominican Hospitals - Siena Campus,Henderson,3001 St Rose Parkway,32,89052,NV,1.0,"Metropolitan area core: primary flow within an urbanized area of 50,000 and greater",267,ENDOVASCULAR CARDIAC VALVE REPLACEMENT AND SUPPLEMENT PROCEDURES WITHOUT MCC,38,303931.44737,45329.157895,39154.5
290046,Spring Valley Hospital Medical Center,Las Vegas,5400 South Rainbow Blvd,32,89118,NV,1.0,"Metropolitan area core: primary flow within an urbanized area of 50,000 and greater",266,ENDOVASCULAR CARDIAC VALVE REPLACEMENT AND SUPPLEMENT PROCEDURES WITH MCC,26,509929.65385,53183.961538,52195.192308
290046,Spring Valley Hospital Medical Center,Las Vegas,5400 South Rainbow Blvd,32,89118,NV,1.0,"Metropolitan area core: primary flow within an urbanized area of 50,000 and greater",267,ENDOVASCULAR CARDIAC VALVE REPLACEMENT AND SUPPLEMENT PROCEDURES WITHOUT MCC,25,424252.0,41463.04,37776.8
300001,Concord Hospital,Concord,250 Pleasant St,33,3301,NH,4.0,"Micropolitan area core: primary flow within an urban cluster of 10,000 to 49,999",266,ENDOVASCULAR CARDIAC VALVE REPLACEMENT AND SUPPLEMENT PROCEDURES WITH MCC,14,227823.5,57495.571429,56436.928571
300001,Concord Hospital,Concord,250 Pleasant St,33,3301,NH,4.0,"Micropolitan area core: primary flow within an urban cluster of 10,000 to 49,999",267,ENDOVASCULAR CARDIAC VALVE REPLACEMENT AND SUPPLEMENT PROCEDURES WITHOUT MCC,90,167070.74444,42793.144444,40919.611111
300003,Mary Hitchcock Memorial Hospital,Lebanon,1 Medical Center Drive,33,3756,NH,4.0,"Micropolitan area core: primary flow within an urban cluster of 10,000 to 49,999",266,ENDOVASCULAR CARDIAC VALVE REPLACEMENT AND SUPPLEMENT PROCEDURES WITH MCC,41,185819.53659,75921.268293,67618.682927
300003,Mary Hitchcock Memorial Hospital,Lebanon,1 Medical Center Drive,33,3756,NH,4.0,"Micropolitan area core: primary flow within an urban cluster of 10,000 to 49,999",267,ENDOVASCULAR CARDIAC VALVE REPLACEMENT AND SUPPLEMENT PROCEDURES WITHOUT MCC,112,112498.66964,55336.223214,52164.901786
300029,Portsmouth Regional Hospital,Portsmouth,333 Borthwick Ave,33,3801,NH,1.0,"Metropolitan area core: primary flow within an urbanized area of 50,000 and greater",267,ENDOVASCULAR CARDIAC VALVE REPLACEMENT AND SUPPLEMENT PROCEDURES WITHOUT MCC,32,466268.15625,45061.5625,40940.90625
300034,Catholic Medical Center,Manchester,100 Mcgregor Street,33,3102,NH,1.0,"Metropolitan area core: primary flow within an urbanized area of 50,000 and greater",266,ENDOVASCULAR CARDIAC VALVE REPLACEMENT AND SUPPLEMENT PROCEDURES WITH MCC,94,213748.55319,51903.702128,50767.042553
300034,Catholic Medical Center,Manchester,100 Mcgregor Street,33,3102,NH,1.0,"Metropolitan area core: primary flow within an urbanized area of 50,000 and greater",267,ENDOVASCULAR CARDIAC VALVE REPLACEMENT AND SUPPLEMENT PROCEDURES WITHOUT MCC,81,191813.35802,40655.395062,39391.234568
310001,Hackensack University Medical Center,Hackensack,30 Prospect Ave,34,7601,NJ,1.0,"Metropolitan area core: primary flow within an urbanized area of 50,000 and greater",266,ENDOVASCULAR CARDIAC VALVE REPLACEMENT AND SUPPLEMENT PROCEDURES WITH MCC,46,244382.32609,67468.347826,64238.652174
310001,Hackensack University Medical Center,Hackensack,30 Prospect Ave,34,7601,NJ,1.0,"Metropolitan area core: primary flow within an urbanized area of 50,000 and greater",267,ENDOVASCULAR CARDIAC VALVE REPLACEMENT AND SUPPLEMENT PROCEDURES WITHOUT MCC,97,121625.13402,54853.958763,49026.938144
310002,Newark Beth Israel Medical Center,Newark,201 Lyons Ave,34,7112,NJ,1.0,"Metropolitan area core: primary flow within an urbanized area of 50,000 and greater",266,ENDOVASCULAR CARDIAC VALVE REPLACEMENT AND SUPPLEMENT PROCEDURES WITH MCC,20,245627.2,77636.1,73293.45
310002,Newark Beth Israel Medical Center,Newark,201 Lyons Ave,34,7112,NJ,1.0,"Metropolitan area core: primary flow within an urbanized area of 50,000 and greater",267,ENDOVASCULAR CARDIAC VALVE REPLACEMENT AND SUPPLEMENT PROCEDURES WITHOUT MCC,76,135316.85526,60692.092105,55882.039474
310012,Valley Hospital,Ridgewood,223 N Van Dien Avenue,34,7450,NJ,1.0,"Metropolitan area core: primary flow within an urbanized area of 50,000 and greater",266,ENDOVASCULAR CARDIAC VALVE REPLACEMENT AND SUPPLEMENT PROCEDURES WITH MCC,18,221161.22222,57912.722222,56875.555556
310012,Valley Hospital,Ridgewood,223 N Van Dien Avenue,34,7450,NJ,1.0,"Metropolitan area core: primary flow within an urbanized area of 50,000 and greater",267,ENDOVASCULAR CARDIAC VALVE REPLACEMENT AND SUPPLEMENT PROCEDURES WITHOUT MCC,114,149322.29825,44627.0,43400.684211
310014,Cooper University Hospital,Camden,1 Cooper Plaza,34,8103,NJ,1.0,"Metropolitan area core: primary flow within an urbanized area of 50,000 and greater",266,ENDOVASCULAR CARDIAC VALVE REPLACEMENT AND SUPPLEMENT PROCEDURES WITH MCC,20,374696.55,69829.1,66074.05
310014,Cooper University Hospital,Camden,1 Cooper Plaza,34,8103,NJ,1.0,"Metropolitan area core: primary flow within an urbanized area of 50,000 and greater",267,ENDOVASCULAR CARDIAC VALVE REPLACEMENT AND SUPPLEMENT PROCEDURES WITHOUT MCC,108,222194.84259,49532.444444,47959.907407
310015,Morristown Medical Center,Morristown,100 Madison Ave,34,7960,NJ,1.0,"Metropolitan area core: primary flow within an urbanized area of 50,000 and greater",266,ENDOVASCULAR CARDIAC VALVE REPLACEMENT AND SUPPLEMENT PROCEDURES WITH MCC,119,369759.84034,68694.470588,60953.613445
310015,Morristown Medical Center,Morristown,100 Madison Ave,34,7960,NJ,1.0,"Metropolitan area core: primary flow within an urbanized area of 50,000 and greater",267,ENDOVASCULAR CARDIAC VALVE REPLACEMENT AND SUPPLEMENT PROCEDURES WITHOUT MCC,333,273328.78979,52564.957958,47740.531532
310019,St Joseph's University Medical Center,Paterson,703 Main St,34,7503,NJ,1.0,"Metropolitan area core: primary flow within an urbanized area of 50,000 and greater",266,ENDOVASCULAR CARDIAC VALVE REPLACEMENT AND SUPPLEMENT PROCEDURES WITH MCC,11,358226.36364,74947.727273,62168.818182
310021,St Francis Medical Center,Trenton,601 Hamilton Ave,34,8629,NJ,1.0,"Metropolitan area core: primary flow within an urbanized area of 50,000 and greater",267,ENDOVASCULAR CARDIAC VALVE REPLACEMENT AND SUPPLEMENT PROCEDURES WITHOUT MCC,11,375642.36364,48385.272727,46348.545455
310029,Virtua Our Lady Of Lourdes Hospital,Camden,1600 Haddon Avenue,34,8103,NJ,1.0,"Metropolitan area core: primary flow within an urbanized area of 50,000 and greater",266,ENDOVASCULAR CARDIAC VALVE REPLACEMENT AND SUPPLEMENT PROCEDURES WITH MCC,16,540205.8125,65566.375,53506.875
310029,Virtua Our Lady Of Lourdes Hospital,Camden,1600 Haddon Avenue,34,8103,NJ,1.0,"Metropolitan area core: primary flow within an urbanized area of 50,000 and greater",267,ENDOVASCULAR CARDIAC VALVE REPLACEMENT AND SUPPLEMENT PROCEDURES WITHOUT MCC,101,521950.92079,48795.712871,45766.49505
310031,Deborah Heart And Lung Center,Browns Mills,200 Trenton Road,34,8015,NJ,4.0,"Micropolitan area core: primary flow within an urban cluster of 10,000 to 49,999",266,ENDOVASCULAR CARDIAC VALVE REPLACEMENT AND SUPPLEMENT PROCEDURES WITH MCC,22,350429.5,72644.590909,71074.363636
310031,Deborah Heart And Lung Center,Browns Mills,200 Trenton Road,34,8015,NJ,4.0,"Micropolitan area core: primary flow within an urban cluster of 10,000 to 49,999",267,ENDOVASCULAR CARDIAC VALVE REPLACEMENT AND SUPPLEMENT PROCEDURES WITHOUT MCC,77,288503.50649,55473.61039,54312.558442
310038,Robert Wood Johnson University Hospital,New Brunswick,One Robert Wood Johnson Place,34,8901,NJ,1.0,"Metropolitan area core: primary flow within an urbanized area of 50,000 and greater",266,ENDOVASCULAR CARDIAC VALVE REPLACEMENT AND SUPPLEMENT PROCEDURES WITH MCC,48,302568.04167,64897.020833,62866.270833
310038,Robert Wood Johnson University Hospital,New Brunswick,One Robert Wood Johnson Place,34,8901,NJ,1.0,"Metropolitan area core: primary flow within an urbanized area of 50,000 and greater",267,ENDOVASCULAR CARDIAC VALVE REPLACEMENT AND SUPPLEMENT PROCEDURES WITHOUT MCC,174,200376.94253,52516.557471,50012.103448
310045,Englewood Hospital And Medical Center,Englewood,350 Engle St,34,7631,NJ,1.0,"Metropolitan area core: primary flow within an urbanized area of 50,000 and greater",266,ENDOVASCULAR CARDIAC VALVE REPLACEMENT AND SUPPLEMENT PROCEDURES WITH MCC,41,706114.17073,65535.707317,64083.853659
310045,Englewood Hospital And Medical Center,Englewood,350 Engle St,34,7631,NJ,1.0,"Metropolitan area core: primary flow within an urbanized area of 50,000 and greater",267,ENDOVASCULAR CARDIAC VALVE REPLACEMENT AND SUPPLEMENT PROCEDURES WITHOUT MCC,111,673846.09009,54726.441441,51437.801802
310064,Atlanticare Regional Medical Center - City Campus,Atlantic City,1925 Pacific Avenue,34,8401,NJ,1.0,"Metropolitan area core: primary flow within an urbanized area of 50,000 and greater",266,ENDOVASCULAR CARDIAC VALVE REPLACEMENT AND SUPPLEMENT PROCEDURES WITH MCC,28,223043.5,56255.571429,55234.785714
310064,Atlanticare Regional Medical Center - City Campus,Atlantic City,1925 Pacific Avenue,34,8401,NJ,1.0,"Metropolitan area core: primary flow within an urbanized area of 50,000 and greater",267,ENDOVASCULAR CARDIAC VALVE REPLACEMENT AND SUPPLEMENT PROCEDURES WITHOUT MCC,31,200489.74194,47769.935484,41955.290323
310073,Jersey Shore University Medical Center,Neptune,1945 Rte 33,34,7754,NJ,1.0,"Metropolitan area core: primary flow within an urbanized area of 50,000 and greater",266,ENDOVASCULAR CARDIAC VALVE REPLACEMENT AND SUPPLEMENT PROCEDURES WITH MCC,70,271133.58571,60288.671429,58656.928571
310073,Jersey Shore University Medical Center,Neptune,1945 Rte 33,34,7754,NJ,1.0,"Metropolitan area core: primary flow within an urbanized area of 50,000 and greater",267,ENDOVASCULAR CARDIAC VALVE REPLACEMENT AND SUPPLEMENT PROCEDURES WITHOUT MCC,209,144639.22967,46306.909091,45000.492823
310076,St Barnabas Medical Center,Livingston,94 Old Short Hills Road,34,7039,NJ,1.0,"Metropolitan area core: primary flow within an urbanized area of 50,000 and greater",266,ENDOVASCULAR CARDIAC VALVE REPLACEMENT AND SUPPLEMENT PROCEDURES WITH MCC,21,233042.09524,70771.619048,65130.52381
310076,St Barnabas Medical Center,Livingston,94 Old Short Hills Road,34,7039,NJ,1.0,"Metropolitan area core: primary flow within an urbanized area of 50,000 and greater",267,ENDOVASCULAR CARDIAC VALVE REPLACEMENT AND SUPPLEMENT PROCEDURES WITHOUT MCC,116,129393.02586,53642.948276,49840.508621
310096,Saint Michael's Medical Center,Newark,111 Central Avenue,34,7102,NJ,1.0,"Metropolitan area core: primary flow within an urbanized area of 50,000 and greater",266,ENDOVASCULAR CARDIAC VALVE REPLACEMENT AND SUPPLEMENT PROCEDURES WITH MCC,14,244664.42857,77393.142857,75570.785714
320009,Lovelace Medical Center,Albuquerque,601 Dr Martin Luther King Jr Ave Ne,35,87102,NM,1.0,"Metropolitan area core: primary flow within an urbanized area of 50,000 and greater",266,ENDOVASCULAR CARDIAC VALVE REPLACEMENT AND SUPPLEMENT PROCEDURES WITH MCC,24,315008.75,48745.166667,43433.708333
320009,Lovelace Medical Center,Albuquerque,601 Dr Martin Luther King Jr Ave Ne,35,87102,NM,1.0,"Metropolitan area core: primary flow within an urbanized area of 50,000 and greater",267,ENDOVASCULAR CARDIAC VALVE REPLACEMENT AND SUPPLEMENT PROCEDURES WITHOUT MCC,50,225354.38,36358.66,32806.94
320021,Presbyterian Hospital,Albuquerque,1100 Central Avenue Se,35,87106,NM,1.0,"Metropolitan area core: primary flow within an urbanized area of 50,000 and greater",266,ENDOVASCULAR CARDIAC VALVE REPLACEMENT AND SUPPLEMENT PROCEDURES WITH MCC,51,130575.88235,48651.784314,40631.784314
330005,Kaleida Health,Buffalo,100 High Street,36,14210,NY,1.0,"Metropolitan area core: primary flow within an urbanized area of 50,000 and greater",266,ENDOVASCULAR CARDIAC VALVE REPLACEMENT AND SUPPLEMENT PROCEDURES WITH MCC,37,186547.75676,66389.594595,64528.675676
330005,Kaleida Health,Buffalo,100 High Street,36,14210,NY,1.0,"Metropolitan area core: primary flow within an urbanized area of 50,000 and greater",267,ENDOVASCULAR CARDIAC VALVE REPLACEMENT AND SUPPLEMENT PROCEDURES WITHOUT MCC,176,113434.51705,46404.289773,45373.778409
330013,Albany Medical Center Hospital,Albany,"43 New Scotland Avenue, Mail Code 34",36,12208,NY,1.0,"Metropolitan area core: primary flow within an urbanized area of 50,000 and greater",266,ENDOVASCULAR CARDIAC VALVE REPLACEMENT AND SUPPLEMENT PROCEDURES WITH MCC,114,179619.08772,56498.350877,54498.429825
330013,Albany Medical Center Hospital,Albany,"43 New Scotland Avenue, Mail Code 34",36,12208,NY,1.0,"Metropolitan area core: primary flow within an urbanized area of 50,000 and greater",267,ENDOVASCULAR CARDIAC VALVE REPLACEMENT AND SUPPLEMENT PROCEDURES WITHOUT MCC,147,113389.46259,47194.489796,37747.326531
330023,Vassar Brothers Medical Center,Poughkeepsie,45 Reade Place,36,12601,NY,1.0,"Metropolitan area core: primary flow within an urbanized area of 50,000 and greater",266,ENDOVASCULAR CARDIAC VALVE REPLACEMENT AND SUPPLEMENT PROCEDURES WITH MCC,107,97340.523364,58574.271028,57621.766355
330023,Vassar Brothers Medical Center,Poughkeepsie,45 Reade Place,36,12601,NY,1.0,"Metropolitan area core: primary flow within an urbanized area of 50,000 and greater",267,ENDOVASCULAR CARDIAC VALVE REPLACEMENT AND SUPPLEMENT PROCEDURES WITHOUT MCC,81,80336.395062,47485.407407,44570.691358
330024,Mount Sinai Hospital,New York,One Gustave L Levy Place,36,10029,NY,1.0,"Metropolitan area core: primary flow within an urbanized area of 50,000 and greater",266,ENDOVASCULAR CARDIAC VALVE REPLACEMENT AND SUPPLEMENT PROCEDURES WITH MCC,143,222252.67832,86610.531469,82721.93007
330024,Mount Sinai Hospital,New York,One Gustave L Levy Place,36,10029,NY,1.0,"Metropolitan area core: primary flow within an urbanized area of 50,000 and greater",267,ENDOVASCULAR CARDIAC VALVE REPLACEMENT AND SUPPLEMENT PROCEDURES WITHOUT MCC,332,161448.98795,68103.78012,63527.472892
330043,Southside Hospital,Bay Shore,301 East Main Street,36,11706,NY,1.0,"Metropolitan area core: primary flow within an urbanized area of 50,000 and greater",266,ENDOVASCULAR CARDIAC VALVE REPLACEMENT AND SUPPLEMENT PROCEDURES WITH MCC,23,289629.86957,68046.695652,66980.695652
330043,Southside Hospital,Bay Shore,301 East Main Street,36,11706,NY,1.0,"Metropolitan area core: primary flow within an urbanized area of 50,000 and greater",267,ENDOVASCULAR CARDIAC VALVE REPLACEMENT AND SUPPLEMENT PROCEDURES WITHOUT MCC,107,218876.02804,50681.803738,49569.196262
330046,Mount Sinai West,New York,1000 Tenth Avenue,36,10019,NY,1.0,"Metropolitan area core: primary flow within an urbanized area of 50,000 and greater",267,ENDOVASCULAR CARDIAC VALVE REPLACEMENT AND SUPPLEMENT PROCEDURES WITHOUT MCC,15,123628.93333,63464.4,62073.733333
330055,New York-Presbyterian/Queens,Flushing,56-45 Main Street,36,11355,NY,1.0,"Metropolitan area core: primary flow within an urbanized area of 50,000 and greater",267,ENDOVASCULAR CARDIAC VALVE REPLACEMENT AND SUPPLEMENT PROCEDURES WITHOUT MCC,12,138547.33333,57612.25,56485.75
330057,St Peter's Hospital,Albany,315 South Manning Boulevard,36,12208,NY,1.0,"Metropolitan area core: primary flow within an urbanized area of 50,000 and greater",266,ENDOVASCULAR CARDIAC VALVE REPLACEMENT AND SUPPLEMENT PROCEDURES WITH MCC,24,166023.29167,46991.0,46022.625
330057,St Peter's Hospital,Albany,315 South Manning Boulevard,36,12208,NY,1.0,"Metropolitan area core: primary flow within an urbanized area of 50,000 and greater",267,ENDOVASCULAR CARDIAC VALVE REPLACEMENT AND SUPPLEMENT PROCEDURES WITHOUT MCC,79,123944.67089,34917.797468,33895.772152
330059,Montefiore Medical Center,Bronx,111 East 210th Street,36,10467,NY,1.0,"Metropolitan area core: primary flow within an urbanized area of 50,000 and greater",266,ENDOVASCULAR CARDIAC VALVE REPLACEMENT AND SUPPLEMENT PROCEDURES WITH MCC,23,286995.04348,85171.130435,80815.73913
330059,Montefiore Medical Center,Bronx,111 East 210th Street,36,10467,NY,1.0,"Metropolitan area core: primary flow within an urbanized area of 50,000 and greater",267,ENDOVASCULAR CARDIAC VALVE REPLACEMENT AND SUPPLEMENT PROCEDURES WITHOUT MCC,69,118295.63768,70901.0,60646.405797
330101,New York-Presbyterian Hospital,New York,525 East 68th Street,36,10065,NY,1.0,"Metropolitan area core: primary flow within an urbanized area of 50,000 and greater",266,ENDOVASCULAR CARDIAC VALVE REPLACEMENT AND SUPPLEMENT PROCEDURES WITH MCC,178,348838.07865,88147.617978,83068.764045
330101,New York-Presbyterian Hospital,New York,525 East 68th Street,36,10065,NY,1.0,"Metropolitan area core: primary flow within an urbanized area of 50,000 and greater",267,ENDOVASCULAR CARDIAC VALVE REPLACEMENT AND SUPPLEMENT PROCEDURES WITHOUT MCC,296,194028.9223,62586.266892,59381.023649
330106,North Shore University Hospital,Manhasset,300 Community Drive,36,11030,NY,1.0,"Metropolitan area core: primary flow within an urbanized area of 50,000 and greater",266,ENDOVASCULAR CARDIAC VALVE REPLACEMENT AND SUPPLEMENT PROCEDURES WITH MCC,60,376529.85,76567.65,73732.733333
330106,North Shore University Hospital,Manhasset,300 Community Drive,36,11030,NY,1.0,"Metropolitan area core: primary flow within an urbanized area of 50,000 and greater",267,ENDOVASCULAR CARDIAC VALVE REPLACEMENT AND SUPPLEMENT PROCEDURES WITHOUT MCC,203,229032.64532,58181.098522,53149.17734
330119,Lenox Hill Hospital,New York,100 East 77th Street,36,10021,NY,1.0,"Metropolitan area core: primary flow within an urbanized area of 50,000 and greater",266,ENDOVASCULAR CARDIAC VALVE REPLACEMENT AND SUPPLEMENT PROCEDURES WITH MCC,29,354822.0,78065.551724,75704.551724
330119,Lenox Hill Hospital,New York,100 East 77th Street,36,10021,NY,1.0,"Metropolitan area core: primary flow within an urbanized area of 50,000 and greater",267,ENDOVASCULAR CARDIAC VALVE REPLACEMENT AND SUPPLEMENT PROCEDURES WITHOUT MCC,115,229877.95652,58579.156522,55038.052174
330125,Rochester General Hospital,Rochester,1425 Portland Avenue,36,14621,NY,1.0,"Metropolitan area core: primary flow within an urbanized area of 50,000 and greater",266,ENDOVASCULAR CARDIAC VALVE REPLACEMENT AND SUPPLEMENT PROCEDURES WITH MCC,53,174165.28302,52719.735849,49726.283019
330125,Rochester General Hospital,Rochester,1425 Portland Avenue,36,14621,NY,1.0,"Metropolitan area core: primary flow within an urbanized area of 50,000 and greater",267,ENDOVASCULAR CARDIAC VALVE REPLACEMENT AND SUPPLEMENT PROCEDURES WITHOUT MCC,47,149308.80851,40346.957447,37314.212766
330136,Mary Imogene Bassett Hospital,Cooperstown,One Atwell Road,36,13326,NY,10.0,"Rural areas: primary flow to a tract outside a urbanized area of 50,000 and greater or UC",266,ENDOVASCULAR CARDIAC VALVE REPLACEMENT AND SUPPLEMENT PROCEDURES WITH MCC,13,125597.15385,71662.307692,70041.153846
330136,Mary Imogene Bassett Hospital,Cooperstown,One Atwell Road,36,13326,NY,10.0,"Rural areas: primary flow to a tract outside a urbanized area of 50,000 and greater or UC",267,ENDOVASCULAR CARDIAC VALVE REPLACEMENT AND SUPPLEMENT PROCEDURES WITHOUT MCC,26,99265.307692,56202.769231,54740.230769
330140,St Joseph's Hospital Health Center,Syracuse,301 Prospect Avenue,36,13203,NY,1.0,"Metropolitan area core: primary flow within an urbanized area of 50,000 and greater",266,ENDOVASCULAR CARDIAC VALVE REPLACEMENT AND SUPPLEMENT PROCEDURES WITH MCC,29,156873.41379,50762.448276,46798.068966
330140,St Joseph's Hospital Health Center,Syracuse,301 Prospect Avenue,36,13203,NY,1.0,"Metropolitan area core: primary flow within an urbanized area of 50,000 and greater",267,ENDOVASCULAR CARDIAC VALVE REPLACEMENT AND SUPPLEMENT PROCEDURES WITHOUT MCC,97,120327.20619,38677.484536,36919.371134
330153,Ellis Hospital,Schenectady,1101 Nott Street,36,12308,NY,1.0,"Metropolitan area core: primary flow within an urbanized area of 50,000 and greater",266,ENDOVASCULAR CARDIAC VALVE REPLACEMENT AND SUPPLEMENT PROCEDURES WITH MCC,13,294608.0,53925.230769,52345.076923
330153,Ellis Hospital,Schenectady,1101 Nott Street,36,12308,NY,1.0,"Metropolitan area core: primary flow within an urbanized area of 50,000 and greater",267,ENDOVASCULAR CARDIAC VALVE REPLACEMENT AND SUPPLEMENT PROCEDURES WITHOUT MCC,30,235788.76667,42276.433333,34118.166667
330158,Good Samaritan Hospital Of Suffern,Suffern,255 Lafayette Avenue,36,10901,NY,1.0,"Metropolitan area core: primary flow within an urbanized area of 50,000 and greater",267,ENDOVASCULAR CARDIAC VALVE REPLACEMENT AND SUPPLEMENT PROCEDURES WITHOUT MCC,30,314131.13333,46570.633333,45630.766667
330160,Staten Island University Hospital,Staten Island,475 Seaview Avenue,36,10305,NY,1.0,"Metropolitan area core: primary flow within an urbanized area of 50,000 and greater",267,ENDOVASCULAR CARDIAC VALVE REPLACEMENT AND SUPPLEMENT PROCEDURES WITHOUT MCC,34,191476.70588,60556.823529,52942.088235
330182,"St Francis Hospital, Roslyn",Roslyn,100 Port Washington Boulevard,36,11576,NY,1.0,"Metropolitan area core: primary flow within an urbanized area of 50,000 and greater",266,ENDOVASCULAR CARDIAC VALVE REPLACEMENT AND SUPPLEMENT PROCEDURES WITH MCC,224,372868.21875,60580.151786,55502.133929
330182,"St Francis Hospital, Roslyn",Roslyn,100 Port Washington Boulevard,36,11576,NY,1.0,"Metropolitan area core: primary flow within an urbanized area of 50,000 and greater",267,ENDOVASCULAR CARDIAC VALVE REPLACEMENT AND SUPPLEMENT PROCEDURES WITHOUT MCC,271,322562.2214,47884.088561,43199.9631
330194,Maimonides Medical Center,Brooklyn,4802 Tenth Avenue,36,11219,NY,1.0,"Metropolitan area core: primary flow within an urbanized area of 50,000 and greater",266,ENDOVASCULAR CARDIAC VALVE REPLACEMENT AND SUPPLEMENT PROCEDURES WITH MCC,27,403365.0,89259.037037,86736.0
330194,Maimonides Medical Center,Brooklyn,4802 Tenth Avenue,36,11219,NY,1.0,"Metropolitan area core: primary flow within an urbanized area of 50,000 and greater",267,ENDOVASCULAR CARDIAC VALVE REPLACEMENT AND SUPPLEMENT PROCEDURES WITHOUT MCC,42,323134.64286,64710.857143,62957.452381
330214,Nyu Langone Hospitals,New York,550 First Avenue,36,10016,NY,1.0,"Metropolitan area core: primary flow within an urbanized area of 50,000 and greater",266,ENDOVASCULAR CARDIAC VALVE REPLACEMENT AND SUPPLEMENT PROCEDURES WITH MCC,203,418072.72906,84946.507389,80093.068966
330214,Nyu Langone Hospitals,New York,550 First Avenue,36,10016,NY,1.0,"Metropolitan area core: primary flow within an urbanized area of 50,000 and greater",267,ENDOVASCULAR CARDIAC VALVE REPLACEMENT AND SUPPLEMENT PROCEDURES WITHOUT MCC,258,417118.63566,68934.903101,63824.736434
330234,Westchester Medical Center,Valhalla,100 Woods Rd,36,10595,NY,1.0,"Metropolitan area core: primary flow within an urbanized area of 50,000 and greater",266,ENDOVASCULAR CARDIAC VALVE REPLACEMENT AND SUPPLEMENT PROCEDURES WITH MCC,19,549035.73684,81090.052632,77019.684211
330234,Westchester Medical Center,Valhalla,100 Woods Rd,36,10595,NY,1.0,"Metropolitan area core: primary flow within an urbanized area of 50,000 and greater",267,ENDOVASCULAR CARDIAC VALVE REPLACEMENT AND SUPPLEMENT PROCEDURES WITHOUT MCC,72,321070.97222,58057.847222,56095.138889
330236,New York-Presbyterian Brooklyn Methodist Hospital,Brooklyn,506 Sixth Street,36,11215,NY,1.0,"Metropolitan area core: primary flow within an urbanized area of 50,000 and greater",266,ENDOVASCULAR CARDIAC VALVE REPLACEMENT AND SUPPLEMENT PROCEDURES WITH MCC,19,272969.52632,75409.421053,72467.105263
330236,New York-Presbyterian Brooklyn Methodist Hospital,Brooklyn,506 Sixth Street,36,11215,NY,1.0,"Metropolitan area core: primary flow within an urbanized area of 50,000 and greater",267,ENDOVASCULAR CARDIAC VALVE REPLACEMENT AND SUPPLEMENT PROCEDURES WITHOUT MCC,17,184709.70588,58979.352941,57414.647059
330241,University Hospital S U N Y Health Science Center,Syracuse,750 East Adams Street,36,13210,NY,1.0,"Metropolitan area core: primary flow within an urbanized area of 50,000 and greater",267,ENDOVASCULAR CARDIAC VALVE REPLACEMENT AND SUPPLEMENT PROCEDURES WITHOUT MCC,25,141529.76,47926.16,43604.84
330245,St Elizabeth Medical Center,Utica,2209 Genesee Street,36,13501,NY,1.0,"Metropolitan area core: primary flow within an urbanized area of 50,000 and greater",266,ENDOVASCULAR CARDIAC VALVE REPLACEMENT AND SUPPLEMENT PROCEDURES WITH MCC,11,204148.18182,48394.636364,46992.818182
330245,St Elizabeth Medical Center,Utica,2209 Genesee Street,36,13501,NY,1.0,"Metropolitan area core: primary flow within an urbanized area of 50,000 and greater",267,ENDOVASCULAR CARDIAC VALVE REPLACEMENT AND SUPPLEMENT PROCEDURES WITHOUT MCC,22,177717.31818,39482.409091,35212.409091
330279,Mercy Hospital Of Buffalo,Buffalo,565 Abbott Road,36,14220,NY,1.0,"Metropolitan area core: primary flow within an urbanized area of 50,000 and greater",267,ENDOVASCULAR CARDIAC VALVE REPLACEMENT AND SUPPLEMENT PROCEDURES WITHOUT MCC,21,113714.90476,41724.571429,36340.333333
330285,Strong Memorial Hospital,Rochester,601 Elmwood Ave,36,14642,NY,1.0,"Metropolitan area core: primary flow within an urbanized area of 50,000 and greater",266,ENDOVASCULAR CARDIAC VALVE REPLACEMENT AND SUPPLEMENT PROCEDURES WITH MCC,21,113878.85714,66999.619048,64764.380952
330285,Strong Memorial Hospital,Rochester,601 Elmwood Ave,36,14642,NY,1.0,"Metropolitan area core: primary flow within an urbanized area of 50,000 and greater",267,ENDOVASCULAR CARDIAC VALVE REPLACEMENT AND SUPPLEMENT PROCEDURES WITHOUT MCC,41,94922.439024,52815.902439,51353.609756
330286,Good Samaritan Hospital Medical Center,West Islip,1000 Montauk Highway,36,11795,NY,1.0,"Metropolitan area core: primary flow within an urbanized area of 50,000 and greater",266,ENDOVASCULAR CARDIAC VALVE REPLACEMENT AND SUPPLEMENT PROCEDURES WITH MCC,12,396441.08333,60123.416667,59475.083333
330286,Good Samaritan Hospital Medical Center,West Islip,1000 Montauk Highway,36,11795,NY,1.0,"Metropolitan area core: primary flow within an urbanized area of 50,000 and greater",267,ENDOVASCULAR CARDIAC VALVE REPLACEMENT AND SUPPLEMENT PROCEDURES WITHOUT MCC,69,311127.49275,48717.086957,45057.188406
330393,Stony Brook University Hospital,Stony Brook,Health Sciences Center Suny,36,11794,NY,1.0,"Metropolitan area core: primary flow within an urbanized area of 50,000 and greater",266,ENDOVASCULAR CARDIAC VALVE REPLACEMENT AND SUPPLEMENT PROCEDURES WITH MCC,23,194238.43478,79704.26087,70080.086957
330393,Stony Brook University Hospital,Stony Brook,Health Sciences Center Suny,36,11794,NY,1.0,"Metropolitan area core: primary flow within an urbanized area of 50,000 and greater",267,ENDOVASCULAR CARDIAC VALVE REPLACEMENT AND SUPPLEMENT PROCEDURES WITHOUT MCC,125,121533.68,61552.704,54130.216
330394,"United Health Services Hospitals, Inc",Binghamton,10-42 Mitchell Avenue,36,13903,NY,1.0,"Metropolitan area core: primary flow within an urbanized area of 50,000 and greater",266,ENDOVASCULAR CARDIAC VALVE REPLACEMENT AND SUPPLEMENT PROCEDURES WITH MCC,42,148780.95238,50062.0,49210.857143
330394,"United Health Services Hospitals, Inc",Binghamton,10-42 Mitchell Avenue,36,13903,NY,1.0,"Metropolitan area core: primary flow within an urbanized area of 50,000 and greater",267,ENDOVASCULAR CARDIAC VALVE REPLACEMENT AND SUPPLEMENT PROCEDURES WITHOUT MCC,97,132179.19588,38219.185567,37558.381443
340001,Atrium Health Cabarrus,Concord,920 Church St N,37,28025,NC,1.0,"Metropolitan area core: primary flow within an urbanized area of 50,000 and greater",266,ENDOVASCULAR CARDIAC VALVE REPLACEMENT AND SUPPLEMENT PROCEDURES WITH MCC,13,205456.15385,47177.153846,45406.076923
340001,Atrium Health Cabarrus,Concord,920 Church St N,37,28025,NC,1.0,"Metropolitan area core: primary flow within an urbanized area of 50,000 and greater",267,ENDOVASCULAR CARDIAC VALVE REPLACEMENT AND SUPPLEMENT PROCEDURES WITHOUT MCC,24,181403.875,37837.875,36222.041667
340002,Memorial Mission Hospital And Asheville Surgery Ce,Asheville,509 Biltmore Ave,37,28801,NC,1.0,"Metropolitan area core: primary flow within an urbanized area of 50,000 and greater",266,ENDOVASCULAR CARDIAC VALVE REPLACEMENT AND SUPPLEMENT PROCEDURES WITH MCC,40,232737.6,50739.75,45755.9
340002,Memorial Mission Hospital And Asheville Surgery Ce,Asheville,509 Biltmore Ave,37,28801,NC,1.0,"Metropolitan area core: primary flow within an urbanized area of 50,000 and greater",267,ENDOVASCULAR CARDIAC VALVE REPLACEMENT AND SUPPLEMENT PROCEDURES WITHOUT MCC,46,214439.93478,40856.478261,34643.217391
340014,Novant Health Forsyth Medical Center,Winston-Salem,3333 Silas Creek Parkway,37,27103,NC,1.0,"Metropolitan area core: primary flow within an urbanized area of 50,000 and greater",267,ENDOVASCULAR CARDIAC VALVE REPLACEMENT AND SUPPLEMENT PROCEDURES WITHOUT MCC,43,129206.81395,37290.348837,36039.046512
340028,Cape Fear Valley Medical Center,Fayetteville,1638 Owen Drive P O Box 2000,37,28302,NC,1.0,"Metropolitan area core: primary flow within an urbanized area of 50,000 and greater",267,ENDOVASCULAR CARDIAC VALVE REPLACEMENT AND SUPPLEMENT PROCEDURES WITHOUT MCC,19,274979.31579,41676.578947,40383.684211
340030,Duke University Hospital,Durham,Po Box 3814 Dumc  Erwin Rd,37,27710,NC,1.0,"Metropolitan area core: primary flow within an urbanized area of 50,000 and greater",266,ENDOVASCULAR CARDIAC VALVE REPLACEMENT AND SUPPLEMENT PROCEDURES WITH MCC,27,283267.14815,77814.111111,63530.62963
340030,Duke University Hospital,Durham,Po Box 3814 Dumc  Erwin Rd,37,27710,NC,1.0,"Metropolitan area core: primary flow within an urbanized area of 50,000 and greater",267,ENDOVASCULAR CARDIAC VALVE REPLACEMENT AND SUPPLEMENT PROCEDURES WITHOUT MCC,142,219514.02113,49270.204225,44781.119718
340032,Caromont Regional Medical Center,Gastonia,2525 Court Dr,37,28052,NC,1.0,"Metropolitan area core: primary flow within an urbanized area of 50,000 and greater",267,ENDOVASCULAR CARDIAC VALVE REPLACEMENT AND SUPPLEMENT PROCEDURES WITHOUT MCC,16,173410.0,37092.875,35822.9375
340040,Vidant Medical Center,Greenville,2100 Stantonsburg Rd,37,27834,NC,1.0,"Metropolitan area core: primary flow within an urbanized area of 50,000 and greater",266,ENDOVASCULAR CARDIAC VALVE REPLACEMENT AND SUPPLEMENT PROCEDURES WITH MCC,33,179177.12121,54057.393939,51700.454545
340040,Vidant Medical Center,Greenville,2100 Stantonsburg Rd,37,27834,NC,1.0,"Metropolitan area core: primary flow within an urbanized area of 50,000 and greater",267,ENDOVASCULAR CARDIAC VALVE REPLACEMENT AND SUPPLEMENT PROCEDURES WITHOUT MCC,49,151911.12245,45067.020408,37868.326531
340047,North Carolina Baptist Hospital,Winston-Salem,Medical Center Boulevard,37,27157,NC,1.0,"Metropolitan area core: primary flow within an urbanized area of 50,000 and greater",266,ENDOVASCULAR CARDIAC VALVE REPLACEMENT AND SUPPLEMENT PROCEDURES WITH MCC,28,258555.96429,67027.0,58236.571429
340047,North Carolina Baptist Hospital,Winston-Salem,Medical Center Boulevard,37,27157,NC,1.0,"Metropolitan area core: primary flow within an urbanized area of 50,000 and greater",267,ENDOVASCULAR CARDIAC VALVE REPLACEMENT AND SUPPLEMENT PROCEDURES WITHOUT MCC,103,194486.31068,50026.320388,44917.970874
340053,Novant Health Presbyterian Medical Center,Charlotte,200 Hawthorne Lane Box 33549,37,28233,NC,1.0,"Metropolitan area core: primary flow within an urbanized area of 50,000 and greater",266,ENDOVASCULAR CARDIAC VALVE REPLACEMENT AND SUPPLEMENT PROCEDURES WITH MCC,27,137025.44444,48923.148148,44409.518519
340053,Novant Health Presbyterian Medical Center,Charlotte,200 Hawthorne Lane Box 33549,37,28233,NC,1.0,"Metropolitan area core: primary flow within an urbanized area of 50,000 and greater",267,ENDOVASCULAR CARDIAC VALVE REPLACEMENT AND SUPPLEMENT PROCEDURES WITHOUT MCC,90,120368.71111,37787.766667,36480.9
340061,University Of North Carolina Hospital,Chapel Hill,101 Manning Drive,37,27514,NC,1.0,"Metropolitan area core: primary flow within an urbanized area of 50,000 and greater",266,ENDOVASCULAR CARDIAC VALVE REPLACEMENT AND SUPPLEMENT PROCEDURES WITH MCC,31,136001.96774,65511.967742,60004.064516
340061,University Of North Carolina Hospital,Chapel Hill,101 Manning Drive,37,27514,NC,1.0,"Metropolitan area core: primary flow within an urbanized area of 50,000 and greater",267,ENDOVASCULAR CARDIAC VALVE REPLACEMENT AND SUPPLEMENT PROCEDURES WITHOUT MCC,35,84293.114286,50193.6,42779.571429
340069,Wakemed,Raleigh,3000 New Bern Ave,37,27610,NC,1.0,"Metropolitan area core: primary flow within an urbanized area of 50,000 and greater",266,ENDOVASCULAR CARDIAC VALVE REPLACEMENT AND SUPPLEMENT PROCEDURES WITH MCC,12,291965.41667,54103.25,52573.5
340069,Wakemed,Raleigh,3000 New Bern Ave,37,27610,NC,1.0,"Metropolitan area core: primary flow within an urbanized area of 50,000 and greater",267,ENDOVASCULAR CARDIAC VALVE REPLACEMENT AND SUPPLEMENT PROCEDURES WITHOUT MCC,49,214785.40816,41169.428571,38595.632653
340091,The Moses H Cone Memorial Hospital,Greensboro,1200 N Elm St,37,27401,NC,1.0,"Metropolitan area core: primary flow within an urbanized area of 50,000 and greater",266,ENDOVASCULAR CARDIAC VALVE REPLACEMENT AND SUPPLEMENT PROCEDURES WITH MCC,32,160781.71875,50468.25,48821.96875
340091,The Moses H Cone Memorial Hospital,Greensboro,1200 N Elm St,37,27401,NC,1.0,"Metropolitan area core: primary flow within an urbanized area of 50,000 and greater",267,ENDOVASCULAR CARDIAC VALVE REPLACEMENT AND SUPPLEMENT PROCEDURES WITHOUT MCC,21,158953.52381,43378.857143,36357.428571
340113,Carolinas Medical Center/Behav Health,Charlotte,1000 Blythe Blvd,37,28203,NC,1.0,"Metropolitan area core: primary flow within an urbanized area of 50,000 and greater",266,ENDOVASCULAR CARDIAC VALVE REPLACEMENT AND SUPPLEMENT PROCEDURES WITH MCC,56,217076.375,55986.642857,52825.464286
340113,Carolinas Medical Center/Behav Health,Charlotte,1000 Blythe Blvd,37,28203,NC,1.0,"Metropolitan area core: primary flow within an urbanized area of 50,000 and greater",267,ENDOVASCULAR CARDIAC VALVE REPLACEMENT AND SUPPLEMENT PROCEDURES WITHOUT MCC,129,173912.10078,43085.75969,40278.069767
340114,Rex Hospital,Raleigh,4420 Lake Boone Trail,37,27607,NC,1.0,"Metropolitan area core: primary flow within an urbanized area of 50,000 and greater",266,ENDOVASCULAR CARDIAC VALVE REPLACEMENT AND SUPPLEMENT PROCEDURES WITH MCC,46,170139.3913,49636.695652,46721.521739
340114,Rex Hospital,Raleigh,4420 Lake Boone Trail,37,27607,NC,1.0,"Metropolitan area core: primary flow within an urbanized area of 50,000 and greater",267,ENDOVASCULAR CARDIAC VALVE REPLACEMENT AND SUPPLEMENT PROCEDURES WITHOUT MCC,72,137304.56944,36953.027778,33402.652778
340115,Firsthealth Moore Regional Hospital,Pinehurst,155 Memorial Drive,37,28374,NC,4.0,"Micropolitan area core: primary flow within an urban cluster of 10,000 to 49,999",267,ENDOVASCULAR CARDIAC VALVE REPLACEMENT AND SUPPLEMENT PROCEDURES WITHOUT MCC,38,111250.28947,35389.052632,34108.315789
340131,Carolina East Medical Center,New Bern,2000 Neuse Blvd,37,28560,NC,2.0,"Metropolitan area high commuting: primary flow 30% or more to a urbanized area of 50,000 and greater",267,ENDOVASCULAR CARDIAC VALVE REPLACEMENT AND SUPPLEMENT PROCEDURES WITHOUT MCC,46,185930.15217,43831.23913,42678.956522
340141,Novant Health New Hanover Regional Medical Center,Wilmington,2131 S 17th St Box 9000,37,28402,NC,1.0,"Metropolitan area core: primary flow within an urbanized area of 50,000 and greater",266,ENDOVASCULAR CARDIAC VALVE REPLACEMENT AND SUPPLEMENT PROCEDURES WITH MCC,16,167619.5625,57402.4375,50444.5625
340141,Novant Health New Hanover Regional Medical Center,Wilmington,2131 S 17th St Box 9000,37,28402,NC,1.0,"Metropolitan area core: primary flow within an urbanized area of 50,000 and greater",267,ENDOVASCULAR CARDIAC VALVE REPLACEMENT AND SUPPLEMENT PROCEDURES WITHOUT MCC,81,135422.03704,44226.790123,41882.728395
350011,Sanford,Fargo,801 Broadway North,38,58122,ND,1.0,"Metropolitan area core: primary flow within an urbanized area of 50,000 and greater",266,ENDOVASCULAR CARDIAC VALVE REPLACEMENT AND SUPPLEMENT PROCEDURES WITH MCC,22,170297.5,48964.227273,47580.818182
350011,Sanford,Fargo,801 Broadway North,38,58122,ND,1.0,"Metropolitan area core: primary flow within an urbanized area of 50,000 and greater",267,ENDOVASCULAR CARDIAC VALVE REPLACEMENT AND SUPPLEMENT PROCEDURES WITHOUT MCC,190,125327.27368,39872.557895,36801.915789
350015,Sanford Medical Center Bismarck,Bismarck,300 N 7th St,38,58506,ND,1.0,"Metropolitan area core: primary flow within an urbanized area of 50,000 and greater",267,ENDOVASCULAR CARDIAC VALVE REPLACEMENT AND SUPPLEMENT PROCEDURES WITHOUT MCC,49,131990.85714,40323.653061,36359.408163
350019,Altru Hospital,Grand Forks,1200 S Columbia Rd,38,58201,ND,1.0,"Metropolitan area core: primary flow within an urbanized area of 50,000 and greater",267,ENDOVASCULAR CARDIAC VALVE REPLACEMENT AND SUPPLEMENT PROCEDURES WITHOUT MCC,35,189572.88571,46745.371429,43456.542857
350070,Essentia Health Fargo,Fargo,3000 32nd Ave South,38,58104,ND,1.0,"Metropolitan area core: primary flow within an urbanized area of 50,000 and greater",266,ENDOVASCULAR CARDIAC VALVE REPLACEMENT AND SUPPLEMENT PROCEDURES WITH MCC,18,161728.55556,53129.888889,52287.833333
350070,Essentia Health Fargo,Fargo,3000 32nd Ave South,38,58104,ND,1.0,"Metropolitan area core: primary flow within an urbanized area of 50,000 and greater",267,ENDOVASCULAR CARDIAC VALVE REPLACEMENT AND SUPPLEMENT PROCEDURES WITHOUT MCC,34,142271.41176,40570.970588,39428.529412
360003,"University Of Cincinnati Medical Center, Llc",Cincinnati,234 Goodman Street,39,45219,OH,1.0,"Metropolitan area core: primary flow within an urbanized area of 50,000 and greater",267,ENDOVASCULAR CARDIAC VALVE REPLACEMENT AND SUPPLEMENT PROCEDURES WITHOUT MCC,25,190076.44,50787.32,45636.44
360006,Riverside Methodist Hospital,Columbus,3535 Olentangy River Rd,39,43214,OH,1.0,"Metropolitan area core: primary flow within an urbanized area of 50,000 and greater",266,ENDOVASCULAR CARDIAC VALVE REPLACEMENT AND SUPPLEMENT PROCEDURES WITH MCC,77,197959.48052,51520.701299,49294.285714
360006,Riverside Methodist Hospital,Columbus,3535 Olentangy River Rd,39,43214,OH,1.0,"Metropolitan area core: primary flow within an urbanized area of 50,000 and greater",267,ENDOVASCULAR CARDIAC VALVE REPLACEMENT AND SUPPLEMENT PROCEDURES WITHOUT MCC,146,168660.19178,41750.917808,38177.89726
360017,Grant Medical Center,Columbus,111 South Grant Avenue,39,43215,OH,1.0,"Metropolitan area core: primary flow within an urbanized area of 50,000 and greater",267,ENDOVASCULAR CARDIAC VALVE REPLACEMENT AND SUPPLEMENT PROCEDURES WITHOUT MCC,38,222309.07895,43087.447368,41749.868421
360020,Summa Health System,Akron,525 East Market Street,39,44309,OH,1.0,"Metropolitan area core: primary flow within an urbanized area of 50,000 and greater",266,ENDOVASCULAR CARDIAC VALVE REPLACEMENT AND SUPPLEMENT PROCEDURES WITH MCC,13,347450.38462,51231.769231,49741.461538
360020,Summa Health System,Akron,525 East Market Street,39,44309,OH,1.0,"Metropolitan area core: primary flow within an urbanized area of 50,000 and greater",267,ENDOVASCULAR CARDIAC VALVE REPLACEMENT AND SUPPLEMENT PROCEDURES WITHOUT MCC,46,298413.69565,44811.043478,36925.826087
360027,Akron General Medical Center,Akron,1 Akron General Avenue,39,44307,OH,1.0,"Metropolitan area core: primary flow within an urbanized area of 50,000 and greater",267,ENDOVASCULAR CARDIAC VALVE REPLACEMENT AND SUPPLEMENT PROCEDURES WITHOUT MCC,28,226757.64286,43295.035714,36815.785714
360035,Mount Carmel East,Columbus,6001 East Broad Street,39,43213,OH,1.0,"Metropolitan area core: primary flow within an urbanized area of 50,000 and greater",266,ENDOVASCULAR CARDIAC VALVE REPLACEMENT AND SUPPLEMENT PROCEDURES WITH MCC,70,229910.85714,54488.871429,52705.414286
360035,Mount Carmel East,Columbus,6001 East Broad Street,39,43213,OH,1.0,"Metropolitan area core: primary flow within an urbanized area of 50,000 and greater",267,ENDOVASCULAR CARDIAC VALVE REPLACEMENT AND SUPPLEMENT PROCEDURES WITHOUT MCC,126,165613.42063,39308.031746,37637.666667
360039,Genesis Hospital,Zanesville,2951 Maple Avenue,39,43701,OH,4.0,"Micropolitan area core: primary flow within an urban cluster of 10,000 to 49,999",267,ENDOVASCULAR CARDIAC VALVE REPLACEMENT AND SUPPLEMENT PROCEDURES WITHOUT MCC,30,114351.66667,42963.666667,41824.833333
360051,Miami Valley Hospital,Dayton,One Wyoming Street,39,45409,OH,1.0,"Metropolitan area core: primary flow within an urbanized area of 50,000 and greater",266,ENDOVASCULAR CARDIAC VALVE REPLACEMENT AND SUPPLEMENT PROCEDURES WITH MCC,35,327140.68571,65265.371429,63179.828571
360051,Miami Valley Hospital,Dayton,One Wyoming Street,39,45409,OH,1.0,"Metropolitan area core: primary flow within an urbanized area of 50,000 and greater",267,ENDOVASCULAR CARDIAC VALVE REPLACEMENT AND SUPPLEMENT PROCEDURES WITHOUT MCC,83,134664.42169,40138.891566,39380.60241
360056,Mercy Health - Fairfield Hospital,Fairfield,3000 Mack Road,39,45014,OH,1.0,"Metropolitan area core: primary flow within an urbanized area of 50,000 and greater",266,ENDOVASCULAR CARDIAC VALVE REPLACEMENT AND SUPPLEMENT PROCEDURES WITH MCC,13,201611.46154,44966.538462,44482.846154
360056,Mercy Health - Fairfield Hospital,Fairfield,3000 Mack Road,39,45014,OH,1.0,"Metropolitan area core: primary flow within an urbanized area of 50,000 and greater",267,ENDOVASCULAR CARDIAC VALVE REPLACEMENT AND SUPPLEMENT PROCEDURES WITHOUT MCC,36,178830.38889,37940.472222,33573.111111
360064,Mh St Elizabeth Youngstown Hospital,Youngstown,1044 Belmont Avenue,39,44501,OH,1.0,"Metropolitan area core: primary flow within an urbanized area of 50,000 and greater",267,ENDOVASCULAR CARDIAC VALVE REPLACEMENT AND SUPPLEMENT PROCEDURES WITHOUT MCC,29,234284.62069,39937.655172,38395.551724
360066,Mercy Health-St Rita's Medical Center,Lima,730 West Market Street,39,45801,OH,1.0,"Metropolitan area core: primary flow within an urbanized area of 50,000 and greater",267,ENDOVASCULAR CARDIAC VALVE REPLACEMENT AND SUPPLEMENT PROCEDURES WITHOUT MCC,47,165499.19149,36028.106383,34831.319149
360068,Toledo Hospital The,Toledo,2142 North Cove Boulevard,39,43606,OH,1.0,"Metropolitan area core: primary flow within an urbanized area of 50,000 and greater",266,ENDOVASCULAR CARDIAC VALVE REPLACEMENT AND SUPPLEMENT PROCEDURES WITH MCC,31,213646.80645,51727.935484,50626.193548
360068,Toledo Hospital The,Toledo,2142 North Cove Boulevard,39,43606,OH,1.0,"Metropolitan area core: primary flow within an urbanized area of 50,000 and greater",267,ENDOVASCULAR CARDIAC VALVE REPLACEMENT AND SUPPLEMENT PROCEDURES WITHOUT MCC,77,177891.46753,41790.935065,39767.987013
360079,Kettering Health Main Campus,Kettering,3535 Southern Boulevard,39,45429,OH,1.0,"Metropolitan area core: primary flow within an urbanized area of 50,000 and greater",266,ENDOVASCULAR CARDIAC VALVE REPLACEMENT AND SUPPLEMENT PROCEDURES WITH MCC,12,191256.66667,51045.75,48196.166667
360079,Kettering Health Main Campus,Kettering,3535 Southern Boulevard,39,45429,OH,1.0,"Metropolitan area core: primary flow within an urbanized area of 50,000 and greater",267,ENDOVASCULAR CARDIAC VALVE REPLACEMENT AND SUPPLEMENT PROCEDURES WITHOUT MCC,35,147905.71429,39270.6,37457.028571
360084,Aultman Hospital,Canton,2600 Sixth Street Sw,39,44710,OH,1.0,"Metropolitan area core: primary flow within an urbanized area of 50,000 and greater",267,ENDOVASCULAR CARDIAC VALVE REPLACEMENT AND SUPPLEMENT PROCEDURES WITHOUT MCC,30,161339.2,40184.0,33639.733333
360085,Ohio State University Hospitals,Columbus,410 West 10th Avenue,39,43210,OH,1.0,"Metropolitan area core: primary flow within an urbanized area of 50,000 and greater",266,ENDOVASCULAR CARDIAC VALVE REPLACEMENT AND SUPPLEMENT PROCEDURES WITH MCC,33,195670.42424,56906.424242,52782.454545
360085,Ohio State University Hospitals,Columbus,410 West 10th Avenue,39,43210,OH,1.0,"Metropolitan area core: primary flow within an urbanized area of 50,000 and greater",267,ENDOVASCULAR CARDIAC VALVE REPLACEMENT AND SUPPLEMENT PROCEDURES WITHOUT MCC,72,149796.15278,43669.680556,41545.444444
360086,Mercy Health - Springfield Regional Medical Center,Springfield,100 Medical Center Drive,39,45504,OH,1.0,"Metropolitan area core: primary flow within an urbanized area of 50,000 and greater",266,ENDOVASCULAR CARDIAC VALVE REPLACEMENT AND SUPPLEMENT PROCEDURES WITH MCC,11,173875.09091,44502.818182,43410.454545
360112,Mercy Health St Vincent Medical Center,Toledo,2213 Cherry Street,39,43608,OH,1.0,"Metropolitan area core: primary flow within an urbanized area of 50,000 and greater",266,ENDOVASCULAR CARDIAC VALVE REPLACEMENT AND SUPPLEMENT PROCEDURES WITH MCC,13,376801.0,62721.769231,50694.384615
360112,Mercy Health St Vincent Medical Center,Toledo,2213 Cherry Street,39,43608,OH,1.0,"Metropolitan area core: primary flow within an urbanized area of 50,000 and greater",267,ENDOVASCULAR CARDIAC VALVE REPLACEMENT AND SUPPLEMENT PROCEDURES WITHOUT MCC,22,257745.90909,44863.454545,42386.545455
360118,Ohiohealth Mansfield Hospital,Mansfield,335 Glessner Avenue,39,44903,OH,1.0,"Metropolitan area core: primary flow within an urbanized area of 50,000 and greater",267,ENDOVASCULAR CARDIAC VALVE REPLACEMENT AND SUPPLEMENT PROCEDURES WITHOUT MCC,26,172683.38462,36657.769231,35439.115385
360137,Uh Cleveland Medical Center,Cleveland,11100 Euclid Avenue,39,44106,OH,1.0,"Metropolitan area core: primary flow within an urbanized area of 50,000 and greater",266,ENDOVASCULAR CARDIAC VALVE REPLACEMENT AND SUPPLEMENT PROCEDURES WITH MCC,50,170106.1,60973.96,58354.32
360137,Uh Cleveland Medical Center,Cleveland,11100 Euclid Avenue,39,44106,OH,1.0,"Metropolitan area core: primary flow within an urbanized area of 50,000 and greater",267,ENDOVASCULAR CARDIAC VALVE REPLACEMENT AND SUPPLEMENT PROCEDURES WITHOUT MCC,124,158372.81452,48563.024194,45917.943548
360155,Southwest General Health Center,Middleburg Heights,18697 Bagley Road,39,44130,OH,1.0,"Metropolitan area core: primary flow within an urbanized area of 50,000 and greater",267,ENDOVASCULAR CARDIAC VALVE REPLACEMENT AND SUPPLEMENT PROCEDURES WITHOUT MCC,18,139116.0,33591.555556,32345.222222
360163,Christ Hospital,Cincinnati,2139 Auburn Avenue,39,45219,OH,1.0,"Metropolitan area core: primary flow within an urbanized area of 50,000 and greater",266,ENDOVASCULAR CARDIAC VALVE REPLACEMENT AND SUPPLEMENT PROCEDURES WITH MCC,50,219348.66,52764.68,50272.46
360163,Christ Hospital,Cincinnati,2139 Auburn Avenue,39,45219,OH,1.0,"Metropolitan area core: primary flow within an urbanized area of 50,000 and greater",267,ENDOVASCULAR CARDIAC VALVE REPLACEMENT AND SUPPLEMENT PROCEDURES WITHOUT MCC,75,169998.44,38576.013333,36896.613333
360179,Bethesda North,Cincinnati,10500 Montgomery Road,39,45242,OH,1.0,"Metropolitan area core: primary flow within an urbanized area of 50,000 and greater",267,ENDOVASCULAR CARDIAC VALVE REPLACEMENT AND SUPPLEMENT PROCEDURES WITHOUT MCC,46,135304.69565,39842.73913,34837.043478
360180,Cleveland Clinic,Cleveland,9500 Euclid Avenue,39,44195,OH,1.0,"Metropolitan area core: primary flow within an urbanized area of 50,000 and greater",266,ENDOVASCULAR CARDIAC VALVE REPLACEMENT AND SUPPLEMENT PROCEDURES WITH MCC,238,143657.84874,58797.365546,54517.932773
360180,Cleveland Clinic,Cleveland,9500 Euclid Avenue,39,44195,OH,1.0,"Metropolitan area core: primary flow within an urbanized area of 50,000 and greater",267,ENDOVASCULAR CARDIAC VALVE REPLACEMENT AND SUPPLEMENT PROCEDURES WITHOUT MCC,192,110831.30729,46129.145833,41405.5625
360211,Trinity Medical Ctr East &trinity Medical Ctr West,Steubenville,380 Summit Avenue,39,43952,OH,1.0,"Metropolitan area core: primary flow within an urbanized area of 50,000 and greater",266,ENDOVASCULAR CARDIAC VALVE REPLACEMENT AND SUPPLEMENT PROCEDURES WITH MCC,14,74722.714286,42618.642857,41356.642857
370001,Hillcrest Medical Center,Tulsa,1120 South Utica Avenue,40,74104,OK,1.0,"Metropolitan area core: primary flow within an urbanized area of 50,000 and greater",266,ENDOVASCULAR CARDIAC VALVE REPLACEMENT AND SUPPLEMENT PROCEDURES WITH MCC,43,276483.83721,47103.906977,45012.813953
370001,Hillcrest Medical Center,Tulsa,1120 South Utica Avenue,40,74104,OK,1.0,"Metropolitan area core: primary flow within an urbanized area of 50,000 and greater",267,ENDOVASCULAR CARDIAC VALVE REPLACEMENT AND SUPPLEMENT PROCEDURES WITHOUT MCC,58,228805.58621,37391.982759,36323.362069
370008,Norman Regional,Norman,901 N Porter,40,73070,OK,1.1,"Secondary flow 30% to <50% to a larger urbanized area of 50,000 and greater",267,ENDOVASCULAR CARDIAC VALVE REPLACEMENT AND SUPPLEMENT PROCEDURES WITHOUT MCC,19,270142.84211,36585.263158,35562.263158
370028,"Integris Baptist Medical Center, Inc",Oklahoma City,3300 Northwest Expressway,40,73112,OK,1.0,"Metropolitan area core: primary flow within an urbanized area of 50,000 and greater",266,ENDOVASCULAR CARDIAC VALVE REPLACEMENT AND SUPPLEMENT PROCEDURES WITH MCC,23,257815.30435,47746.565217,45540.73913
370028,"Integris Baptist Medical Center, Inc",Oklahoma City,3300 Northwest Expressway,40,73112,OK,1.0,"Metropolitan area core: primary flow within an urbanized area of 50,000 and greater",267,ENDOVASCULAR CARDIAC VALVE REPLACEMENT AND SUPPLEMENT PROCEDURES WITHOUT MCC,100,187522.98,37469.57,34764.81
370037,Ssm Health St Anthony Hospital - Oklahoma City,Oklahoma City,1000 North Lee Avenue,40,73101,OK,1.0,"Metropolitan area core: primary flow within an urbanized area of 50,000 and greater",266,ENDOVASCULAR CARDIAC VALVE REPLACEMENT AND SUPPLEMENT PROCEDURES WITH MCC,15,230520.93333,49149.133333,47508.666667
370037,Ssm Health St Anthony Hospital - Oklahoma City,Oklahoma City,1000 North Lee Avenue,40,73101,OK,1.0,"Metropolitan area core: primary flow within an urbanized area of 50,000 and greater",267,ENDOVASCULAR CARDIAC VALVE REPLACEMENT AND SUPPLEMENT PROCEDURES WITHOUT MCC,33,151076.0303,38227.939394,35602.909091
370091,"Saint Francis Hospital, Inc",Tulsa,6161 South Yale,40,74136,OK,1.0,"Metropolitan area core: primary flow within an urbanized area of 50,000 and greater",266,ENDOVASCULAR CARDIAC VALVE REPLACEMENT AND SUPPLEMENT PROCEDURES WITH MCC,39,214790.53846,48103.358974,43388.230769
370091,"Saint Francis Hospital, Inc",Tulsa,6161 South Yale,40,74136,OK,1.0,"Metropolitan area core: primary flow within an urbanized area of 50,000 and greater",267,ENDOVASCULAR CARDIAC VALVE REPLACEMENT AND SUPPLEMENT PROCEDURES WITHOUT MCC,89,151335.26966,36248.88764,33379.898876
370114,Ascension St John Medical Center,Tulsa,1923 South Utica Avenue,40,74104,OK,1.0,"Metropolitan area core: primary flow within an urbanized area of 50,000 and greater",266,ENDOVASCULAR CARDIAC VALVE REPLACEMENT AND SUPPLEMENT PROCEDURES WITH MCC,15,241811.0,48995.333333,47099.666667
370114,Ascension St John Medical Center,Tulsa,1923 South Utica Avenue,40,74104,OK,1.0,"Metropolitan area core: primary flow within an urbanized area of 50,000 and greater",267,ENDOVASCULAR CARDIAC VALVE REPLACEMENT AND SUPPLEMENT PROCEDURES WITHOUT MCC,42,235115.59524,38741.785714,36185.0
370215,"Oklahoma Heart Hospital, Llc",Oklahoma City,4050 West Memorial Road,40,73120,OK,1.0,"Metropolitan area core: primary flow within an urbanized area of 50,000 and greater",266,ENDOVASCULAR CARDIAC VALVE REPLACEMENT AND SUPPLEMENT PROCEDURES WITH MCC,43,192306.51163,42181.465116,41009.837209
370215,"Oklahoma Heart Hospital, Llc",Oklahoma City,4050 West Memorial Road,40,73120,OK,1.0,"Metropolitan area core: primary flow within an urbanized area of 50,000 and greater",267,ENDOVASCULAR CARDIAC VALVE REPLACEMENT AND SUPPLEMENT PROCEDURES WITHOUT MCC,93,171589.46237,34825.698925,31369.44086
370234,"Oklahoma Heart Hospital South, Llc",Oklahoma City,5200 East I-240 Service Road,40,73135,OK,1.0,"Metropolitan area core: primary flow within an urbanized area of 50,000 and greater",266,ENDOVASCULAR CARDIAC VALVE REPLACEMENT AND SUPPLEMENT PROCEDURES WITH MCC,13,198235.61538,43657.153846,42972.230769
370234,"Oklahoma Heart Hospital South, Llc",Oklahoma City,5200 East I-240 Service Road,40,73135,OK,1.0,"Metropolitan area core: primary flow within an urbanized area of 50,000 and greater",267,ENDOVASCULAR CARDIAC VALVE REPLACEMENT AND SUPPLEMENT PROCEDURES WITHOUT MCC,34,178962.88235,34247.617647,32894.558824
380004,Providence St Vincent Medical Center,Portland,9205 Sw Barnes Road,41,97225,OR,1.0,"Metropolitan area core: primary flow within an urbanized area of 50,000 and greater",266,ENDOVASCULAR CARDIAC VALVE REPLACEMENT AND SUPPLEMENT PROCEDURES WITH MCC,65,179788.23077,71327.630769,54552.953846
380004,Providence St Vincent Medical Center,Portland,9205 Sw Barnes Road,41,97225,OR,1.0,"Metropolitan area core: primary flow within an urbanized area of 50,000 and greater",267,ENDOVASCULAR CARDIAC VALVE REPLACEMENT AND SUPPLEMENT PROCEDURES WITHOUT MCC,85,159466.51765,50181.764706,41839.317647
380007,Legacy Emanuel Medical Center,Portland,2801 N Gantenbein Avenue,41,97227,OR,1.0,"Metropolitan area core: primary flow within an urbanized area of 50,000 and greater",266,ENDOVASCULAR CARDIAC VALVE REPLACEMENT AND SUPPLEMENT PROCEDURES WITH MCC,18,210932.38889,73601.555556,72151.833333
380007,Legacy Emanuel Medical Center,Portland,2801 N Gantenbein Avenue,41,97227,OR,1.0,"Metropolitan area core: primary flow within an urbanized area of 50,000 and greater",267,ENDOVASCULAR CARDIAC VALVE REPLACEMENT AND SUPPLEMENT PROCEDURES WITHOUT MCC,34,108457.82353,50110.294118,48656.647059
380009,Ohsu Hospital And Clinics,Portland,3181 Sw Sam Jackson Park Road,41,97239,OR,1.0,"Metropolitan area core: primary flow within an urbanized area of 50,000 and greater",266,ENDOVASCULAR CARDIAC VALVE REPLACEMENT AND SUPPLEMENT PROCEDURES WITH MCC,53,146673.81132,67119.075472,63741.113208
380009,Ohsu Hospital And Clinics,Portland,3181 Sw Sam Jackson Park Road,41,97239,OR,1.0,"Metropolitan area core: primary flow within an urbanized area of 50,000 and greater",267,ENDOVASCULAR CARDIAC VALVE REPLACEMENT AND SUPPLEMENT PROCEDURES WITHOUT MCC,74,120901.55405,53697.581081,51749.891892
380014,Good Samaritan Regional Medical Center,Corvallis,3600 Nw Samaritan Drive,41,97330,OR,1.0,"Metropolitan area core: primary flow within an urbanized area of 50,000 and greater",267,ENDOVASCULAR CARDIAC VALVE REPLACEMENT AND SUPPLEMENT PROCEDURES WITHOUT MCC,20,119843.4,53469.25,47445.85
380018,Asante Rogue Regional Medical Center,Medford,2825 E Barnett Road,41,97504,OR,1.0,"Metropolitan area core: primary flow within an urbanized area of 50,000 and greater",266,ENDOVASCULAR CARDIAC VALVE REPLACEMENT AND SUPPLEMENT PROCEDURES WITH MCC,21,239668.61905,58512.428571,57399.190476
380018,Asante Rogue Regional Medical Center,Medford,2825 E Barnett Road,41,97504,OR,1.0,"Metropolitan area core: primary flow within an urbanized area of 50,000 and greater",267,ENDOVASCULAR CARDIAC VALVE REPLACEMENT AND SUPPLEMENT PROCEDURES WITHOUT MCC,49,190142.97959,45283.979592,43958.510204
380047,St Charles Bend,Bend,2500 Ne Neff Road,41,97701,OR,1.0,"Metropolitan area core: primary flow within an urbanized area of 50,000 and greater",266,ENDOVASCULAR CARDIAC VALVE REPLACEMENT AND SUPPLEMENT PROCEDURES WITH MCC,84,125035.59524,53836.416667,49210.011905
380047,St Charles Bend,Bend,2500 Ne Neff Road,41,97701,OR,1.0,"Metropolitan area core: primary flow within an urbanized area of 50,000 and greater",267,ENDOVASCULAR CARDIAC VALVE REPLACEMENT AND SUPPLEMENT PROCEDURES WITHOUT MCC,32,121077.6875,43086.21875,38509.375
380051,Salem Hospital,Salem,"890 Oak Street, Se",41,97301,OR,1.0,"Metropolitan area core: primary flow within an urbanized area of 50,000 and greater",267,ENDOVASCULAR CARDIAC VALVE REPLACEMENT AND SUPPLEMENT PROCEDURES WITHOUT MCC,37,130801.67568,52685.0,45187.054054
380102,Sacred Heart Medical Center - Riverbend,Springfield,3333 Riverbend Drive,41,97477,OR,1.0,"Metropolitan area core: primary flow within an urbanized area of 50,000 and greater",266,ENDOVASCULAR CARDIAC VALVE REPLACEMENT AND SUPPLEMENT PROCEDURES WITH MCC,48,136217.3125,54951.458333,51636.604167
380102,Sacred Heart Medical Center - Riverbend,Springfield,3333 Riverbend Drive,41,97477,OR,1.0,"Metropolitan area core: primary flow within an urbanized area of 50,000 and greater",267,ENDOVASCULAR CARDIAC VALVE REPLACEMENT AND SUPPLEMENT PROCEDURES WITHOUT MCC,47,134789.08511,43965.340426,40385.93617
390001,Geisinger-Community Medical Center,Scranton,1822 Mulberry Street,42,18510,PA,1.0,"Metropolitan area core: primary flow within an urbanized area of 50,000 and greater",266,ENDOVASCULAR CARDIAC VALVE REPLACEMENT AND SUPPLEMENT PROCEDURES WITH MCC,12,295550.08333,49778.583333,48641.666667
390001,Geisinger-Community Medical Center,Scranton,1822 Mulberry Street,42,18510,PA,1.0,"Metropolitan area core: primary flow within an urbanized area of 50,000 and greater",267,ENDOVASCULAR CARDIAC VALVE REPLACEMENT AND SUPPLEMENT PROCEDURES WITHOUT MCC,17,311750.58824,39316.058824,38206.764706
390004,Penn State Health Holy Spirit Medical Center,Camp Hill,503 North 21st Street,42,17011,PA,1.0,"Metropolitan area core: primary flow within an urbanized area of 50,000 and greater",266,ENDOVASCULAR CARDIAC VALVE REPLACEMENT AND SUPPLEMENT PROCEDURES WITH MCC,12,238195.91667,52264.666667,51426.833333
390004,Penn State Health Holy Spirit Medical Center,Camp Hill,503 North 21st Street,42,17011,PA,1.0,"Metropolitan area core: primary flow within an urbanized area of 50,000 and greater",267,ENDOVASCULAR CARDIAC VALVE REPLACEMENT AND SUPPLEMENT PROCEDURES WITHOUT MCC,13,164153.76923,36875.384615,35485.0
390006,Geisinger Medical Center,Danville,100 North Academy Avenue,42,17822,PA,1.0,"Metropolitan area core: primary flow within an urbanized area of 50,000 and greater",266,ENDOVASCULAR CARDIAC VALVE REPLACEMENT AND SUPPLEMENT PROCEDURES WITH MCC,18,396627.77778,68381.222222,55495.666667
390006,Geisinger Medical Center,Danville,100 North Academy Avenue,42,17822,PA,1.0,"Metropolitan area core: primary flow within an urbanized area of 50,000 and greater",267,ENDOVASCULAR CARDIAC VALVE REPLACEMENT AND SUPPLEMENT PROCEDURES WITHOUT MCC,50,258173.62,49968.68,41433.38
390009,Saint Vincent Hospital,Erie,232 West 25th Street,42,16544,PA,1.0,"Metropolitan area core: primary flow within an urbanized area of 50,000 and greater",266,ENDOVASCULAR CARDIAC VALVE REPLACEMENT AND SUPPLEMENT PROCEDURES WITH MCC,16,355112.4375,47150.25,45443.375
390009,Saint Vincent Hospital,Erie,232 West 25th Street,42,16544,PA,1.0,"Metropolitan area core: primary flow within an urbanized area of 50,000 and greater",267,ENDOVASCULAR CARDIAC VALVE REPLACEMENT AND SUPPLEMENT PROCEDURES WITHOUT MCC,15,358656.4,43654.666667,35999.133333
390027,Temple University Hospital,Philadelphia,3401 North Broad Street,42,19140,PA,1.0,"Metropolitan area core: primary flow within an urbanized area of 50,000 and greater",266,ENDOVASCULAR CARDIAC VALVE REPLACEMENT AND SUPPLEMENT PROCEDURES WITH MCC,11,335156.81818,76942.181818,69115.272727
390027,Temple University Hospital,Philadelphia,3401 North Broad Street,42,19140,PA,1.0,"Metropolitan area core: primary flow within an urbanized area of 50,000 and greater",267,ENDOVASCULAR CARDIAC VALVE REPLACEMENT AND SUPPLEMENT PROCEDURES WITHOUT MCC,44,194823.09091,58186.386364,52777.977273
390042,"Washington Hospital, The",Washington,155 Wilson Avenue,42,15301,PA,1.0,"Metropolitan area core: primary flow within an urbanized area of 50,000 and greater",266,ENDOVASCULAR CARDIAC VALVE REPLACEMENT AND SUPPLEMENT PROCEDURES WITH MCC,12,151294.33333,46925.416667,44399.583333
390044,Reading Hospital,West Reading,420 S 5th Avenue,42,19611,PA,1.0,"Metropolitan area core: primary flow within an urbanized area of 50,000 and greater",267,ENDOVASCULAR CARDIAC VALVE REPLACEMENT AND SUPPLEMENT PROCEDURES WITHOUT MCC,45,162710.55556,41491.533333,39850.022222
390045,Upmc Williamsport,Williamsport,700 High Street,42,17701,PA,1.0,"Metropolitan area core: primary flow within an urbanized area of 50,000 and greater",267,ENDOVASCULAR CARDIAC VALVE REPLACEMENT AND SUPPLEMENT PROCEDURES WITHOUT MCC,11,187603.18182,37724.818182,36246.545455
390046,Wellspan York Hospital,York,1001 South George Street,42,17403,PA,1.0,"Metropolitan area core: primary flow within an urbanized area of 50,000 and greater",266,ENDOVASCULAR CARDIAC VALVE REPLACEMENT AND SUPPLEMENT PROCEDURES WITH MCC,43,159140.23256,54614.0,53184.44186
390046,Wellspan York Hospital,York,1001 South George Street,42,17403,PA,1.0,"Metropolitan area core: primary flow within an urbanized area of 50,000 and greater",267,ENDOVASCULAR CARDIAC VALVE REPLACEMENT AND SUPPLEMENT PROCEDURES WITHOUT MCC,71,127461.05634,47767.507042,38165.521127
390049,St Luke's Hospital Bethlehem,Bethlehem,801 Ostrum Street,42,18015,PA,1.0,"Metropolitan area core: primary flow within an urbanized area of 50,000 and greater",266,ENDOVASCULAR CARDIAC VALVE REPLACEMENT AND SUPPLEMENT PROCEDURES WITH MCC,93,487232.2043,58731.849462,55576.935484
390049,St Luke's Hospital Bethlehem,Bethlehem,801 Ostrum Street,42,18015,PA,1.0,"Metropolitan area core: primary flow within an urbanized area of 50,000 and greater",267,ENDOVASCULAR CARDIAC VALVE REPLACEMENT AND SUPPLEMENT PROCEDURES WITHOUT MCC,135,428146.62222,46393.674074,44320.42963
390050,Allegheny General Hospital,Pittsburgh,320 East North Avenue,42,15212,PA,1.0,"Metropolitan area core: primary flow within an urbanized area of 50,000 and greater",266,ENDOVASCULAR CARDIAC VALVE REPLACEMENT AND SUPPLEMENT PROCEDURES WITH MCC,69,188114.0,57780.637681,52802.304348
390050,Allegheny General Hospital,Pittsburgh,320 East North Avenue,42,15212,PA,1.0,"Metropolitan area core: primary flow within an urbanized area of 50,000 and greater",267,ENDOVASCULAR CARDIAC VALVE REPLACEMENT AND SUPPLEMENT PROCEDURES WITHOUT MCC,58,168934.68966,47830.758621,39705.189655
390063,Upmc Hamot,Erie,201 State Street,42,16550,PA,1.0,"Metropolitan area core: primary flow within an urbanized area of 50,000 and greater",266,ENDOVASCULAR CARDIAC VALVE REPLACEMENT AND SUPPLEMENT PROCEDURES WITH MCC,31,196363.12903,45679.064516,44652.032258
390063,Upmc Hamot,Erie,201 State Street,42,16550,PA,1.0,"Metropolitan area core: primary flow within an urbanized area of 50,000 and greater",267,ENDOVASCULAR CARDIAC VALVE REPLACEMENT AND SUPPLEMENT PROCEDURES WITHOUT MCC,30,187257.76667,36261.633333,34874.9
390067,Upmc Pinnacle Hospitals,Harrisburg,409 South Second Street,42,17105,PA,1.0,"Metropolitan area core: primary flow within an urbanized area of 50,000 and greater",266,ENDOVASCULAR CARDIAC VALVE REPLACEMENT AND SUPPLEMENT PROCEDURES WITH MCC,149,136349.53691,51625.966443,47137.362416
390067,Upmc Pinnacle Hospitals,Harrisburg,409 South Second Street,42,17105,PA,1.0,"Metropolitan area core: primary flow within an urbanized area of 50,000 and greater",267,ENDOVASCULAR CARDIAC VALVE REPLACEMENT AND SUPPLEMENT PROCEDURES WITHOUT MCC,87,133914.82759,41234.183908,38776.37931
390073,Upmc Altoona,Altoona,620 Howard Avenue,42,16601,PA,1.0,"Metropolitan area core: primary flow within an urbanized area of 50,000 and greater",266,ENDOVASCULAR CARDIAC VALVE REPLACEMENT AND SUPPLEMENT PROCEDURES WITH MCC,15,143543.13333,51045.466667,50350.0
390079,Robert Packer Hospital,Sayre,One Guthrie Square,42,18840,PA,4.0,"Micropolitan area core: primary flow within an urban cluster of 10,000 to 49,999",267,ENDOVASCULAR CARDIAC VALVE REPLACEMENT AND SUPPLEMENT PROCEDURES WITHOUT MCC,58,144479.44828,39013.5,36379.293103
390096,Penn State Health St. Joseph,Reading,2500 Bernville Road,42,19605,PA,1.0,"Metropolitan area core: primary flow within an urbanized area of 50,000 and greater",267,ENDOVASCULAR CARDIAC VALVE REPLACEMENT AND SUPPLEMENT PROCEDURES WITHOUT MCC,26,213236.5,42217.384615,40734.615385
390100,Lancaster General Hospital,Lancaster,555 North Duke Street,42,17602,PA,1.0,"Metropolitan area core: primary flow within an urbanized area of 50,000 and greater",266,ENDOVASCULAR CARDIAC VALVE REPLACEMENT AND SUPPLEMENT PROCEDURES WITH MCC,31,173063.45161,51679.096774,49995.806452
390100,Lancaster General Hospital,Lancaster,555 North Duke Street,42,17602,PA,1.0,"Metropolitan area core: primary flow within an urbanized area of 50,000 and greater",267,ENDOVASCULAR CARDIAC VALVE REPLACEMENT AND SUPPLEMENT PROCEDURES WITHOUT MCC,42,135492.14286,40285.880952,38954.666667
390107,Upmc Passavant,Pittsburgh,9100 Babcock Boulevard,42,15237,PA,1.0,"Metropolitan area core: primary flow within an urbanized area of 50,000 and greater",266,ENDOVASCULAR CARDIAC VALVE REPLACEMENT AND SUPPLEMENT PROCEDURES WITH MCC,14,195387.0,42263.071429,40949.214286
390110,Conemaugh Memorial Medical Center,Johnstown,1086 Franklin Street,42,15905,PA,1.0,"Metropolitan area core: primary flow within an urbanized area of 50,000 and greater",267,ENDOVASCULAR CARDIAC VALVE REPLACEMENT AND SUPPLEMENT PROCEDURES WITHOUT MCC,11,196361.27273,38377.909091,36479.090909
390111,Hospital Of Univ Of Pennsylvania,Philadelphia,34th & Spruce Sts,42,19104,PA,1.0,"Metropolitan area core: primary flow within an urbanized area of 50,000 and greater",266,ENDOVASCULAR CARDIAC VALVE REPLACEMENT AND SUPPLEMENT PROCEDURES WITH MCC,34,509463.5,81978.382353,73851.588235
390111,Hospital Of Univ Of Pennsylvania,Philadelphia,34th & Spruce Sts,42,19104,PA,1.0,"Metropolitan area core: primary flow within an urbanized area of 50,000 and greater",267,ENDOVASCULAR CARDIAC VALVE REPLACEMENT AND SUPPLEMENT PROCEDURES WITHOUT MCC,119,357709.06723,58219.890756,54709.722689
390133,Lehigh Valley Hospital,Allentown,1200 South Cedar Crest Boulevard,42,18103,PA,1.0,"Metropolitan area core: primary flow within an urbanized area of 50,000 and greater",266,ENDOVASCULAR CARDIAC VALVE REPLACEMENT AND SUPPLEMENT PROCEDURES WITH MCC,57,501028.05263,57050.526316,55657.491228
390133,Lehigh Valley Hospital,Allentown,1200 South Cedar Crest Boulevard,42,18103,PA,1.0,"Metropolitan area core: primary flow within an urbanized area of 50,000 and greater",267,ENDOVASCULAR CARDIAC VALVE REPLACEMENT AND SUPPLEMENT PROCEDURES WITHOUT MCC,182,446263.58791,44654.994505,43047.32967
390142,Albert Einstein Medical Center,Philadelphia,5501 Old York Road,42,19141,PA,1.0,"Metropolitan area core: primary flow within an urbanized area of 50,000 and greater",266,ENDOVASCULAR CARDIAC VALVE REPLACEMENT AND SUPPLEMENT PROCEDURES WITH MCC,18,252985.05556,79314.777778,72389.166667
390142,Albert Einstein Medical Center,Philadelphia,5501 Old York Road,42,19141,PA,1.0,"Metropolitan area core: primary flow within an urbanized area of 50,000 and greater",267,ENDOVASCULAR CARDIAC VALVE REPLACEMENT AND SUPPLEMENT PROCEDURES WITHOUT MCC,25,175031.6,58715.0,53018.8
390164,Upmc Presbyterian Shadyside,Pittsburgh,200 Lothrop Street,42,15213,PA,1.0,"Metropolitan area core: primary flow within an urbanized area of 50,000 and greater",266,ENDOVASCULAR CARDIAC VALVE REPLACEMENT AND SUPPLEMENT PROCEDURES WITH MCC,53,301763.98113,58191.264151,51859.886792
390164,Upmc Presbyterian Shadyside,Pittsburgh,200 Lothrop Street,42,15213,PA,1.0,"Metropolitan area core: primary flow within an urbanized area of 50,000 and greater",267,ENDOVASCULAR CARDIAC VALVE REPLACEMENT AND SUPPLEMENT PROCEDURES WITHOUT MCC,38,264719.5,44562.315789,41786.526316
390168,Butler Memorial Hospital,Butler,One Hospital Way,42,16001,PA,4.0,"Micropolitan area core: primary flow within an urban cluster of 10,000 to 49,999",267,ENDOVASCULAR CARDIAC VALVE REPLACEMENT AND SUPPLEMENT PROCEDURES WITHOUT MCC,30,155296.26667,34432.533333,33195.866667
390174,Thomas Jefferson University Hospital,Philadelphia,111 South 11th Street,42,19107,PA,1.0,"Metropolitan area core: primary flow within an urbanized area of 50,000 and greater",266,ENDOVASCULAR CARDIAC VALVE REPLACEMENT AND SUPPLEMENT PROCEDURES WITH MCC,25,274888.88,76012.64,65095.0
390174,Thomas Jefferson University Hospital,Philadelphia,111 South 11th Street,42,19107,PA,1.0,"Metropolitan area core: primary flow within an urbanized area of 50,000 and greater",267,ENDOVASCULAR CARDIAC VALVE REPLACEMENT AND SUPPLEMENT PROCEDURES WITHOUT MCC,41,202165.31707,55749.853659,52903.97561
390179,Chester County Hospital,West Chester,701 East Marshall Street,42,19380,PA,1.0,"Metropolitan area core: primary flow within an urbanized area of 50,000 and greater",267,ENDOVASCULAR CARDIAC VALVE REPLACEMENT AND SUPPLEMENT PROCEDURES WITHOUT MCC,34,168979.17647,37785.205882,36475.823529
390195,Main Line Hospital Lankenau,Wynnewood,100 Lancaster Ave,42,19096,PA,1.0,"Metropolitan area core: primary flow within an urbanized area of 50,000 and greater",266,ENDOVASCULAR CARDIAC VALVE REPLACEMENT AND SUPPLEMENT PROCEDURES WITH MCC,122,193655.78689,57771.090164,54873.97541
390195,Main Line Hospital Lankenau,Wynnewood,100 Lancaster Ave,42,19096,PA,1.0,"Metropolitan area core: primary flow within an urbanized area of 50,000 and greater",267,ENDOVASCULAR CARDIAC VALVE REPLACEMENT AND SUPPLEMENT PROCEDURES WITHOUT MCC,75,144264.32,45707.733333,42825.746667
390203,Doylestown Hospital,Doylestown,595 West State St,42,18901,PA,1.0,"Metropolitan area core: primary flow within an urbanized area of 50,000 and greater",266,ENDOVASCULAR CARDIAC VALVE REPLACEMENT AND SUPPLEMENT PROCEDURES WITH MCC,20,221902.8,48763.4,44374.05
390203,Doylestown Hospital,Doylestown,595 West State St,42,18901,PA,1.0,"Metropolitan area core: primary flow within an urbanized area of 50,000 and greater",267,ENDOVASCULAR CARDIAC VALVE REPLACEMENT AND SUPPLEMENT PROCEDURES WITHOUT MCC,62,199355.16129,38028.612903,35782.33871
390223,Penn Presbyterian Medical Center,Philadelphia,51 North 39th Street,42,19104,PA,1.0,"Metropolitan area core: primary flow within an urbanized area of 50,000 and greater",266,ENDOVASCULAR CARDIAC VALVE REPLACEMENT AND SUPPLEMENT PROCEDURES WITH MCC,47,623041.55319,82769.12766,79980.510638
390223,Penn Presbyterian Medical Center,Philadelphia,51 North 39th Street,42,19104,PA,1.0,"Metropolitan area core: primary flow within an urbanized area of 50,000 and greater",267,ENDOVASCULAR CARDIAC VALVE REPLACEMENT AND SUPPLEMENT PROCEDURES WITHOUT MCC,96,385149.875,56373.583333,53899.875
390228,St Clair Hospital,Pittsburgh,1000 Bower Hill Road,42,15243,PA,1.0,"Metropolitan area core: primary flow within an urbanized area of 50,000 and greater",266,ENDOVASCULAR CARDIAC VALVE REPLACEMENT AND SUPPLEMENT PROCEDURES WITH MCC,21,169093.57143,41017.333333,39886.666667
390231,Abington Memorial Hospital,Abington,1200 Old York Road,42,19001,PA,1.0,"Metropolitan area core: primary flow within an urbanized area of 50,000 and greater",266,ENDOVASCULAR CARDIAC VALVE REPLACEMENT AND SUPPLEMENT PROCEDURES WITH MCC,23,209551.65217,54654.695652,53007.434783
390231,Abington Memorial Hospital,Abington,1200 Old York Road,42,19001,PA,1.0,"Metropolitan area core: primary flow within an urbanized area of 50,000 and greater",267,ENDOVASCULAR CARDIAC VALVE REPLACEMENT AND SUPPLEMENT PROCEDURES WITHOUT MCC,65,149935.41538,42841.876923,41020.815385
390237,Regional Hospital Of Scranton,Scranton,746 Jefferson Avenue,42,18501,PA,1.0,"Metropolitan area core: primary flow within an urbanized area of 50,000 and greater",266,ENDOVASCULAR CARDIAC VALVE REPLACEMENT AND SUPPLEMENT PROCEDURES WITH MCC,25,422509.16,50671.44,49378.04
390237,Regional Hospital Of Scranton,Scranton,746 Jefferson Avenue,42,18501,PA,1.0,"Metropolitan area core: primary flow within an urbanized area of 50,000 and greater",267,ENDOVASCULAR CARDIAC VALVE REPLACEMENT AND SUPPLEMENT PROCEDURES WITHOUT MCC,105,324209.49524,37465.190476,35638.466667
390256,Milton S Hershey Medical Center,Hershey,500 University Drive,42,17033,PA,1.0,"Metropolitan area core: primary flow within an urbanized area of 50,000 and greater",266,ENDOVASCULAR CARDIAC VALVE REPLACEMENT AND SUPPLEMENT PROCEDURES WITH MCC,15,444466.06667,91215.266667,86328.6
390256,Milton S Hershey Medical Center,Hershey,500 University Drive,42,17033,PA,1.0,"Metropolitan area core: primary flow within an urbanized area of 50,000 and greater",267,ENDOVASCULAR CARDIAC VALVE REPLACEMENT AND SUPPLEMENT PROCEDURES WITHOUT MCC,62,265013.27419,55799.290323,48542.951613
390258,St Mary Medical Center,Langhorne,Langhorne-Newtown Rd,42,19047,PA,1.0,"Metropolitan area core: primary flow within an urbanized area of 50,000 and greater",266,ENDOVASCULAR CARDIAC VALVE REPLACEMENT AND SUPPLEMENT PROCEDURES WITH MCC,16,273041.1875,53413.375,52068.1875
390258,St Mary Medical Center,Langhorne,Langhorne-Newtown Rd,42,19047,PA,1.0,"Metropolitan area core: primary flow within an urbanized area of 50,000 and greater",267,ENDOVASCULAR CARDIAC VALVE REPLACEMENT AND SUPPLEMENT PROCEDURES WITHOUT MCC,52,222011.73077,41719.615385,37102.442308
390270,Geisinger Wyoming Valley Medical Center,Wilkes Barre,1000 East Mountain Boulevard,42,18711,PA,1.0,"Metropolitan area core: primary flow within an urbanized area of 50,000 and greater",267,ENDOVASCULAR CARDIAC VALVE REPLACEMENT AND SUPPLEMENT PROCEDURES WITHOUT MCC,21,309656.66667,42209.809524,40888.47619
390329,Einstein Medical Center Montgomery,East Norriton,559 West Germantown Pike,42,19403,PA,1.0,"Metropolitan area core: primary flow within an urbanized area of 50,000 and greater",267,ENDOVASCULAR CARDIAC VALVE REPLACEMENT AND SUPPLEMENT PROCEDURES WITHOUT MCC,38,163727.18421,38528.894737,37924.684211
410007,Rhode Island Hospital,Providence,593 Eddy Street,44,2903,RI,1.0,"Metropolitan area core: primary flow within an urbanized area of 50,000 and greater",266,ENDOVASCULAR CARDIAC VALVE REPLACEMENT AND SUPPLEMENT PROCEDURES WITH MCC,32,191999.125,66031.53125,64196.3125
410007,Rhode Island Hospital,Providence,593 Eddy Street,44,2903,RI,1.0,"Metropolitan area core: primary flow within an urbanized area of 50,000 and greater",267,ENDOVASCULAR CARDIAC VALVE REPLACEMENT AND SUPPLEMENT PROCEDURES WITHOUT MCC,98,117034.13265,51057.72449,45910.081633
420004,Musc Medical Center,Charleston,169 Ashley Ave,45,29425,SC,1.0,"Metropolitan area core: primary flow within an urbanized area of 50,000 and greater",266,ENDOVASCULAR CARDIAC VALVE REPLACEMENT AND SUPPLEMENT PROCEDURES WITH MCC,37,237066.48649,70914.054054,59551.756757
420004,Musc Medical Center,Charleston,169 Ashley Ave,45,29425,SC,1.0,"Metropolitan area core: primary flow within an urbanized area of 50,000 and greater",267,ENDOVASCULAR CARDIAC VALVE REPLACEMENT AND SUPPLEMENT PROCEDURES WITHOUT MCC,118,172199.97458,49938.694915,42891.567797
420007,Spartanburg Medical Center,Spartanburg,101 E Wood St,45,29303,SC,1.0,"Metropolitan area core: primary flow within an urbanized area of 50,000 and greater",266,ENDOVASCULAR CARDIAC VALVE REPLACEMENT AND SUPPLEMENT PROCEDURES WITH MCC,18,257926.94444,59120.055556,57445.666667
420007,Spartanburg Medical Center,Spartanburg,101 E Wood St,45,29303,SC,1.0,"Metropolitan area core: primary flow within an urbanized area of 50,000 and greater",267,ENDOVASCULAR CARDIAC VALVE REPLACEMENT AND SUPPLEMENT PROCEDURES WITHOUT MCC,36,233119.77778,44481.0,42998.972222
420018,Prisma Health Richland Hospital,Columbia,5 Medical Park,45,29203,SC,1.0,"Metropolitan area core: primary flow within an urbanized area of 50,000 and greater",266,ENDOVASCULAR CARDIAC VALVE REPLACEMENT AND SUPPLEMENT PROCEDURES WITH MCC,81,154280.58025,50838.91358,48836.111111
420018,Prisma Health Richland Hospital,Columbia,5 Medical Park,45,29203,SC,1.0,"Metropolitan area core: primary flow within an urbanized area of 50,000 and greater",267,ENDOVASCULAR CARDIAC VALVE REPLACEMENT AND SUPPLEMENT PROCEDURES WITHOUT MCC,15,150440.93333,40353.2,38871.866667
420023,St Francis-Downtown,Greenville,One St Francis Dr,45,29601,SC,1.0,"Metropolitan area core: primary flow within an urbanized area of 50,000 and greater",266,ENDOVASCULAR CARDIAC VALVE REPLACEMENT AND SUPPLEMENT PROCEDURES WITH MCC,15,422605.6,48457.8,47302.733333
420023,St Francis-Downtown,Greenville,One St Francis Dr,45,29601,SC,1.0,"Metropolitan area core: primary flow within an urbanized area of 50,000 and greater",267,ENDOVASCULAR CARDIAC VALVE REPLACEMENT AND SUPPLEMENT PROCEDURES WITHOUT MCC,37,394378.02703,37648.027027,36293.594595
420026,Musc Health Columbia Medical Center Downtown,Columbia,2435 Forest Drive,45,29204,SC,1.0,"Metropolitan area core: primary flow within an urbanized area of 50,000 and greater",266,ENDOVASCULAR CARDIAC VALVE REPLACEMENT AND SUPPLEMENT PROCEDURES WITH MCC,33,204886.84848,41187.363636,40000.0
420026,Musc Health Columbia Medical Center Downtown,Columbia,2435 Forest Drive,45,29204,SC,1.0,"Metropolitan area core: primary flow within an urbanized area of 50,000 and greater",267,ENDOVASCULAR CARDIAC VALVE REPLACEMENT AND SUPPLEMENT PROCEDURES WITHOUT MCC,22,191043.36364,32318.818182,31002.363636
420027,Anmed Health,Anderson,800 N Fant St,45,29621,SC,1.0,"Metropolitan area core: primary flow within an urbanized area of 50,000 and greater",267,ENDOVASCULAR CARDIAC VALVE REPLACEMENT AND SUPPLEMENT PROCEDURES WITHOUT MCC,25,288017.36,42110.16,32518.24
420051,Mcleod Regional Medical Center-Pee Dee,Florence,555 E Cheves St Box 8700,45,29506,SC,1.0,"Metropolitan area core: primary flow within an urbanized area of 50,000 and greater",266,ENDOVASCULAR CARDIAC VALVE REPLACEMENT AND SUPPLEMENT PROCEDURES WITH MCC,43,187180.18605,44976.116279,43670.976744
420071,Self Regional Healthcare,Greenwood,1325 Spring Street,45,29646,SC,4.0,"Micropolitan area core: primary flow within an urban cluster of 10,000 to 49,999",267,ENDOVASCULAR CARDIAC VALVE REPLACEMENT AND SUPPLEMENT PROCEDURES WITHOUT MCC,21,218640.85714,52620.380952,51264.714286
420073,Lexington Medical Center,West Columbia,2720 Sunset Blvd,45,29169,SC,1.0,"Metropolitan area core: primary flow within an urbanized area of 50,000 and greater",266,ENDOVASCULAR CARDIAC VALVE REPLACEMENT AND SUPPLEMENT PROCEDURES WITH MCC,86,188317.2093,44650.034884,41549.581395
420073,Lexington Medical Center,West Columbia,2720 Sunset Blvd,45,29169,SC,1.0,"Metropolitan area core: primary flow within an urbanized area of 50,000 and greater",267,ENDOVASCULAR CARDIAC VALVE REPLACEMENT AND SUPPLEMENT PROCEDURES WITHOUT MCC,45,168490.42222,34514.777778,33167.844444
420078,Prisma Health Greenville Memorial Hospital,Greenville,701 Grove Road,45,29605,SC,1.0,"Metropolitan area core: primary flow within an urbanized area of 50,000 and greater",266,ENDOVASCULAR CARDIAC VALVE REPLACEMENT AND SUPPLEMENT PROCEDURES WITH MCC,17,182180.0,53305.176471,50809.882353
420078,Prisma Health Greenville Memorial Hospital,Greenville,701 Grove Road,45,29605,SC,1.0,"Metropolitan area core: primary flow within an urbanized area of 50,000 and greater",267,ENDOVASCULAR CARDIAC VALVE REPLACEMENT AND SUPPLEMENT PROCEDURES WITHOUT MCC,73,129839.93151,42343.547945,38948.205479
420079,Trident Medical Center,Charleston,9330 Medical Plaza Dr,45,29406,SC,1.0,"Metropolitan area core: primary flow within an urbanized area of 50,000 and greater",266,ENDOVASCULAR CARDIAC VALVE REPLACEMENT AND SUPPLEMENT PROCEDURES WITH MCC,30,421073.66667,44849.7,43860.366667
420085,Grand Strand Regional Medical Center,Myrtle Beach,809 82nd Parkway,45,29572,SC,1.0,"Metropolitan area core: primary flow within an urbanized area of 50,000 and greater",266,ENDOVASCULAR CARDIAC VALVE REPLACEMENT AND SUPPLEMENT PROCEDURES WITH MCC,57,325095.17544,50666.842105,47147.929825
420085,Grand Strand Regional Medical Center,Myrtle Beach,809 82nd Parkway,45,29572,SC,1.0,"Metropolitan area core: primary flow within an urbanized area of 50,000 and greater",267,ENDOVASCULAR CARDIAC VALVE REPLACEMENT AND SUPPLEMENT PROCEDURES WITHOUT MCC,40,318906.975,39471.9,38247.6
420087,Roper Hospital,Charleston,316 Calhoun St,45,29401,SC,1.0,"Metropolitan area core: primary flow within an urbanized area of 50,000 and greater",266,ENDOVASCULAR CARDIAC VALVE REPLACEMENT AND SUPPLEMENT PROCEDURES WITH MCC,49,178321.5102,43314.979592,42369.857143
420087,Roper Hospital,Charleston,316 Calhoun St,45,29401,SC,1.0,"Metropolitan area core: primary flow within an urbanized area of 50,000 and greater",267,ENDOVASCULAR CARDIAC VALVE REPLACEMENT AND SUPPLEMENT PROCEDURES WITHOUT MCC,54,155230.72222,33824.148148,32805.481481
430027,Sanford Usd Medical Center,Sioux Falls,1305 W 18th St  Post Office Box 5039,46,57117,SD,99.0,Unknown,266,ENDOVASCULAR CARDIAC VALVE REPLACEMENT AND SUPPLEMENT PROCEDURES WITH MCC,11,202283.72727,50869.0,49510.909091
430027,Sanford Usd Medical Center,Sioux Falls,1305 W 18th St  Post Office Box 5039,46,57117,SD,99.0,Unknown,267,ENDOVASCULAR CARDIAC VALVE REPLACEMENT AND SUPPLEMENT PROCEDURES WITHOUT MCC,83,147234.25301,40602.0,38004.915663
430077,Monument Health Rapid City Hospital,Rapid City,353 Fairmont Blvd  Post Office Box 6000,46,57701,SD,1.0,"Metropolitan area core: primary flow within an urbanized area of 50,000 and greater",266,ENDOVASCULAR CARDIAC VALVE REPLACEMENT AND SUPPLEMENT PROCEDURES WITH MCC,23,227653.0,62522.608696,61325.0
430077,Monument Health Rapid City Hospital,Rapid City,353 Fairmont Blvd  Post Office Box 6000,46,57701,SD,1.0,"Metropolitan area core: primary flow within an urbanized area of 50,000 and greater",267,ENDOVASCULAR CARDIAC VALVE REPLACEMENT AND SUPPLEMENT PROCEDURES WITHOUT MCC,52,187033.73077,53101.519231,45703.769231
430095,Avera Heart Hospital Of South Dakota,Sioux Falls,4500 W 69th St,46,57108,SD,1.0,"Metropolitan area core: primary flow within an urbanized area of 50,000 and greater",266,ENDOVASCULAR CARDIAC VALVE REPLACEMENT AND SUPPLEMENT PROCEDURES WITH MCC,78,176364.24359,46099.038462,44843.346154
430095,Avera Heart Hospital Of South Dakota,Sioux Falls,4500 W 69th St,46,57108,SD,1.0,"Metropolitan area core: primary flow within an urbanized area of 50,000 and greater",267,ENDOVASCULAR CARDIAC VALVE REPLACEMENT AND SUPPLEMENT PROCEDURES WITHOUT MCC,59,165875.42373,36563.135593,35255.20339
440002,Jackson-Madison County General Hospital,Jackson,620 Skyline Drive,47,38301,TN,1.0,"Metropolitan area core: primary flow within an urbanized area of 50,000 and greater",267,ENDOVASCULAR CARDIAC VALVE REPLACEMENT AND SUPPLEMENT PROCEDURES WITHOUT MCC,57,107903.92982,37648.789474,36681.210526
440015,University Of Tn Medical Center (The),Knoxville,1924 Alcoa Highway,47,37920,TN,1.0,"Metropolitan area core: primary flow within an urbanized area of 50,000 and greater",266,ENDOVASCULAR CARDIAC VALVE REPLACEMENT AND SUPPLEMENT PROCEDURES WITH MCC,17,240100.52941,51812.941176,47785.882353
440015,University Of Tn Medical Center (The),Knoxville,1924 Alcoa Highway,47,37920,TN,1.0,"Metropolitan area core: primary flow within an urbanized area of 50,000 and greater",267,ENDOVASCULAR CARDIAC VALVE REPLACEMENT AND SUPPLEMENT PROCEDURES WITHOUT MCC,42,204560.59524,40087.214286,34358.261905
440017,Holston Valley Medical Center,Kingsport,130 West Ravine Road,47,37662,TN,1.0,"Metropolitan area core: primary flow within an urbanized area of 50,000 and greater",266,ENDOVASCULAR CARDIAC VALVE REPLACEMENT AND SUPPLEMENT PROCEDURES WITH MCC,17,191272.58824,43866.411765,42429.352941
440017,Holston Valley Medical Center,Kingsport,130 West Ravine Road,47,37662,TN,1.0,"Metropolitan area core: primary flow within an urbanized area of 50,000 and greater",267,ENDOVASCULAR CARDIAC VALVE REPLACEMENT AND SUPPLEMENT PROCEDURES WITHOUT MCC,21,187011.61905,34987.952381,33551.0
440039,Vanderbilt University Medical Center,Nashville,1211 Medical Center Drive,47,37232,TN,1.0,"Metropolitan area core: primary flow within an urbanized area of 50,000 and greater",266,ENDOVASCULAR CARDIAC VALVE REPLACEMENT AND SUPPLEMENT PROCEDURES WITH MCC,56,178506.07143,59443.142857,54562.75
440039,Vanderbilt University Medical Center,Nashville,1211 Medical Center Drive,47,37232,TN,1.0,"Metropolitan area core: primary flow within an urbanized area of 50,000 and greater",267,ENDOVASCULAR CARDIAC VALVE REPLACEMENT AND SUPPLEMENT PROCEDURES WITHOUT MCC,110,139897.1,47778.790909,41319.972727
440048,Baptist Memorial Hospital,Memphis,6019 Walnut Grove Road,47,38120,TN,1.0,"Metropolitan area core: primary flow within an urbanized area of 50,000 and greater",266,ENDOVASCULAR CARDIAC VALVE REPLACEMENT AND SUPPLEMENT PROCEDURES WITH MCC,43,207163.60465,47802.627907,45968.72093
440048,Baptist Memorial Hospital,Memphis,6019 Walnut Grove Road,47,38120,TN,1.0,"Metropolitan area core: primary flow within an urbanized area of 50,000 and greater",267,ENDOVASCULAR CARDIAC VALVE REPLACEMENT AND SUPPLEMENT PROCEDURES WITHOUT MCC,122,134862.42623,35902.893443,33316.278689
440049,Methodist Hospitals Of Memphis,Memphis,1265 Union Ave Suite 700,47,38104,TN,1.0,"Metropolitan area core: primary flow within an urbanized area of 50,000 and greater",266,ENDOVASCULAR CARDIAC VALVE REPLACEMENT AND SUPPLEMENT PROCEDURES WITH MCC,38,195859.15789,50692.710526,45142.5
440049,Methodist Hospitals Of Memphis,Memphis,1265 Union Ave Suite 700,47,38104,TN,1.0,"Metropolitan area core: primary flow within an urbanized area of 50,000 and greater",267,ENDOVASCULAR CARDIAC VALVE REPLACEMENT AND SUPPLEMENT PROCEDURES WITHOUT MCC,39,181315.84615,40173.051282,36621.307692
440059,Cookeville Regional Medical Center,Cookeville,1 Medical Center Boulevard,47,38501,TN,4.0,"Micropolitan area core: primary flow within an urban cluster of 10,000 to 49,999",266,ENDOVASCULAR CARDIAC VALVE REPLACEMENT AND SUPPLEMENT PROCEDURES WITH MCC,13,116362.15385,47952.769231,40186.692308
440059,Cookeville Regional Medical Center,Cookeville,1 Medical Center Boulevard,47,38501,TN,4.0,"Micropolitan area core: primary flow within an urban cluster of 10,000 to 49,999",267,ENDOVASCULAR CARDIAC VALVE REPLACEMENT AND SUPPLEMENT PROCEDURES WITHOUT MCC,33,97043.393939,34598.757576,33133.30303
440063,Johnson City Medical Center,Johnson City,400 N State Of Franklin Rd,47,37604,TN,1.0,"Metropolitan area core: primary flow within an urbanized area of 50,000 and greater",267,ENDOVASCULAR CARDIAC VALVE REPLACEMENT AND SUPPLEMENT PROCEDURES WITHOUT MCC,19,393044.05263,42349.736842,31527.052632
440082,Saint Thomas West Hospital,Nashville,"4220 Harding Rd, Po Box 380",47,37205,TN,1.0,"Metropolitan area core: primary flow within an urbanized area of 50,000 and greater",266,ENDOVASCULAR CARDIAC VALVE REPLACEMENT AND SUPPLEMENT PROCEDURES WITH MCC,69,342586.72464,51783.463768,46485.971014
440082,Saint Thomas West Hospital,Nashville,"4220 Harding Rd, Po Box 380",47,37205,TN,1.0,"Metropolitan area core: primary flow within an urbanized area of 50,000 and greater",267,ENDOVASCULAR CARDIAC VALVE REPLACEMENT AND SUPPLEMENT PROCEDURES WITHOUT MCC,156,269167.64103,36861.833333,34640.589744
440091,"Memorial Healthcare System, Inc",Chattanooga,2525 Desales Ave,47,37404,TN,1.0,"Metropolitan area core: primary flow within an urbanized area of 50,000 and greater",266,ENDOVASCULAR CARDIAC VALVE REPLACEMENT AND SUPPLEMENT PROCEDURES WITH MCC,73,141032.60274,42572.191781,39486.410959
440104,Erlanger Medical Center,Chattanooga,975 E 3rd St,47,37403,TN,1.0,"Metropolitan area core: primary flow within an urbanized area of 50,000 and greater",266,ENDOVASCULAR CARDIAC VALVE REPLACEMENT AND SUPPLEMENT PROCEDURES WITH MCC,11,135856.27273,49783.636364,48029.545455
440104,Erlanger Medical Center,Chattanooga,975 E 3rd St,47,37403,TN,1.0,"Metropolitan area core: primary flow within an urbanized area of 50,000 and greater",267,ENDOVASCULAR CARDIAC VALVE REPLACEMENT AND SUPPLEMENT PROCEDURES WITHOUT MCC,35,99394.571429,39184.771429,37958.857143
440120,Tennova Healthcare North Knoxville Medical Center,Powell,7565 Dannaher Way Powell,47,37849,TN,1.0,"Metropolitan area core: primary flow within an urbanized area of 50,000 and greater",266,ENDOVASCULAR CARDIAC VALVE REPLACEMENT AND SUPPLEMENT PROCEDURES WITH MCC,15,407268.66667,42837.866667,41540.2
440120,Tennova Healthcare North Knoxville Medical Center,Powell,7565 Dannaher Way Powell,47,37849,TN,1.0,"Metropolitan area core: primary flow within an urbanized area of 50,000 and greater",267,ENDOVASCULAR CARDIAC VALVE REPLACEMENT AND SUPPLEMENT PROCEDURES WITHOUT MCC,27,372719.14815,35715.185185,31610.111111
440161,Tristar Centennial Medical Center,Nashville,2300 Patterson Street,47,37203,TN,1.0,"Metropolitan area core: primary flow within an urbanized area of 50,000 and greater",266,ENDOVASCULAR CARDIAC VALVE REPLACEMENT AND SUPPLEMENT PROCEDURES WITH MCC,71,267256.4507,48585.056338,41601.225352
440161,Tristar Centennial Medical Center,Nashville,2300 Patterson Street,47,37203,TN,1.0,"Metropolitan area core: primary flow within an urbanized area of 50,000 and greater",267,ENDOVASCULAR CARDIAC VALVE REPLACEMENT AND SUPPLEMENT PROCEDURES WITHOUT MCC,38,215259.52632,40604.236842,32248.0
440173,Parkwest Medical Center,Knoxville,9352 Park West Blvd,47,37923,TN,1.0,"Metropolitan area core: primary flow within an urbanized area of 50,000 and greater",266,ENDOVASCULAR CARDIAC VALVE REPLACEMENT AND SUPPLEMENT PROCEDURES WITH MCC,95,242617.41053,44708.494737,39589.157895
440173,Parkwest Medical Center,Knoxville,9352 Park West Blvd,47,37923,TN,1.0,"Metropolitan area core: primary flow within an urbanized area of 50,000 and greater",267,ENDOVASCULAR CARDIAC VALVE REPLACEMENT AND SUPPLEMENT PROCEDURES WITHOUT MCC,31,230436.09677,36917.580645,33198.064516
440183,St Francis Hospital,Memphis,5959 Park Ave,47,38119,TN,1.0,"Metropolitan area core: primary flow within an urbanized area of 50,000 and greater",267,ENDOVASCULAR CARDIAC VALVE REPLACEMENT AND SUPPLEMENT PROCEDURES WITHOUT MCC,14,364192.42857,36110.571429,35110.857143
450018,University Of Texas Medical Branch,Galveston,301 University Boulevard,48,77555,TX,4.0,"Micropolitan area core: primary flow within an urban cluster of 10,000 to 49,999",267,ENDOVASCULAR CARDIAC VALVE REPLACEMENT AND SUPPLEMENT PROCEDURES WITHOUT MCC,14,197353.85714,52359.357143,49392.357143
450040,Covenant Medical Center,Lubbock,3615 19th Street,48,79410,TX,1.0,"Metropolitan area core: primary flow within an urbanized area of 50,000 and greater",267,ENDOVASCULAR CARDIAC VALVE REPLACEMENT AND SUPPLEMENT PROCEDURES WITHOUT MCC,13,302663.84615,34233.538462,32770.461538
450042,Providence Health Center,Waco,6901 Medical Parkway,48,76712,TX,1.0,"Metropolitan area core: primary flow within an urbanized area of 50,000 and greater",267,ENDOVASCULAR CARDIAC VALVE REPLACEMENT AND SUPPLEMENT PROCEDURES WITHOUT MCC,18,269184.44444,39366.555556,38117.944444
450044,Ut Southwestern University Hospital,Dallas,6201 Harry Hines Blvd,48,75390,TX,1.0,"Metropolitan area core: primary flow within an urbanized area of 50,000 and greater",266,ENDOVASCULAR CARDIAC VALVE REPLACEMENT AND SUPPLEMENT PROCEDURES WITH MCC,57,192964.54386,61953.912281,51546.982456
450044,Ut Southwestern University Hospital,Dallas,6201 Harry Hines Blvd,48,75390,TX,1.0,"Metropolitan area core: primary flow within an urbanized area of 50,000 and greater",267,ENDOVASCULAR CARDIAC VALVE REPLACEMENT AND SUPPLEMENT PROCEDURES WITHOUT MCC,30,184222.93333,53270.133333,40914.466667
450046,Christus Spohn Hospital Corpus Christi,Corpus Christi,600 Elizabeth Street,48,78404,TX,1.0,"Metropolitan area core: primary flow within an urbanized area of 50,000 and greater",267,ENDOVASCULAR CARDIAC VALVE REPLACEMENT AND SUPPLEMENT PROCEDURES WITHOUT MCC,17,265439.23529,46616.882353,35272.176471
450054,Baylor Scott & White Medical  Center - Temple,Temple,2401 S  31st St,48,76508,TX,1.0,"Metropolitan area core: primary flow within an urbanized area of 50,000 and greater",266,ENDOVASCULAR CARDIAC VALVE REPLACEMENT AND SUPPLEMENT PROCEDURES WITH MCC,40,183223.85,54724.525,52895.2
450054,Baylor Scott & White Medical  Center - Temple,Temple,2401 S  31st St,48,76508,TX,1.0,"Metropolitan area core: primary flow within an urbanized area of 50,000 and greater",267,ENDOVASCULAR CARDIAC VALVE REPLACEMENT AND SUPPLEMENT PROCEDURES WITHOUT MCC,36,165372.11111,43309.694444,42147.055556
450056,Ascension Seton Medical Center Austin,Austin,1201 W 38th St,48,78705,TX,1.0,"Metropolitan area core: primary flow within an urbanized area of 50,000 and greater",266,ENDOVASCULAR CARDIAC VALVE REPLACEMENT AND SUPPLEMENT PROCEDURES WITH MCC,11,409613.81818,51912.909091,50617.0
450056,Ascension Seton Medical Center Austin,Austin,1201 W 38th St,48,78705,TX,1.0,"Metropolitan area core: primary flow within an urbanized area of 50,000 and greater",267,ENDOVASCULAR CARDIAC VALVE REPLACEMENT AND SUPPLEMENT PROCEDURES WITHOUT MCC,61,266549.60656,39342.786885,38083.245902
450058,Baptist Medical Center,San Antonio,111 Dallas Street,48,78205,TX,1.0,"Metropolitan area core: primary flow within an urbanized area of 50,000 and greater",266,ENDOVASCULAR CARDIAC VALVE REPLACEMENT AND SUPPLEMENT PROCEDURES WITH MCC,17,451555.41176,45494.294118,44333.764706
450058,Baptist Medical Center,San Antonio,111 Dallas Street,48,78205,TX,1.0,"Metropolitan area core: primary flow within an urbanized area of 50,000 and greater",267,ENDOVASCULAR CARDIAC VALVE REPLACEMENT AND SUPPLEMENT PROCEDURES WITHOUT MCC,56,403551.69643,38402.089286,34576.5
450068,Memorial Hermann Texas Medical Center,Houston,6411 Fannin,48,77030,TX,1.0,"Metropolitan area core: primary flow within an urbanized area of 50,000 and greater",266,ENDOVASCULAR CARDIAC VALVE REPLACEMENT AND SUPPLEMENT PROCEDURES WITH MCC,57,300174.75439,69465.859649,62175.666667
450068,Memorial Hermann Texas Medical Center,Houston,6411 Fannin,48,77030,TX,1.0,"Metropolitan area core: primary flow within an urbanized area of 50,000 and greater",267,ENDOVASCULAR CARDIAC VALVE REPLACEMENT AND SUPPLEMENT PROCEDURES WITHOUT MCC,92,180011.08696,53839.48913,43501.98913
450083,Ut Health East Texas Tyler Regional Hospital,Tyler,1000 South Beckham Ave,48,75701,TX,1.0,"Metropolitan area core: primary flow within an urbanized area of 50,000 and greater",267,ENDOVASCULAR CARDIAC VALVE REPLACEMENT AND SUPPLEMENT PROCEDURES WITHOUT MCC,30,213946.0,35251.533333,33066.966667
450102,Christus Mother Frances Hospital,Tyler,800 East Dawson,48,75701,TX,1.0,"Metropolitan area core: primary flow within an urbanized area of 50,000 and greater",267,ENDOVASCULAR CARDIAC VALVE REPLACEMENT AND SUPPLEMENT PROCEDURES WITHOUT MCC,54,302232.07407,34915.611111,33558.0
450119,South Texas Health System Behavioral,Edinburg,1102 W Trenton Road,48,78539,TX,1.0,"Metropolitan area core: primary flow within an urbanized area of 50,000 and greater",266,ENDOVASCULAR CARDIAC VALVE REPLACEMENT AND SUPPLEMENT PROCEDURES WITH MCC,15,316305.2,49375.4,48682.866667
450135,Texas Health Harris Methodist Fort Worth,Fort Worth,1301 Pennsylvania Avenue,48,76104,TX,1.0,"Metropolitan area core: primary flow within an urbanized area of 50,000 and greater",266,ENDOVASCULAR CARDIAC VALVE REPLACEMENT AND SUPPLEMENT PROCEDURES WITH MCC,29,210623.82759,47931.413793,46715.724138
450135,Texas Health Harris Methodist Fort Worth,Fort Worth,1301 Pennsylvania Avenue,48,76104,TX,1.0,"Metropolitan area core: primary flow within an urbanized area of 50,000 and greater",267,ENDOVASCULAR CARDIAC VALVE REPLACEMENT AND SUPPLEMENT PROCEDURES WITHOUT MCC,69,136414.50725,37424.42029,36738.478261
450137,Baylor Scott And White All Saints Medical Center,Fort Worth,1400 Eighth Ave,48,76104,TX,1.0,"Metropolitan area core: primary flow within an urbanized area of 50,000 and greater",266,ENDOVASCULAR CARDIAC VALVE REPLACEMENT AND SUPPLEMENT PROCEDURES WITH MCC,20,215804.7,50978.65,49256.4
450137,Baylor Scott And White All Saints Medical Center,Fort Worth,1400 Eighth Ave,48,76104,TX,1.0,"Metropolitan area core: primary flow within an urbanized area of 50,000 and greater",267,ENDOVASCULAR CARDIAC VALVE REPLACEMENT AND SUPPLEMENT PROCEDURES WITHOUT MCC,36,174591.97222,38917.583333,37806.027778
450184,Memorial Hermann Hospital System,Houston,1635  North Loop West,48,77008,TX,1.0,"Metropolitan area core: primary flow within an urbanized area of 50,000 and greater",266,ENDOVASCULAR CARDIAC VALVE REPLACEMENT AND SUPPLEMENT PROCEDURES WITH MCC,27,222156.88889,54518.962963,53303.259259
450184,Memorial Hermann Hospital System,Houston,1635  North Loop West,48,77008,TX,1.0,"Metropolitan area core: primary flow within an urbanized area of 50,000 and greater",267,ENDOVASCULAR CARDIAC VALVE REPLACEMENT AND SUPPLEMENT PROCEDURES WITHOUT MCC,24,159442.91667,44689.041667,34995.083333
450193,Chi St Luke's Health Baylor College Of Medicine Me,Houston,"6720 Bertner Ave, Ste Mc1-266",48,77030,TX,1.0,"Metropolitan area core: primary flow within an urbanized area of 50,000 and greater",266,ENDOVASCULAR CARDIAC VALVE REPLACEMENT AND SUPPLEMENT PROCEDURES WITH MCC,55,325209.87273,76656.8,61362.945455
450193,Chi St Luke's Health Baylor College Of Medicine Me,Houston,"6720 Bertner Ave, Ste Mc1-266",48,77030,TX,1.0,"Metropolitan area core: primary flow within an urbanized area of 50,000 and greater",267,ENDOVASCULAR CARDIAC VALVE REPLACEMENT AND SUPPLEMENT PROCEDURES WITHOUT MCC,64,249653.42188,48835.71875,43730.03125
450213,University Health System,San Antonio,4502 Medical Dr,48,78229,TX,1.0,"Metropolitan area core: primary flow within an urbanized area of 50,000 and greater",267,ENDOVASCULAR CARDIAC VALVE REPLACEMENT AND SUPPLEMENT PROCEDURES WITHOUT MCC,19,120905.68421,59500.157895,57589.789474
450229,Hendrick Medical Center,Abilene,1900 Pine,48,79601,TX,1.0,"Metropolitan area core: primary flow within an urbanized area of 50,000 and greater",266,ENDOVASCULAR CARDIAC VALVE REPLACEMENT AND SUPPLEMENT PROCEDURES WITH MCC,50,394194.0,51448.52,50418.14
450231,Baptist St Anthony's Hospital,Amarillo,1600 Wallace Blvd,48,79106,TX,1.0,"Metropolitan area core: primary flow within an urbanized area of 50,000 and greater",266,ENDOVASCULAR CARDIAC VALVE REPLACEMENT AND SUPPLEMENT PROCEDURES WITH MCC,13,200979.76923,42939.0,41536.538462
450231,Baptist St Anthony's Hospital,Amarillo,1600 Wallace Blvd,48,79106,TX,1.0,"Metropolitan area core: primary flow within an urbanized area of 50,000 and greater",267,ENDOVASCULAR CARDIAC VALVE REPLACEMENT AND SUPPLEMENT PROCEDURES WITHOUT MCC,49,188737.14286,36125.632653,30743.530612
450346,Baptist Beaumont Hospital,Beaumont,3080 College Street,48,77701,TX,1.0,"Metropolitan area core: primary flow within an urbanized area of 50,000 and greater",267,ENDOVASCULAR CARDIAC VALVE REPLACEMENT AND SUPPLEMENT PROCEDURES WITHOUT MCC,18,252103.11111,38095.166667,36993.777778
450358,Houston Methodist Hospital,Houston,6565 Fannin,48,77030,TX,1.0,"Metropolitan area core: primary flow within an urbanized area of 50,000 and greater",266,ENDOVASCULAR CARDIAC VALVE REPLACEMENT AND SUPPLEMENT PROCEDURES WITH MCC,82,366771.58537,61247.487805,55407.95122
450358,Houston Methodist Hospital,Houston,6565 Fannin,48,77030,TX,1.0,"Metropolitan area core: primary flow within an urbanized area of 50,000 and greater",267,ENDOVASCULAR CARDIAC VALVE REPLACEMENT AND SUPPLEMENT PROCEDURES WITHOUT MCC,114,273671.47368,44160.877193,39465.403509
450388,Methodist Hospital,San Antonio,7700 Floyd Curl Dr,48,78229,TX,1.0,"Metropolitan area core: primary flow within an urbanized area of 50,000 and greater",266,ENDOVASCULAR CARDIAC VALVE REPLACEMENT AND SUPPLEMENT PROCEDURES WITH MCC,103,585808.32039,52134.970874,50410.669903
450388,Methodist Hospital,San Antonio,7700 Floyd Curl Dr,48,78229,TX,1.0,"Metropolitan area core: primary flow within an urbanized area of 50,000 and greater",267,ENDOVASCULAR CARDIAC VALVE REPLACEMENT AND SUPPLEMENT PROCEDURES WITHOUT MCC,93,570813.87097,46881.043011,42274.333333
450431,St David's Medical Center,Austin,919 E 32nd St,48,78705,TX,1.0,"Metropolitan area core: primary flow within an urbanized area of 50,000 and greater",266,ENDOVASCULAR CARDIAC VALVE REPLACEMENT AND SUPPLEMENT PROCEDURES WITH MCC,214,308935.31308,47145.742991,45566.088785
450462,Texas Health Presbyterian Hospital  Dallas,Dallas,8200 Walnut Hill Lane,48,75231,TX,1.0,"Metropolitan area core: primary flow within an urbanized area of 50,000 and greater",266,ENDOVASCULAR CARDIAC VALVE REPLACEMENT AND SUPPLEMENT PROCEDURES WITH MCC,35,180383.31429,48101.942857,47199.971429
450462,Texas Health Presbyterian Hospital  Dallas,Dallas,8200 Walnut Hill Lane,48,75231,TX,1.0,"Metropolitan area core: primary flow within an urbanized area of 50,000 and greater",267,ENDOVASCULAR CARDIAC VALVE REPLACEMENT AND SUPPLEMENT PROCEDURES WITHOUT MCC,113,133362.86726,38581.946903,37909.964602
450537,Methodist Richardson Medical Center,Richardson,2831 E President George Bush Highway,48,75082,TX,1.0,"Metropolitan area core: primary flow within an urbanized area of 50,000 and greater",267,ENDOVASCULAR CARDIAC VALVE REPLACEMENT AND SUPPLEMENT PROCEDURES WITHOUT MCC,13,108343.38462,41861.846154,32168.692308
450571,Shannon Medical Center,San Angelo,120 E Harris Ave.,48,76903,TX,1.0,"Metropolitan area core: primary flow within an urbanized area of 50,000 and greater",267,ENDOVASCULAR CARDIAC VALVE REPLACEMENT AND SUPPLEMENT PROCEDURES WITHOUT MCC,14,180050.42857,44912.0,28119.357143
450610,Memorial Hermann Memorial City Medical Center,Houston,921 Gessner,48,77024,TX,1.0,"Metropolitan area core: primary flow within an urbanized area of 50,000 and greater",266,ENDOVASCULAR CARDIAC VALVE REPLACEMENT AND SUPPLEMENT PROCEDURES WITH MCC,37,144572.97297,49449.972973,45866.891892
450610,Memorial Hermann Memorial City Medical Center,Houston,921 Gessner,48,77024,TX,1.0,"Metropolitan area core: primary flow within an urbanized area of 50,000 and greater",267,ENDOVASCULAR CARDIAC VALVE REPLACEMENT AND SUPPLEMENT PROCEDURES WITHOUT MCC,22,126707.18182,43033.590909,36102.363636
450617,Hca Houston Healthcare Clear Lake,Webster,500 Medical Center Blvd,48,77598,TX,1.0,"Metropolitan area core: primary flow within an urbanized area of 50,000 and greater",266,ENDOVASCULAR CARDIAC VALVE REPLACEMENT AND SUPPLEMENT PROCEDURES WITH MCC,16,398971.3125,47649.3125,46907.25
450617,Hca Houston Healthcare Clear Lake,Webster,500 Medical Center Blvd,48,77598,TX,1.0,"Metropolitan area core: primary flow within an urbanized area of 50,000 and greater",267,ENDOVASCULAR CARDIAC VALVE REPLACEMENT AND SUPPLEMENT PROCEDURES WITHOUT MCC,22,328310.95455,40480.5,35007.818182
450647,Medical City Dallas,Dallas,7777 Forest Lane,48,75230,TX,1.0,"Metropolitan area core: primary flow within an urbanized area of 50,000 and greater",266,ENDOVASCULAR CARDIAC VALVE REPLACEMENT AND SUPPLEMENT PROCEDURES WITH MCC,41,542865.21951,62238.341463,45425.04878
450659,Hca Houston Healthcare Medical Center,Houston,1313 Hermann Dr,48,77004,TX,1.0,"Metropolitan area core: primary flow within an urbanized area of 50,000 and greater",266,ENDOVASCULAR CARDIAC VALVE REPLACEMENT AND SUPPLEMENT PROCEDURES WITH MCC,35,443229.25714,52575.971429,49639.942857
450659,Hca Houston Healthcare Medical Center,Houston,1313 Hermann Dr,48,77004,TX,1.0,"Metropolitan area core: primary flow within an urbanized area of 50,000 and greater",267,ENDOVASCULAR CARDIAC VALVE REPLACEMENT AND SUPPLEMENT PROCEDURES WITHOUT MCC,36,261138.72222,40653.444444,34823.555556
450668,Sierra Medical Center,El Paso,1625 Medical Center Dr,48,79902,TX,1.0,"Metropolitan area core: primary flow within an urbanized area of 50,000 and greater",266,ENDOVASCULAR CARDIAC VALVE REPLACEMENT AND SUPPLEMENT PROCEDURES WITH MCC,27,641711.96296,45930.481481,44886.185185
450668,Sierra Medical Center,El Paso,1625 Medical Center Dr,48,79902,TX,1.0,"Metropolitan area core: primary flow within an urbanized area of 50,000 and greater",267,ENDOVASCULAR CARDIAC VALVE REPLACEMENT AND SUPPLEMENT PROCEDURES WITHOUT MCC,17,586632.82353,34659.941176,33437.764706
450672,Medical City Fort Worth,Fort Worth,900 Eighth Avenue,48,76104,TX,1.0,"Metropolitan area core: primary flow within an urbanized area of 50,000 and greater",266,ENDOVASCULAR CARDIAC VALVE REPLACEMENT AND SUPPLEMENT PROCEDURES WITH MCC,14,703169.0,65253.642857,49681.357143
450672,Medical City Fort Worth,Fort Worth,900 Eighth Avenue,48,76104,TX,1.0,"Metropolitan area core: primary flow within an urbanized area of 50,000 and greater",267,ENDOVASCULAR CARDIAC VALVE REPLACEMENT AND SUPPLEMENT PROCEDURES WITHOUT MCC,23,668935.30435,44843.478261,43003.173913
450686,University Medical Center,Lubbock,602 Indiana Avenue,48,79415,TX,1.0,"Metropolitan area core: primary flow within an urbanized area of 50,000 and greater",267,ENDOVASCULAR CARDIAC VALVE REPLACEMENT AND SUPPLEMENT PROCEDURES WITHOUT MCC,20,261194.6,44476.9,43407.15
450702,Longview Regional Medical Center,Longview,2901 N Fourth St,48,75605,TX,1.0,"Metropolitan area core: primary flow within an urbanized area of 50,000 and greater",266,ENDOVASCULAR CARDIAC VALVE REPLACEMENT AND SUPPLEMENT PROCEDURES WITH MCC,35,444004.68571,41943.771429,40712.028571
450702,Longview Regional Medical Center,Longview,2901 N Fourth St,48,75605,TX,1.0,"Metropolitan area core: primary flow within an urbanized area of 50,000 and greater",267,ENDOVASCULAR CARDIAC VALVE REPLACEMENT AND SUPPLEMENT PROCEDURES WITHOUT MCC,22,371858.90909,32693.818182,31206.409091
450713,St David's South Austin Medical Center,Austin,901 West Ben White Blvd,48,78704,TX,1.0,"Metropolitan area core: primary flow within an urbanized area of 50,000 and greater",266,ENDOVASCULAR CARDIAC VALVE REPLACEMENT AND SUPPLEMENT PROCEDURES WITH MCC,17,687091.64706,51804.352941,50756.882353
450713,St David's South Austin Medical Center,Austin,901 West Ben White Blvd,48,78704,TX,1.0,"Metropolitan area core: primary flow within an urbanized area of 50,000 and greater",267,ENDOVASCULAR CARDIAC VALVE REPLACEMENT AND SUPPLEMENT PROCEDURES WITHOUT MCC,17,611130.0,39166.705882,37944.470588
450788,"Corpus Christi Medical Center,the",Corpus Christi,6629 Woodridge Road,48,78414,TX,1.0,"Metropolitan area core: primary flow within an urbanized area of 50,000 and greater",267,ENDOVASCULAR CARDIAC VALVE REPLACEMENT AND SUPPLEMENT PROCEDURES WITHOUT MCC,16,368261.8125,39812.0,35370.4375
450820,Houston Methodist Sugarland Hospital,Sugar Land,16655 Southwest Freeway,48,77479,TX,1.0,"Metropolitan area core: primary flow within an urbanized area of 50,000 and greater",267,ENDOVASCULAR CARDIAC VALVE REPLACEMENT AND SUPPLEMENT PROCEDURES WITHOUT MCC,11,292534.18182,38467.272727,37118.181818
450851,Baylor Scott And White Heart And Vascular Hospital,Dallas,621 North Hall Street,48,75226,TX,1.0,"Metropolitan area core: primary flow within an urbanized area of 50,000 and greater",266,ENDOVASCULAR CARDIAC VALVE REPLACEMENT AND SUPPLEMENT PROCEDURES WITH MCC,63,190848.73016,47783.206349,47241.444444
450851,Baylor Scott And White Heart And Vascular Hospital,Dallas,621 North Hall Street,48,75226,TX,1.0,"Metropolitan area core: primary flow within an urbanized area of 50,000 and greater",267,ENDOVASCULAR CARDIAC VALVE REPLACEMENT AND SUPPLEMENT PROCEDURES WITHOUT MCC,108,177224.26852,37315.481481,36573.481481
450862,St Luke's The Woodlands Hospital,The Woodlands,17200 St Luke's Way,48,77384,TX,1.1,"Secondary flow 30% to <50% to a larger urbanized area of 50,000 and greater",266,ENDOVASCULAR CARDIAC VALVE REPLACEMENT AND SUPPLEMENT PROCEDURES WITH MCC,15,240157.13333,51988.2,42261.2
450862,St Luke's The Woodlands Hospital,The Woodlands,17200 St Luke's Way,48,77384,TX,1.1,"Secondary flow 30% to <50% to a larger urbanized area of 50,000 and greater",267,ENDOVASCULAR CARDIAC VALVE REPLACEMENT AND SUPPLEMENT PROCEDURES WITHOUT MCC,13,231192.61538,42854.923077,32385.846154
450869,Doctors Hospital At Renaissance,Edinburg,5501 South Mccoll,48,78539,TX,1.0,"Metropolitan area core: primary flow within an urbanized area of 50,000 and greater",266,ENDOVASCULAR CARDIAC VALVE REPLACEMENT AND SUPPLEMENT PROCEDURES WITH MCC,16,181194.1875,59366.0,43644.5625
450876,Lubbock Heart Hospital Lp,Lubbock,4810 North Loop 289,48,79416,TX,1.0,"Metropolitan area core: primary flow within an urbanized area of 50,000 and greater",266,ENDOVASCULAR CARDIAC VALVE REPLACEMENT AND SUPPLEMENT PROCEDURES WITH MCC,12,325736.58333,68222.333333,67362.833333
450876,Lubbock Heart Hospital Lp,Lubbock,4810 North Loop 289,48,79416,TX,1.0,"Metropolitan area core: primary flow within an urbanized area of 50,000 and greater",267,ENDOVASCULAR CARDIAC VALVE REPLACEMENT AND SUPPLEMENT PROCEDURES WITHOUT MCC,13,252962.07692,50131.0,45094.769231
460001,Utah Valley Hospital,Provo,1034 North 500 West,49,84604,UT,1.0,"Metropolitan area core: primary flow within an urbanized area of 50,000 and greater",266,ENDOVASCULAR CARDIAC VALVE REPLACEMENT AND SUPPLEMENT PROCEDURES WITH MCC,31,160567.22581,50985.870968,50027.967742
460001,Utah Valley Hospital,Provo,1034 North 500 West,49,84604,UT,1.0,"Metropolitan area core: primary flow within an urbanized area of 50,000 and greater",267,ENDOVASCULAR CARDIAC VALVE REPLACEMENT AND SUPPLEMENT PROCEDURES WITHOUT MCC,21,144691.52381,42703.761905,36268.238095
460004,Mckay Dee Hospital,Ogden,4401 Harrison Boulevard,49,84403,UT,1.0,"Metropolitan area core: primary flow within an urbanized area of 50,000 and greater",266,ENDOVASCULAR CARDIAC VALVE REPLACEMENT AND SUPPLEMENT PROCEDURES WITH MCC,22,178010.77273,51992.818182,50874.772727
460004,Mckay Dee Hospital,Ogden,4401 Harrison Boulevard,49,84403,UT,1.0,"Metropolitan area core: primary flow within an urbanized area of 50,000 and greater",267,ENDOVASCULAR CARDIAC VALVE REPLACEMENT AND SUPPLEMENT PROCEDURES WITHOUT MCC,11,139953.27273,39557.909091,38059.909091
460009,University Of Utah Hospitals And Clinics,Salt Lake City,50 North Medical Drive,49,84132,UT,1.0,"Metropolitan area core: primary flow within an urbanized area of 50,000 and greater",266,ENDOVASCULAR CARDIAC VALVE REPLACEMENT AND SUPPLEMENT PROCEDURES WITH MCC,22,206028.22727,71811.227273,67755.318182
460009,University Of Utah Hospitals And Clinics,Salt Lake City,50 North Medical Drive,49,84132,UT,1.0,"Metropolitan area core: primary flow within an urbanized area of 50,000 and greater",267,ENDOVASCULAR CARDIAC VALVE REPLACEMENT AND SUPPLEMENT PROCEDURES WITHOUT MCC,59,145788.54237,51368.440678,48055.576271
460010,Intermountain Medical Center,Murray,5121 South Cottonwood Street,49,84107,UT,1.0,"Metropolitan area core: primary flow within an urbanized area of 50,000 and greater",266,ENDOVASCULAR CARDIAC VALVE REPLACEMENT AND SUPPLEMENT PROCEDURES WITH MCC,46,177387.58696,58039.521739,51192.934783
460010,Intermountain Medical Center,Murray,5121 South Cottonwood Street,49,84107,UT,1.0,"Metropolitan area core: primary flow within an urbanized area of 50,000 and greater",267,ENDOVASCULAR CARDIAC VALVE REPLACEMENT AND SUPPLEMENT PROCEDURES WITHOUT MCC,122,129269.08197,43348.090164,40312.647541
460021,St George Regional Hospital,St George,1380 East Medical Center Drive,49,84790,UT,1.0,"Metropolitan area core: primary flow within an urbanized area of 50,000 and greater",266,ENDOVASCULAR CARDIAC VALVE REPLACEMENT AND SUPPLEMENT PROCEDURES WITH MCC,21,134333.95238,55916.238095,49342.142857
460021,St George Regional Hospital,St George,1380 East Medical Center Drive,49,84790,UT,1.0,"Metropolitan area core: primary flow within an urbanized area of 50,000 and greater",267,ENDOVASCULAR CARDIAC VALVE REPLACEMENT AND SUPPLEMENT PROCEDURES WITHOUT MCC,61,122434.93443,41744.704918,40528.311475
460047,St Mark's Hospital,Salt Lake City,1200 East 3900 South,49,84124,UT,1.0,"Metropolitan area core: primary flow within an urbanized area of 50,000 and greater",266,ENDOVASCULAR CARDIAC VALVE REPLACEMENT AND SUPPLEMENT PROCEDURES WITH MCC,23,287245.65217,52706.956522,43991.913043
460047,St Mark's Hospital,Salt Lake City,1200 East 3900 South,49,84124,UT,1.0,"Metropolitan area core: primary flow within an urbanized area of 50,000 and greater",267,ENDOVASCULAR CARDIAC VALVE REPLACEMENT AND SUPPLEMENT PROCEDURES WITHOUT MCC,43,201799.04651,41726.604651,36365.27907
470003,University Of Vermont Medical Center,Burlington,111 Colchester Ave,50,5401,VT,1.0,"Metropolitan area core: primary flow within an urbanized area of 50,000 and greater",266,ENDOVASCULAR CARDIAC VALVE REPLACEMENT AND SUPPLEMENT PROCEDURES WITH MCC,35,181608.91429,45332.057143,39042.428571
470003,University Of Vermont Medical Center,Burlington,111 Colchester Ave,50,5401,VT,1.0,"Metropolitan area core: primary flow within an urbanized area of 50,000 and greater",267,ENDOVASCULAR CARDIAC VALVE REPLACEMENT AND SUPPLEMENT PROCEDURES WITHOUT MCC,148,144476.01351,32211.358108,30677.439189
490004,Sentara Rmh Medical Center,Harrisonburg,2010 Health Campus Drive,51,22801,VA,1.0,"Metropolitan area core: primary flow within an urbanized area of 50,000 and greater",266,ENDOVASCULAR CARDIAC VALVE REPLACEMENT AND SUPPLEMENT PROCEDURES WITH MCC,18,101546.77778,55547.333333,54701.555556
490004,Sentara Rmh Medical Center,Harrisonburg,2010 Health Campus Drive,51,22801,VA,1.0,"Metropolitan area core: primary flow within an urbanized area of 50,000 and greater",267,ENDOVASCULAR CARDIAC VALVE REPLACEMENT AND SUPPLEMENT PROCEDURES WITHOUT MCC,28,95184.107143,45654.071429,39556.857143
490005,Winchester Medical Center,Winchester,1840 Amherst St,51,22601,VA,1.0,"Metropolitan area core: primary flow within an urbanized area of 50,000 and greater",267,ENDOVASCULAR CARDIAC VALVE REPLACEMENT AND SUPPLEMENT PROCEDURES WITHOUT MCC,51,171874.0,44973.843137,40899.803922
490007,Sentara Norfolk General Hospital,Norfolk,600 Gresham Dr,51,23507,VA,1.0,"Metropolitan area core: primary flow within an urbanized area of 50,000 and greater",266,ENDOVASCULAR CARDIAC VALVE REPLACEMENT AND SUPPLEMENT PROCEDURES WITH MCC,126,193515.63492,56682.349206,53164.428571
490007,Sentara Norfolk General Hospital,Norfolk,600 Gresham Dr,51,23507,VA,1.0,"Metropolitan area core: primary flow within an urbanized area of 50,000 and greater",267,ENDOVASCULAR CARDIAC VALVE REPLACEMENT AND SUPPLEMENT PROCEDURES WITHOUT MCC,403,103025.87097,43181.439206,39146.645161
490009,University Of Virginia Medical Center,Charlottesville,1215 Lee Street,51,22908,VA,1.0,"Metropolitan area core: primary flow within an urbanized area of 50,000 and greater",266,ENDOVASCULAR CARDIAC VALVE REPLACEMENT AND SUPPLEMENT PROCEDURES WITH MCC,84,244822.20238,76151.464286,64920.238095
490009,University Of Virginia Medical Center,Charlottesville,1215 Lee Street,51,22908,VA,1.0,"Metropolitan area core: primary flow within an urbanized area of 50,000 and greater",267,ENDOVASCULAR CARDIAC VALVE REPLACEMENT AND SUPPLEMENT PROCEDURES WITHOUT MCC,173,195494.23699,54201.589595,49760.924855
490021,"Centra  Health, Inc",Lynchburg,1901 Tate Springs Road,51,24501,VA,1.0,"Metropolitan area core: primary flow within an urbanized area of 50,000 and greater",266,ENDOVASCULAR CARDIAC VALVE REPLACEMENT AND SUPPLEMENT PROCEDURES WITH MCC,25,204233.8,55205.32,47883.2
490021,"Centra  Health, Inc",Lynchburg,1901 Tate Springs Road,51,24501,VA,1.0,"Metropolitan area core: primary flow within an urbanized area of 50,000 and greater",267,ENDOVASCULAR CARDIAC VALVE REPLACEMENT AND SUPPLEMENT PROCEDURES WITHOUT MCC,121,144153.77686,38817.380165,35621.363636
490022,"Mary Washington Hospital, Inc",Fredericksburg,1001 Sam Perry Boulevard,51,22401,VA,1.1,"Secondary flow 30% to <50% to a larger urbanized area of 50,000 and greater",266,ENDOVASCULAR CARDIAC VALVE REPLACEMENT AND SUPPLEMENT PROCEDURES WITH MCC,40,183972.65,48630.225,45083.1
490022,"Mary Washington Hospital, Inc",Fredericksburg,1001 Sam Perry Boulevard,51,22401,VA,1.1,"Secondary flow 30% to <50% to a larger urbanized area of 50,000 and greater",267,ENDOVASCULAR CARDIAC VALVE REPLACEMENT AND SUPPLEMENT PROCEDURES WITHOUT MCC,46,173854.84783,40151.717391,33486.543478
490024,Carilion Roanoke Memorial Hospital,Roanoke,"1906 Belleview Avenue, Se",51,24014,VA,1.0,"Metropolitan area core: primary flow within an urbanized area of 50,000 and greater",266,ENDOVASCULAR CARDIAC VALVE REPLACEMENT AND SUPPLEMENT PROCEDURES WITH MCC,43,199582.81395,48474.581395,46624.511628
490024,Carilion Roanoke Memorial Hospital,Roanoke,"1906 Belleview Avenue, Se",51,24014,VA,1.0,"Metropolitan area core: primary flow within an urbanized area of 50,000 and greater",267,ENDOVASCULAR CARDIAC VALVE REPLACEMENT AND SUPPLEMENT PROCEDURES WITHOUT MCC,104,173759.93269,41548.201923,35588.942308
490032,Medical College Of Virginia Hospitals,Richmond,Post Office Box 980510   1250 East Marshall Street,51,23298,VA,1.0,"Metropolitan area core: primary flow within an urbanized area of 50,000 and greater",266,ENDOVASCULAR CARDIAC VALVE REPLACEMENT AND SUPPLEMENT PROCEDURES WITH MCC,20,204593.15,68432.1,57904.35
490032,Medical College Of Virginia Hospitals,Richmond,Post Office Box 980510   1250 East Marshall Street,51,23298,VA,1.0,"Metropolitan area core: primary flow within an urbanized area of 50,000 and greater",267,ENDOVASCULAR CARDIAC VALVE REPLACEMENT AND SUPPLEMENT PROCEDURES WITHOUT MCC,83,142373.01205,50464.457831,48078.39759
490048,Lewisgale Medical Center,Salem,1900 Electric Road,51,24153,VA,1.0,"Metropolitan area core: primary flow within an urbanized area of 50,000 and greater",267,ENDOVASCULAR CARDIAC VALVE REPLACEMENT AND SUPPLEMENT PROCEDURES WITHOUT MCC,15,486799.2,47329.0,35122.666667
490050,Virginia Hospital Center,Arlington,1701 North George Mason Drive,51,22205,VA,1.0,"Metropolitan area core: primary flow within an urbanized area of 50,000 and greater",266,ENDOVASCULAR CARDIAC VALVE REPLACEMENT AND SUPPLEMENT PROCEDURES WITH MCC,27,260076.22222,64472.074074,49953.259259
490050,Virginia Hospital Center,Arlington,1701 North George Mason Drive,51,22205,VA,1.0,"Metropolitan area core: primary flow within an urbanized area of 50,000 and greater",267,ENDOVASCULAR CARDIAC VALVE REPLACEMENT AND SUPPLEMENT PROCEDURES WITHOUT MCC,11,230534.72727,54703.181818,42692.909091
490059,Bon Secours St Marys Hospital,Richmond,5801 Bremo Rd,51,23226,VA,1.0,"Metropolitan area core: primary flow within an urbanized area of 50,000 and greater",266,ENDOVASCULAR CARDIAC VALVE REPLACEMENT AND SUPPLEMENT PROCEDURES WITH MCC,22,288506.5,49288.363636,48227.0
490059,Bon Secours St Marys Hospital,Richmond,5801 Bremo Rd,51,23226,VA,1.0,"Metropolitan area core: primary flow within an urbanized area of 50,000 and greater",267,ENDOVASCULAR CARDIAC VALVE REPLACEMENT AND SUPPLEMENT PROCEDURES WITHOUT MCC,33,271268.21212,43163.121212,36332.878788
490063,Inova Fairfax Hospital,Falls Church,3300 Gallows Road,51,22042,VA,1.0,"Metropolitan area core: primary flow within an urbanized area of 50,000 and greater",266,ENDOVASCULAR CARDIAC VALVE REPLACEMENT AND SUPPLEMENT PROCEDURES WITH MCC,150,154729.48667,56779.066667,51925.1
490063,Inova Fairfax Hospital,Falls Church,3300 Gallows Road,51,22042,VA,1.0,"Metropolitan area core: primary flow within an urbanized area of 50,000 and greater",267,ENDOVASCULAR CARDIAC VALVE REPLACEMENT AND SUPPLEMENT PROCEDURES WITHOUT MCC,185,132592.94054,44777.037838,39929.659459
490069,Bon Secours Memorial Regional Medical Center,Mechanicsville,8260 Atlee Road,51,23116,VA,1.0,"Metropolitan area core: primary flow within an urbanized area of 50,000 and greater",266,ENDOVASCULAR CARDIAC VALVE REPLACEMENT AND SUPPLEMENT PROCEDURES WITH MCC,26,278642.23077,49798.538462,48191.192308
490069,Bon Secours Memorial Regional Medical Center,Mechanicsville,8260 Atlee Road,51,23116,VA,1.0,"Metropolitan area core: primary flow within an urbanized area of 50,000 and greater",267,ENDOVASCULAR CARDIAC VALVE REPLACEMENT AND SUPPLEMENT PROCEDURES WITHOUT MCC,25,245569.12,37715.28,36158.92
490112,Cjw Medical Center,Richmond,7101 Jahnke Road,51,23235,VA,1.0,"Metropolitan area core: primary flow within an urbanized area of 50,000 and greater",266,ENDOVASCULAR CARDIAC VALVE REPLACEMENT AND SUPPLEMENT PROCEDURES WITH MCC,55,592001.61818,50869.309091,43512.836364
490112,Cjw Medical Center,Richmond,7101 Jahnke Road,51,23235,VA,1.0,"Metropolitan area core: primary flow within an urbanized area of 50,000 and greater",267,ENDOVASCULAR CARDIAC VALVE REPLACEMENT AND SUPPLEMENT PROCEDURES WITHOUT MCC,39,520619.38462,36274.307692,35001.0
490118,Henrico Doctors' Hospital,Richmond,1602 Skipwith Road,51,23229,VA,1.0,"Metropolitan area core: primary flow within an urbanized area of 50,000 and greater",266,ENDOVASCULAR CARDIAC VALVE REPLACEMENT AND SUPPLEMENT PROCEDURES WITH MCC,58,553581.03448,46696.931034,45320.637931
490118,Henrico Doctors' Hospital,Richmond,1602 Skipwith Road,51,23229,VA,1.0,"Metropolitan area core: primary flow within an urbanized area of 50,000 and greater",267,ENDOVASCULAR CARDIAC VALVE REPLACEMENT AND SUPPLEMENT PROCEDURES WITHOUT MCC,20,455206.0,35737.3,34249.55
500005,Virginia Mason Medical Center,Seattle,925 Seneca St,53,98101,WA,1.0,"Metropolitan area core: primary flow within an urbanized area of 50,000 and greater",266,ENDOVASCULAR CARDIAC VALVE REPLACEMENT AND SUPPLEMENT PROCEDURES WITH MCC,35,208736.42857,68689.057143,66113.371429
500005,Virginia Mason Medical Center,Seattle,925 Seneca St,53,98101,WA,1.0,"Metropolitan area core: primary flow within an urbanized area of 50,000 and greater",267,ENDOVASCULAR CARDIAC VALVE REPLACEMENT AND SUPPLEMENT PROCEDURES WITHOUT MCC,63,172755.04762,51236.222222,49470.0
500008,University Of Washington Medical Ctr,Seattle,1959 Ne Pacific St  Box 356151,53,98195,WA,1.0,"Metropolitan area core: primary flow within an urbanized area of 50,000 and greater",266,ENDOVASCULAR CARDIAC VALVE REPLACEMENT AND SUPPLEMENT PROCEDURES WITH MCC,95,243523.51579,77880.252632,69934.505263
500008,University Of Washington Medical Ctr,Seattle,1959 Ne Pacific St  Box 356151,53,98195,WA,1.0,"Metropolitan area core: primary flow within an urbanized area of 50,000 and greater",267,ENDOVASCULAR CARDIAC VALVE REPLACEMENT AND SUPPLEMENT PROCEDURES WITHOUT MCC,248,155418.20161,53982.415323,50948.314516
500014,Providence Regional Medical Center Everett,Everett,1321 Colby Avenue,53,98201,WA,1.0,"Metropolitan area core: primary flow within an urbanized area of 50,000 and greater",266,ENDOVASCULAR CARDIAC VALVE REPLACEMENT AND SUPPLEMENT PROCEDURES WITH MCC,32,175522.6875,53632.25,52634.5625
500014,Providence Regional Medical Center Everett,Everett,1321 Colby Avenue,53,98201,WA,1.0,"Metropolitan area core: primary flow within an urbanized area of 50,000 and greater",267,ENDOVASCULAR CARDIAC VALVE REPLACEMENT AND SUPPLEMENT PROCEDURES WITHOUT MCC,24,157386.875,43406.708333,42099.75
500016,Central Washington Hospital,Wenatchee,1201 South Miller Street,53,98807,WA,1.0,"Metropolitan area core: primary flow within an urbanized area of 50,000 and greater",267,ENDOVASCULAR CARDIAC VALVE REPLACEMENT AND SUPPLEMENT PROCEDURES WITHOUT MCC,31,129581.0,42344.322581,40905.064516
500024,Providence St Peter Hospital,Olympia,413 Lilly Road Ne,53,98506,WA,1.0,"Metropolitan area core: primary flow within an urbanized area of 50,000 and greater",266,ENDOVASCULAR CARDIAC VALVE REPLACEMENT AND SUPPLEMENT PROCEDURES WITH MCC,52,188822.36538,54076.711538,52866.519231
500024,Providence St Peter Hospital,Olympia,413 Lilly Road Ne,53,98506,WA,1.0,"Metropolitan area core: primary flow within an urbanized area of 50,000 and greater",267,ENDOVASCULAR CARDIAC VALVE REPLACEMENT AND SUPPLEMENT PROCEDURES WITHOUT MCC,50,167898.24,44687.74,40059.7
500025,Swedish Medical Center / Cherry Hill,Seattle,500 17th Avenue,53,98122,WA,1.0,"Metropolitan area core: primary flow within an urbanized area of 50,000 and greater",266,ENDOVASCULAR CARDIAC VALVE REPLACEMENT AND SUPPLEMENT PROCEDURES WITH MCC,163,292767.41718,63452.699387,58274.920245
500025,Swedish Medical Center / Cherry Hill,Seattle,500 17th Avenue,53,98122,WA,1.0,"Metropolitan area core: primary flow within an urbanized area of 50,000 and greater",267,ENDOVASCULAR CARDIAC VALVE REPLACEMENT AND SUPPLEMENT PROCEDURES WITHOUT MCC,38,230009.44737,47506.973684,42077.157895
500030,St Joseph Hospital,Bellingham,2901 Squalicum Parkway,53,98225,WA,1.0,"Metropolitan area core: primary flow within an urbanized area of 50,000 and greater",266,ENDOVASCULAR CARDIAC VALVE REPLACEMENT AND SUPPLEMENT PROCEDURES WITH MCC,12,121340.08333,61011.0,59774.333333
500030,St Joseph Hospital,Bellingham,2901 Squalicum Parkway,53,98225,WA,1.0,"Metropolitan area core: primary flow within an urbanized area of 50,000 and greater",267,ENDOVASCULAR CARDIAC VALVE REPLACEMENT AND SUPPLEMENT PROCEDURES WITHOUT MCC,27,111881.0,50163.666667,45197.666667
500039,Harrison Memorial Hospital,Bremerton,2520 Cherry Avenue,53,98310,WA,1.0,"Metropolitan area core: primary flow within an urbanized area of 50,000 and greater",266,ENDOVASCULAR CARDIAC VALVE REPLACEMENT AND SUPPLEMENT PROCEDURES WITH MCC,15,454440.2,77033.666667,76109.6
500039,Harrison Memorial Hospital,Bremerton,2520 Cherry Avenue,53,98310,WA,1.0,"Metropolitan area core: primary flow within an urbanized area of 50,000 and greater",267,ENDOVASCULAR CARDIAC VALVE REPLACEMENT AND SUPPLEMENT PROCEDURES WITHOUT MCC,79,336420.82278,53702.797468,48993.455696
500044,Multicare Deaconess Hospital,Spokane,W 800 Fifth Avenue,53,99210,WA,1.0,"Metropolitan area core: primary flow within an urbanized area of 50,000 and greater",266,ENDOVASCULAR CARDIAC VALVE REPLACEMENT AND SUPPLEMENT PROCEDURES WITH MCC,31,164052.51613,55594.322581,47348.193548
500044,Multicare Deaconess Hospital,Spokane,W 800 Fifth Avenue,53,99210,WA,1.0,"Metropolitan area core: primary flow within an urbanized area of 50,000 and greater",267,ENDOVASCULAR CARDIAC VALVE REPLACEMENT AND SUPPLEMENT PROCEDURES WITHOUT MCC,37,152017.0,41920.702703,40637.243243
500050,Peacehealth Southwest Medical Center,Vancouver,400 Ne Mother Joseph Place,53,98668,WA,1.0,"Metropolitan area core: primary flow within an urbanized area of 50,000 and greater",266,ENDOVASCULAR CARDIAC VALVE REPLACEMENT AND SUPPLEMENT PROCEDURES WITH MCC,46,146844.52174,60877.608696,51417.26087
500050,Peacehealth Southwest Medical Center,Vancouver,400 Ne Mother Joseph Place,53,98668,WA,1.0,"Metropolitan area core: primary flow within an urbanized area of 50,000 and greater",267,ENDOVASCULAR CARDIAC VALVE REPLACEMENT AND SUPPLEMENT PROCEDURES WITHOUT MCC,19,146778.0,44615.894737,43176.947368
500051,Overlake Hospital Medical Center,Bellevue,1035-116th Ave Ne,53,98004,WA,1.0,"Metropolitan area core: primary flow within an urbanized area of 50,000 and greater",266,ENDOVASCULAR CARDIAC VALVE REPLACEMENT AND SUPPLEMENT PROCEDURES WITH MCC,14,207153.64286,52816.357143,51544.214286
500051,Overlake Hospital Medical Center,Bellevue,1035-116th Ave Ne,53,98004,WA,1.0,"Metropolitan area core: primary flow within an urbanized area of 50,000 and greater",267,ENDOVASCULAR CARDIAC VALVE REPLACEMENT AND SUPPLEMENT PROCEDURES WITHOUT MCC,39,174968.35897,41357.358974,40025.564103
500054,Prov Sacred Hrt Med Ctr & Childs Hosp.,Spokane,101 West 8th Avenue,53,99204,WA,1.0,"Metropolitan area core: primary flow within an urbanized area of 50,000 and greater",266,ENDOVASCULAR CARDIAC VALVE REPLACEMENT AND SUPPLEMENT PROCEDURES WITH MCC,123,131899.3252,56050.731707,53559.682927
500054,Prov Sacred Hrt Med Ctr & Childs Hosp.,Spokane,101 West 8th Avenue,53,99204,WA,1.0,"Metropolitan area core: primary flow within an urbanized area of 50,000 and greater",267,ENDOVASCULAR CARDIAC VALVE REPLACEMENT AND SUPPLEMENT PROCEDURES WITHOUT MCC,80,114145.9,44501.9125,41565.5375
500058,Kadlec Regional Medical Center,Richland,888 Swift Blvd,53,99352,WA,1.0,"Metropolitan area core: primary flow within an urbanized area of 50,000 and greater",266,ENDOVASCULAR CARDIAC VALVE REPLACEMENT AND SUPPLEMENT PROCEDURES WITH MCC,24,130262.58333,53807.5,52294.5
500058,Kadlec Regional Medical Center,Richland,888 Swift Blvd,53,99352,WA,1.0,"Metropolitan area core: primary flow within an urbanized area of 50,000 and greater",267,ENDOVASCULAR CARDIAC VALVE REPLACEMENT AND SUPPLEMENT PROCEDURES WITHOUT MCC,22,116200.27273,42847.272727,41412.272727
500108,St Joseph Medical Center,Tacoma,1717 South J Street,53,98405,WA,1.0,"Metropolitan area core: primary flow within an urbanized area of 50,000 and greater",266,ENDOVASCULAR CARDIAC VALVE REPLACEMENT AND SUPPLEMENT PROCEDURES WITH MCC,39,356995.51282,57931.820513,57207.333333
500108,St Joseph Medical Center,Tacoma,1717 South J Street,53,98405,WA,1.0,"Metropolitan area core: primary flow within an urbanized area of 50,000 and greater",267,ENDOVASCULAR CARDIAC VALVE REPLACEMENT AND SUPPLEMENT PROCEDURES WITHOUT MCC,52,327535.76923,45783.865385,42832.211538
500129,Tacoma General Allenmore Hospital,Tacoma,315 S Mlk Jr Way,53,98405,WA,1.0,"Metropolitan area core: primary flow within an urbanized area of 50,000 and greater",266,ENDOVASCULAR CARDIAC VALVE REPLACEMENT AND SUPPLEMENT PROCEDURES WITH MCC,68,248636.94118,60349.338235,54384.558824
500129,Tacoma General Allenmore Hospital,Tacoma,315 S Mlk Jr Way,53,98405,WA,1.0,"Metropolitan area core: primary flow within an urbanized area of 50,000 and greater",267,ENDOVASCULAR CARDIAC VALVE REPLACEMENT AND SUPPLEMENT PROCEDURES WITHOUT MCC,57,226345.64912,45786.964912,44407.578947
510001,West Virginia University Hospitals,Morgantown,1 Medical Center Drive,54,26506,WV,1.0,"Metropolitan area core: primary flow within an urbanized area of 50,000 and greater",266,ENDOVASCULAR CARDIAC VALVE REPLACEMENT AND SUPPLEMENT PROCEDURES WITH MCC,23,181579.69565,58745.478261,56562.826087
510001,West Virginia University Hospitals,Morgantown,1 Medical Center Drive,54,26506,WV,1.0,"Metropolitan area core: primary flow within an urbanized area of 50,000 and greater",267,ENDOVASCULAR CARDIAC VALVE REPLACEMENT AND SUPPLEMENT PROCEDURES WITHOUT MCC,57,105141.26316,42850.842105,38273.789474
510007,St Mary's Medical Center,Huntington,2900 1st Avenue,54,25702,WV,1.0,"Metropolitan area core: primary flow within an urbanized area of 50,000 and greater",267,ENDOVASCULAR CARDIAC VALVE REPLACEMENT AND SUPPLEMENT PROCEDURES WITHOUT MCC,42,143011.85714,37098.761905,33763.904762
510022,Charleston Area Medical Center,Charleston,501 Morris Street,54,25301,WV,1.0,"Metropolitan area core: primary flow within an urbanized area of 50,000 and greater",266,ENDOVASCULAR CARDIAC VALVE REPLACEMENT AND SUPPLEMENT PROCEDURES WITH MCC,38,299918.78947,57831.210526,54551.315789
510022,Charleston Area Medical Center,Charleston,501 Morris Street,54,25301,WV,1.0,"Metropolitan area core: primary flow within an urbanized area of 50,000 and greater",267,ENDOVASCULAR CARDIAC VALVE REPLACEMENT AND SUPPLEMENT PROCEDURES WITHOUT MCC,75,208583.74667,38105.253333,36976.813333
510024,Mon Health Medical Center,Morgantown,1200 Jd Anderson Drive,54,26505,WV,1.0,"Metropolitan area core: primary flow within an urbanized area of 50,000 and greater",267,ENDOVASCULAR CARDIAC VALVE REPLACEMENT AND SUPPLEMENT PROCEDURES WITHOUT MCC,34,139332.44118,35082.735294,33807.970588
520008,Prohealth Waukesha Memorial Hospital,Waukesha,725 American Ave,55,53188,WI,1.0,"Metropolitan area core: primary flow within an urbanized area of 50,000 and greater",267,ENDOVASCULAR CARDIAC VALVE REPLACEMENT AND SUPPLEMENT PROCEDURES WITHOUT MCC,20,197767.05,37195.8,35837.45
520009,Ascension Ne Wisconsin - St Elizabeth Campus,Appleton,1506 S Oneida St,55,54915,WI,1.0,"Metropolitan area core: primary flow within an urbanized area of 50,000 and greater",266,ENDOVASCULAR CARDIAC VALVE REPLACEMENT AND SUPPLEMENT PROCEDURES WITH MCC,13,88995.153846,46440.615385,45157.846154
520009,Ascension Ne Wisconsin - St Elizabeth Campus,Appleton,1506 S Oneida St,55,54915,WI,1.0,"Metropolitan area core: primary flow within an urbanized area of 50,000 and greater",267,ENDOVASCULAR CARDIAC VALVE REPLACEMENT AND SUPPLEMENT PROCEDURES WITHOUT MCC,16,100956.9375,37193.1875,35866.8125
520013,Sacred Heart Hospital,Eau Claire,900 W Clairemont Ave,55,54701,WI,1.0,"Metropolitan area core: primary flow within an urbanized area of 50,000 and greater",267,ENDOVASCULAR CARDIAC VALVE REPLACEMENT AND SUPPLEMENT PROCEDURES WITHOUT MCC,16,90523.75,40623.25,39492.375
520030,Aspirus Wausau Hospital,Wausau,333 Pine Ridge Blvd,55,54401,WI,1.0,"Metropolitan area core: primary flow within an urbanized area of 50,000 and greater",266,ENDOVASCULAR CARDIAC VALVE REPLACEMENT AND SUPPLEMENT PROCEDURES WITH MCC,85,128879.74118,48080.635294,47398.988235
520030,Aspirus Wausau Hospital,Wausau,333 Pine Ridge Blvd,55,54401,WI,1.0,"Metropolitan area core: primary flow within an urbanized area of 50,000 and greater",267,ENDOVASCULAR CARDIAC VALVE REPLACEMENT AND SUPPLEMENT PROCEDURES WITHOUT MCC,13,114106.92308,37980.615385,37133.769231
520037,Marshfield Medical Center,Marshfield,611 St Joseph Ave,55,54449,WI,4.0,"Micropolitan area core: primary flow within an urban cluster of 10,000 to 49,999",266,ENDOVASCULAR CARDIAC VALVE REPLACEMENT AND SUPPLEMENT PROCEDURES WITH MCC,14,161163.57143,58367.428571,56796.785714
520037,Marshfield Medical Center,Marshfield,611 St Joseph Ave,55,54449,WI,4.0,"Micropolitan area core: primary flow within an urban cluster of 10,000 to 49,999",267,ENDOVASCULAR CARDIAC VALVE REPLACEMENT AND SUPPLEMENT PROCEDURES WITHOUT MCC,49,128865.20408,44724.795918,43496.204082
520049,Bellin Memorial Hospital,Green Bay,744 S Webster Ave,55,54305,WI,1.0,"Metropolitan area core: primary flow within an urbanized area of 50,000 and greater",266,ENDOVASCULAR CARDIAC VALVE REPLACEMENT AND SUPPLEMENT PROCEDURES WITH MCC,19,100628.31579,45860.631579,45548.210526
520049,Bellin Memorial Hospital,Green Bay,744 S Webster Ave,55,54305,WI,1.0,"Metropolitan area core: primary flow within an urbanized area of 50,000 and greater",267,ENDOVASCULAR CARDIAC VALVE REPLACEMENT AND SUPPLEMENT PROCEDURES WITHOUT MCC,74,79909.621622,36714.554054,36090.608108
520066,Mercy Health System Corp,Janesville,1000 Mineral Point Ave,55,53548,WI,1.0,"Metropolitan area core: primary flow within an urbanized area of 50,000 and greater",267,ENDOVASCULAR CARDIAC VALVE REPLACEMENT AND SUPPLEMENT PROCEDURES WITHOUT MCC,22,169062.31818,38468.5,37217.090909
520070,Mayo Clinic Health System In Eau Claire,Eau Claire,1221 Whipple St,55,54703,WI,1.0,"Metropolitan area core: primary flow within an urbanized area of 50,000 and greater",267,ENDOVASCULAR CARDIAC VALVE REPLACEMENT AND SUPPLEMENT PROCEDURES WITHOUT MCC,35,101897.4,40885.028571,39490.6
520075,St Vincent Hospital,Green Bay,835 S Van Buren St,55,54301,WI,1.0,"Metropolitan area core: primary flow within an urbanized area of 50,000 and greater",266,ENDOVASCULAR CARDIAC VALVE REPLACEMENT AND SUPPLEMENT PROCEDURES WITH MCC,16,116779.6875,47281.125,46353.5625
520075,St Vincent Hospital,Green Bay,835 S Van Buren St,55,54301,WI,1.0,"Metropolitan area core: primary flow within an urbanized area of 50,000 and greater",267,ENDOVASCULAR CARDIAC VALVE REPLACEMENT AND SUPPLEMENT PROCEDURES WITHOUT MCC,15,98149.933333,36759.2,35572.0
520083,Ssm Health St Mary's Hospital - Madison,Madison,700 South Park St,55,53715,WI,1.0,"Metropolitan area core: primary flow within an urbanized area of 50,000 and greater",266,ENDOVASCULAR CARDIAC VALVE REPLACEMENT AND SUPPLEMENT PROCEDURES WITH MCC,16,172277.1875,49905.25,48557.25
520083,Ssm Health St Mary's Hospital - Madison,Madison,700 South Park St,55,53715,WI,1.0,"Metropolitan area core: primary flow within an urbanized area of 50,000 and greater",267,ENDOVASCULAR CARDIAC VALVE REPLACEMENT AND SUPPLEMENT PROCEDURES WITHOUT MCC,90,129913.32222,39822.422222,38519.277778
520087,Gundersen Lutheran Medical Center,La Crosse,1910 South Ave,55,54601,WI,1.0,"Metropolitan area core: primary flow within an urbanized area of 50,000 and greater",266,ENDOVASCULAR CARDIAC VALVE REPLACEMENT AND SUPPLEMENT PROCEDURES WITH MCC,19,138466.10526,53056.157895,52247.315789
520087,Gundersen Lutheran Medical Center,La Crosse,1910 South Ave,55,54601,WI,1.0,"Metropolitan area core: primary flow within an urbanized area of 50,000 and greater",267,ENDOVASCULAR CARDIAC VALVE REPLACEMENT AND SUPPLEMENT PROCEDURES WITHOUT MCC,79,124917.51899,42756.898734,41642.050633
520098,University Of Wi  Hospitals & Clinics Authority,Madison,600 Highland Avenue,55,53792,WI,1.0,"Metropolitan area core: primary flow within an urbanized area of 50,000 and greater",266,ENDOVASCULAR CARDIAC VALVE REPLACEMENT AND SUPPLEMENT PROCEDURES WITH MCC,62,181062.95161,68448.919355,63118.951613
520098,University Of Wi  Hospitals & Clinics Authority,Madison,600 Highland Avenue,55,53792,WI,1.0,"Metropolitan area core: primary flow within an urbanized area of 50,000 and greater",267,ENDOVASCULAR CARDIAC VALVE REPLACEMENT AND SUPPLEMENT PROCEDURES WITHOUT MCC,134,123276.8209,49737.164179,45890.514925
520138,Aurora St Lukes Medical Center,Milwaukee,2900 W Oklahoma Ave,55,53215,WI,1.0,"Metropolitan area core: primary flow within an urbanized area of 50,000 and greater",266,ENDOVASCULAR CARDIAC VALVE REPLACEMENT AND SUPPLEMENT PROCEDURES WITH MCC,86,333047.74419,57168.534884,53222.895349
520138,Aurora St Lukes Medical Center,Milwaukee,2900 W Oklahoma Ave,55,53215,WI,1.0,"Metropolitan area core: primary flow within an urbanized area of 50,000 and greater",267,ENDOVASCULAR CARDIAC VALVE REPLACEMENT AND SUPPLEMENT PROCEDURES WITHOUT MCC,152,257724.84211,42655.651316,40937.328947
520160,Thedacare Regional Medical Center - Appleton Inc,Appleton,1818 N Meade St,55,54911,WI,1.0,"Metropolitan area core: primary flow within an urbanized area of 50,000 and greater",266,ENDOVASCULAR CARDIAC VALVE REPLACEMENT AND SUPPLEMENT PROCEDURES WITH MCC,14,105302.85714,45747.0,45278.428571
520177,Froedtert Memorial Lutheran Hospital,Milwaukee,9200 W Wisconsin Ave,55,53226,WI,1.0,"Metropolitan area core: primary flow within an urbanized area of 50,000 and greater",266,ENDOVASCULAR CARDIAC VALVE REPLACEMENT AND SUPPLEMENT PROCEDURES WITH MCC,46,155217.04348,59506.043478,57464.391304
520177,Froedtert Memorial Lutheran Hospital,Milwaukee,9200 W Wisconsin Ave,55,53226,WI,1.0,"Metropolitan area core: primary flow within an urbanized area of 50,000 and greater",267,ENDOVASCULAR CARDIAC VALVE REPLACEMENT AND SUPPLEMENT PROCEDURES WITHOUT MCC,27,143899.92593,49951.814815,42263.259259
530012,Wyoming Medical Center,Casper,1233 East 2nd St,56,82601,WY,1.0,"Metropolitan area core: primary flow within an urbanized area of 50,000 and greater",266,ENDOVASCULAR CARDIAC VALVE REPLACEMENT AND SUPPLEMENT PROCEDURES WITH MCC,17,131103.05882,62927.411765,61950.941176
530012,Wyoming Medical Center,Casper,1233 East 2nd St,56,82601,WY,1.0,"Metropolitan area core: primary flow within an urbanized area of 50,000 and greater",267,ENDOVASCULAR CARDIAC VALVE REPLACEMENT AND SUPPLEMENT PROCEDURES WITHOUT MCC,17,101547.47059,48157.588235,46665.117647
670025,The Heart Hospital Baylor Plano,Plano,1100 Allied Drive,48,75093,TX,1.0,"Metropolitan area core: primary flow within an urbanized area of 50,000 and greater",266,ENDOVASCULAR CARDIAC VALVE REPLACEMENT AND SUPPLEMENT PROCEDURES WITH MCC,93,195125.06452,46045.580645,45271.666667
670025,The Heart Hospital Baylor Plano,Plano,1100 Allied Drive,48,75093,TX,1.0,"Metropolitan area core: primary flow within an urbanized area of 50,000 and greater",267,ENDOVASCULAR CARDIAC VALVE REPLACEMENT AND SUPPLEMENT PROCEDURES WITHOUT MCC,245,162491.02041,35953.57551,34534.644898
670034,Scott & White Hospital-Round Rock,Round Rock,300 University Blvd,48,78664,TX,1.0,"Metropolitan area core: primary flow within an urbanized area of 50,000 and greater",266,ENDOVASCULAR CARDIAC VALVE REPLACEMENT AND SUPPLEMENT PROCEDURES WITH MCC,57,206929.22807,47290.894737,46675.0
670034,Scott & White Hospital-Round Rock,Round Rock,300 University Blvd,48,78664,TX,1.0,"Metropolitan area core: primary flow within an urbanized area of 50,000 and greater",267,ENDOVASCULAR CARDIAC VALVE REPLACEMENT AND SUPPLEMENT PROCEDURES WITHOUT MCC,35,188856.82857,36512.771429,35570.228571
670071,Texas Health Heart & Vascular Hospital Arlington,Arlington,811 Wright Street,48,76012,TX,1.0,"Metropolitan area core: primary flow within an urbanized area of 50,000 and greater",267,ENDOVASCULAR CARDIAC VALVE REPLACEMENT AND SUPPLEMENT PROCEDURES WITHOUT MCC,36,135295.27778,37889.694444,34492.361111
670077,Houston Methodist West Hospital,Houston,18500 Katy Freeway,48,77094,TX,1.0,"Metropolitan area core: primary flow within an urbanized area of 50,000 and greater",267,ENDOVASCULAR CARDIAC VALVE REPLACEMENT AND SUPPLEMENT PROCEDURES WITHOUT MCC,15,297565.53333,38781.2,37692.933333
670088,Baylor Scott & White Medical Center- College Stati,College Station,700 Scott & White Drive,48,77845,TX,1.0,"Metropolitan area core: primary flow within an urbanized area of 50,000 and greater",266,ENDOVASCULAR CARDIAC VALVE REPLACEMENT AND SUPPLEMENT PROCEDURES WITH MCC,20,191288.25,49364.65,49290.45
670088,Baylor Scott & White Medical Center- College Stati,College Station,700 Scott & White Drive,48,77845,TX,1.0,"Metropolitan area core: primary flow within an urbanized area of 50,000 and greater",267,ENDOVASCULAR CARDIAC VALVE REPLACEMENT AND SUPPLEMENT PROCEDURES WITHOUT MCC,12,159924.16667,37298.0,36432.333333
670122,Houston Methodist The Woodlands Hospital,The Woodlands,17201 Interstate 45 South,48,77385,TX,1.1,"Secondary flow 30% to <50% to a larger urbanized area of 50,000 and greater",267,ENDOVASCULAR CARDIAC VALVE REPLACEMENT AND SUPPLEMENT PROCEDURES WITHOUT MCC,21,327371.80952,43851.428571,35794.380952
